Customer_ID,Days_Since_Last_Purchase,Total_Orders,Total_Spent,R_Score,F_score,M_score,Final_RFM_Score,Segment
10001,25,5,2298.395444900226,4,3,3,10,Loyal Customers
10002,58,7,3406.54646081014,3,4,4,11,Loyal Customers
10003,181,5,2875.8384722113506,1,3,4,8,Potential Loyalists
10004,100,8,4555.787767649018,2,5,5,12,Loyal Customers
10005,80,4,2802.3195424831256,2,2,4,8,Potential Loyalists
10006,14,7,2936.5881029427446,5,4,4,13,Champions
10007,12,5,2571.290083806748,5,3,3,11,Loyal Customers
10008,222,4,2523.7870705197806,1,2,3,6,At Risk
10009,276,2,1009.6177791696504,1,1,1,3,Lost
10010,31,4,1054.137352704167,4,2,1,7,Potential Loyalists
10011,28,7,3149.19747988829,4,4,4,12,Loyal Customers
10012,65,9,5648.683840559279,3,5,5,13,Champions
10013,139,6,3951.6680794694425,1,4,5,10,Loyal Customers
10014,2,5,2157.91908502302,5,3,3,11,Loyal Customers
10015,83,5,2627.281638787456,2,3,3,8,Potential Loyalists
10016,266,4,1691.3447757382412,1,2,2,5,At Risk
10017,60,8,3739.5538164769146,3,5,5,13,Champions
10018,65,4,2173.3050086187477,3,2,3,8,Potential Loyalists
10019,45,8,5071.024421623793,3,5,5,13,Champions
10020,153,5,2079.980940596707,1,3,2,6,At Risk
10021,32,4,2595.525538921868,4,2,3,9,Potential Loyalists
10022,167,4,1717.514155880735,1,2,2,5,At Risk
10023,25,6,3829.0537758695737,4,4,5,13,Champions
10024,79,5,2345.717754601383,2,3,3,8,Potential Loyalists
10025,102,3,1103.9614523575592,2,1,1,4,At Risk
10026,81,5,3463.7855515186097,2,3,4,9,Potential Loyalists
10027,21,8,3573.05639074733,4,5,5,14,Champions
10028,41,14,4935.516239037761,4,5,5,14,Champions
10029,245,3,1042.2597290180652,1,1,1,3,Lost
10030,6,4,1857.728525772624,5,2,2,9,Potential Loyalists
10031,10,4,2912.920167569167,5,2,4,11,Loyal Customers
10032,68,6,3152.8118063112324,3,4,4,11,Loyal Customers
10033,59,4,2368.027774394416,3,2,3,8,Potential Loyalists
10034,159,5,2060.7321273229154,1,3,2,6,At Risk
10035,77,2,1037.6401762016426,2,1,1,4,At Risk
10036,210,1,437.8949462663986,1,1,1,3,Lost
10037,34,5,1664.149370954047,4,3,2,9,Potential Loyalists
10038,73,5,3903.5161687222944,3,3,5,11,Loyal Customers
10039,16,6,2680.1117540549294,5,4,3,12,Loyal Customers
10040,69,2,1076.794613671612,3,1,1,5,At Risk
10041,104,3,2196.143406920707,2,1,3,6,At Risk
10042,61,2,527.1340655299272,3,1,1,5,At Risk
10043,132,3,2025.065652550916,2,1,2,5,At Risk
10044,116,5,2783.422465180575,2,3,4,9,Potential Loyalists
10045,14,7,2925.7317031499874,5,4,4,13,Champions
10046,14,4,1133.388916363231,5,2,1,8,Potential Loyalists
10047,54,1,301.29014987057974,3,1,1,5,At Risk
10048,126,4,1509.4860204891504,2,2,2,6,At Risk
10049,123,5,2220.341188940572,2,3,3,8,Potential Loyalists
10050,98,5,1898.3447812840488,2,3,2,7,Potential Loyalists
10051,13,8,3446.125391418286,5,5,4,14,Champions
10052,100,6,1894.967479121716,2,4,2,8,Potential Loyalists
10053,34,3,1296.8190974913414,4,1,1,6,At Risk
10054,198,4,2204.480587257375,1,2,3,6,At Risk
10055,157,5,3058.494191304687,1,3,4,8,Potential Loyalists
10056,27,7,2188.3855820356757,4,4,3,11,Loyal Customers
10057,56,7,4043.338783418417,3,4,5,12,Loyal Customers
10058,11,3,1379.5804786367144,5,1,1,7,Potential Loyalists
10059,1,8,3032.307984165486,5,5,4,14,Champions
10060,2,6,3829.392343320385,5,4,5,14,Champions
10061,164,6,2593.046725765525,1,4,3,8,Potential Loyalists
10062,18,6,3277.980665782265,5,4,4,13,Champions
10063,60,6,2578.0766564470564,3,4,3,10,Loyal Customers
10064,16,8,3576.798949969636,5,5,5,15,Champions
10065,4,7,3601.682094017845,5,4,5,14,Champions
10066,16,8,3535.3682377172977,5,5,4,14,Champions
10067,45,7,4785.619219358107,3,4,5,12,Loyal Customers
10068,75,5,2392.011616775567,3,3,3,9,Potential Loyalists
10069,6,6,3164.737852325844,5,4,4,13,Champions
10070,25,8,4190.489742875496,4,5,5,14,Champions
10071,111,1,752.8574056633737,2,1,1,4,At Risk
10072,71,10,5216.243637052558,3,5,5,13,Champions
10073,13,7,2464.3392016239163,5,4,3,12,Loyal Customers
10074,33,6,2893.203155608867,4,4,4,12,Loyal Customers
10075,240,2,752.4077177837487,1,1,1,3,Lost
10076,74,4,2415.774151922648,3,2,3,8,Potential Loyalists
10077,55,6,1955.5426448076605,3,4,2,9,Potential Loyalists
10078,233,2,1007.6115157062004,1,1,1,3,Lost
10079,3,7,4245.436753860005,5,4,5,14,Champions
10080,95,4,1572.8654879134206,2,2,2,6,At Risk
10081,100,4,1479.1312853216657,2,2,2,6,At Risk
10082,21,6,3612.725751043896,4,4,5,13,Champions
10083,56,8,3356.010049184164,3,5,4,12,Loyal Customers
10084,289,1,119.69709542913684,1,1,1,3,Lost
10085,54,4,2131.1365529699024,3,2,3,8,Potential Loyalists
10086,152,6,3001.8015688290075,1,4,4,9,Potential Loyalists
10087,176,2,999.3991018003372,1,1,1,3,Lost
10088,139,7,3514.053607263721,1,4,4,9,Potential Loyalists
10089,10,5,2645.281849085744,5,3,3,11,Loyal Customers
10090,10,7,4477.078682230747,5,4,5,14,Champions
10091,1,4,474.02544762114,5,2,1,8,Potential Loyalists
10092,29,6,2101.678180300826,4,4,3,11,Loyal Customers
10093,26,6,1715.4607095711508,4,4,2,10,Loyal Customers
10094,27,5,4585.581357546848,4,3,5,12,Loyal Customers
10095,125,4,2083.972793013844,2,2,2,6,At Risk
10096,42,4,1576.9564381501682,4,2,2,8,Potential Loyalists
10097,96,6,2523.061563773233,2,4,3,9,Potential Loyalists
10098,5,5,1524.8294004057816,5,3,2,10,Loyal Customers
10099,84,7,5131.740638282867,2,4,5,11,Loyal Customers
10100,23,4,2229.9073057941887,4,2,3,9,Potential Loyalists
10101,150,7,3420.102153467499,1,4,4,9,Potential Loyalists
10102,83,5,1639.4915843578135,2,3,2,7,Potential Loyalists
10103,32,5,3139.7274686639344,4,3,4,11,Loyal Customers
10104,130,3,1847.222043000691,2,1,2,5,At Risk
10105,13,7,4245.405217271714,5,4,5,14,Champions
10106,142,9,4789.675741299076,1,5,5,11,Loyal Customers
10107,51,7,2152.2882382032967,3,4,3,10,Loyal Customers
10108,87,7,3516.953120977154,2,4,4,10,Loyal Customers
10109,146,3,1254.7371191951,1,1,1,3,Lost
10110,122,3,1103.4258221169089,2,1,1,4,At Risk
10111,11,5,2704.6798990561683,5,3,3,11,Loyal Customers
10112,4,8,4442.165272626254,5,5,5,15,Champions
10113,207,5,2229.48464904006,1,3,3,7,Potential Loyalists
10114,143,4,2661.6174066926246,1,2,3,6,At Risk
10115,8,4,3463.780645082107,5,2,4,11,Loyal Customers
10116,197,2,665.1540205375618,1,1,1,3,Lost
10117,13,5,2743.716273866872,5,3,4,12,Loyal Customers
10118,124,4,1535.2194902812687,2,2,2,6,At Risk
10119,37,7,2629.695517357173,4,4,3,11,Loyal Customers
10120,4,3,1740.454654904308,5,1,2,8,Potential Loyalists
10121,67,5,2971.062762321855,3,3,4,10,Loyal Customers
10122,88,7,3306.952286087517,2,4,4,10,Loyal Customers
10123,220,4,1882.6490183476665,1,2,2,5,At Risk
10124,29,5,2584.448796527747,4,3,3,10,Loyal Customers
10125,34,3,1585.241819559017,4,1,2,7,Potential Loyalists
10126,81,11,5261.782750139807,2,5,5,12,Loyal Customers
10127,25,6,2705.021721403596,4,4,3,11,Loyal Customers
10128,142,4,1667.5455491474106,1,2,2,5,At Risk
10129,164,3,1442.4068834687612,1,1,2,4,At Risk
10130,33,8,4008.272718657848,4,5,5,14,Champions
10131,7,6,1586.8351317310253,5,4,2,11,Loyal Customers
10132,60,9,3299.4589337558623,3,5,4,12,Loyal Customers
10133,108,4,2176.675112466976,2,2,3,7,Potential Loyalists
10134,182,5,1468.681744394997,1,3,2,6,At Risk
10135,102,4,1877.7516343478733,2,2,2,6,At Risk
10136,40,5,836.2977367766365,4,3,1,8,Potential Loyalists
10137,47,4,1677.8973513515166,3,2,2,7,Potential Loyalists
10138,184,4,1606.6583553552323,1,2,2,5,At Risk
10139,89,5,1808.2339211251096,2,3,2,7,Potential Loyalists
10140,11,4,2112.801016648924,5,2,3,10,Loyal Customers
10141,3,8,3197.52323808583,5,5,4,14,Champions
10142,118,5,1932.4714719637743,2,3,2,7,Potential Loyalists
10143,31,7,3169.5861560960684,4,4,4,12,Loyal Customers
10144,56,6,3411.5581139945352,3,4,4,11,Loyal Customers
10145,366,1,792.176501503648,1,1,1,3,Lost
10146,58,6,2369.0412829584866,3,4,3,10,Loyal Customers
10147,48,3,329.16044431771587,3,1,1,5,At Risk
10148,42,4,2352.6654203354897,4,2,3,9,Potential Loyalists
10149,34,8,3677.967016972733,4,5,5,14,Champions
10150,3,5,1713.309621216366,5,3,2,10,Loyal Customers
10151,3,3,1089.2815601682385,5,1,1,7,Potential Loyalists
10152,31,6,1635.9602525471987,4,4,2,10,Loyal Customers
10153,10,6,3051.7940828353303,5,4,4,13,Champions
10154,69,7,3326.517351658701,3,4,4,11,Loyal Customers
10155,136,6,3433.0773104813998,1,4,4,9,Potential Loyalists
10156,37,4,1168.0451760628512,4,2,1,7,Potential Loyalists
10157,69,4,1471.3156155332326,3,2,2,7,Potential Loyalists
10158,96,4,1818.6107221838856,2,2,2,6,At Risk
10159,48,6,3270.150862557184,3,4,4,11,Loyal Customers
10160,261,6,2492.3730609288514,1,4,3,8,Potential Loyalists
10161,95,7,3067.139696462807,2,4,4,10,Loyal Customers
10162,64,5,3075.781822645982,3,3,4,10,Loyal Customers
10163,12,5,3353.28381525648,5,3,4,12,Loyal Customers
10164,90,4,1134.5661170190583,2,2,1,5,At Risk
10165,21,8,2865.1311770623843,4,5,4,13,Champions
10166,27,6,3731.0676298662256,4,4,5,13,Champions
10167,165,8,4347.803646790549,1,5,5,11,Loyal Customers
10168,241,3,1557.38839751686,1,1,2,4,At Risk
10169,149,5,1455.7326801305126,1,3,2,6,At Risk
10170,6,4,1958.49486484084,5,2,2,9,Potential Loyalists
10171,61,4,2035.27852226656,3,2,2,7,Potential Loyalists
10172,84,7,4794.547796111422,2,4,5,11,Loyal Customers
10173,29,3,521.7025388240354,4,1,1,6,At Risk
10174,271,4,2445.4802490382904,1,2,3,6,At Risk
10175,53,5,2849.82873897131,3,3,4,10,Loyal Customers
10176,52,6,2364.3756020567557,3,4,3,10,Loyal Customers
10177,61,2,980.2724031267104,3,1,1,5,At Risk
10178,29,6,4261.920263668873,4,4,5,13,Champions
10179,53,7,3931.381337004896,3,4,5,12,Loyal Customers
10180,19,5,2382.444495979839,5,3,3,11,Loyal Customers
10181,80,3,1574.1912227275743,2,1,2,5,At Risk
10182,67,4,1277.3809011722046,3,2,1,6,At Risk
10183,53,5,3213.9612665340865,3,3,4,10,Loyal Customers
10184,59,3,1102.217747387012,3,1,1,5,At Risk
10185,51,6,3282.451134993158,3,4,4,11,Loyal Customers
10186,47,5,2333.9078477998555,3,3,3,9,Potential Loyalists
10187,75,3,1913.28142698813,3,1,2,6,At Risk
10188,173,5,2199.5555712356063,1,3,3,7,Potential Loyalists
10189,55,4,2427.166553061831,3,2,3,8,Potential Loyalists
10190,63,4,2019.9362827532368,3,2,2,7,Potential Loyalists
10191,103,4,2142.1309986024653,2,2,3,7,Potential Loyalists
10192,38,6,3474.476275412654,4,4,4,12,Loyal Customers
10193,139,3,2201.8009343029057,1,1,3,5,At Risk
10194,24,9,5508.457667222277,4,5,5,14,Champions
10195,59,5,2596.222490309621,3,3,3,9,Potential Loyalists
10196,49,6,3280.010949533113,3,4,4,11,Loyal Customers
10197,89,3,2076.7763128444294,2,1,2,5,At Risk
10198,16,4,2945.616223336452,5,2,4,11,Loyal Customers
10199,67,5,2761.108779878391,3,3,4,10,Loyal Customers
10200,17,4,1761.398336399778,5,2,2,9,Potential Loyalists
10201,11,3,1916.6178331002936,5,1,2,8,Potential Loyalists
10202,17,12,6953.284173543165,5,5,5,15,Champions
10203,35,7,4312.201770553282,4,4,5,13,Champions
10204,18,7,3449.614991013037,5,4,4,13,Champions
10205,13,7,2402.515920675305,5,4,3,12,Loyal Customers
10206,2,5,2024.070688743614,5,3,2,10,Loyal Customers
10207,37,6,3585.5715253468707,4,4,5,13,Champions
10208,121,10,5565.07079921821,2,5,5,12,Loyal Customers
10209,24,4,1848.9025892442137,4,2,2,8,Potential Loyalists
10210,23,9,5225.389638143538,4,5,5,14,Champions
10212,26,7,3365.9325455241947,4,4,4,12,Loyal Customers
10213,202,3,1425.1371554284185,1,1,2,4,At Risk
10214,76,5,2135.669190713916,3,3,3,9,Potential Loyalists
10215,64,3,1298.549007738611,3,1,1,5,At Risk
10216,16,6,3607.570639226245,5,4,5,14,Champions
10217,51,2,967.928463348736,3,1,1,5,At Risk
10218,278,2,1081.186368087251,1,1,1,3,Lost
10219,8,5,2723.629411184711,5,3,3,11,Loyal Customers
10220,56,4,1920.8854320887208,3,2,2,7,Potential Loyalists
10221,60,6,3333.468558602757,3,4,4,11,Loyal Customers
10222,163,3,1483.79914992055,1,1,2,4,At Risk
10223,140,4,1663.5878588082894,1,2,2,5,At Risk
10224,4,6,2815.7381455892614,5,4,4,13,Champions
10225,10,6,2932.987514468409,5,4,4,13,Champions
10226,183,4,1477.8935129661731,1,2,2,5,At Risk
10227,95,8,4456.437047754432,2,5,5,12,Loyal Customers
10228,54,10,6432.591149351034,3,5,5,13,Champions
10229,93,6,4018.036325743925,2,4,5,11,Loyal Customers
10230,45,5,3734.759684985445,3,3,5,11,Loyal Customers
10231,212,5,1795.3544174646322,1,3,2,6,At Risk
10232,50,6,2173.4217188247912,3,4,3,10,Loyal Customers
10233,15,8,2523.429732197683,5,5,3,13,Champions
10234,115,7,3482.9928432584984,2,4,4,10,Loyal Customers
10235,15,8,2751.70648987352,5,5,4,14,Champions
10236,15,4,2281.7140417755,5,2,3,10,Loyal Customers
10237,148,6,2344.281944414525,1,4,3,8,Potential Loyalists
10238,12,6,3546.158453982044,5,4,4,13,Champions
10239,47,10,7232.3565914886,3,5,5,13,Champions
10240,3,7,3765.858572571386,5,4,5,14,Champions
10241,64,3,1801.9055129982596,3,1,2,6,At Risk
10242,42,6,2666.488518458383,4,4,3,11,Loyal Customers
10243,14,9,4230.062643132942,5,5,5,15,Champions
10244,42,5,3022.339700057028,4,3,4,11,Loyal Customers
10245,35,10,5976.819279963928,4,5,5,14,Champions
10246,209,2,48.26099514473084,1,1,1,3,Lost
10247,6,9,4512.21217095465,5,5,5,15,Champions
10248,182,3,1612.1488786163889,1,1,2,4,At Risk
10249,50,5,1480.8926270528584,3,3,2,8,Potential Loyalists
10250,129,6,2935.2151626789946,2,4,4,10,Loyal Customers
10251,16,5,2783.035930693664,5,3,4,12,Loyal Customers
10252,327,1,217.37598832162016,1,1,1,3,Lost
10253,113,5,1977.8912900206728,2,3,2,7,Potential Loyalists
10254,141,3,1386.4069159009744,1,1,1,3,Lost
10255,126,3,1742.6789363501975,2,1,2,5,At Risk
10256,114,6,3067.939112003208,2,4,4,10,Loyal Customers
10257,15,10,6483.753638680659,5,5,5,15,Champions
10258,22,7,2939.7697148383136,4,4,4,12,Loyal Customers
10259,111,9,4946.660764985918,2,5,5,12,Loyal Customers
10260,68,10,3633.5189685412415,3,5,5,13,Champions
10261,61,7,3853.926510444968,3,4,5,12,Loyal Customers
10262,241,1,587.8338219776384,1,1,1,3,Lost
10263,119,3,1786.6828907096017,2,1,2,5,At Risk
10264,44,4,1013.8913316593485,3,2,1,6,At Risk
10265,53,6,3046.032889494377,3,4,4,11,Loyal Customers
10266,1,4,1818.805043993216,5,2,2,9,Potential Loyalists
10267,17,6,3193.8829076655197,5,4,4,13,Champions
10268,157,6,2960.234866199026,1,4,4,9,Potential Loyalists
10269,6,4,1720.138775293888,5,2,2,9,Potential Loyalists
10270,2,7,3072.421068471506,5,4,4,13,Champions
10271,103,5,2075.6402208174222,2,3,2,7,Potential Loyalists
10272,7,6,3181.7046660007563,5,4,4,13,Champions
10273,121,6,4264.028700523058,2,4,5,11,Loyal Customers
10275,71,1,874.0642388726792,3,1,1,5,At Risk
10276,21,11,5637.856692591098,4,5,5,14,Champions
10277,14,7,2959.76993754618,5,4,4,13,Champions
10278,142,6,3002.8441849179103,1,4,4,9,Potential Loyalists
10279,49,4,2449.113104010064,3,2,3,8,Potential Loyalists
10280,73,4,1184.7534990050249,3,2,1,6,At Risk
10281,199,2,1049.5077015479933,1,1,1,3,Lost
10282,29,6,2708.7033863181778,4,4,3,11,Loyal Customers
10283,53,5,2362.601824926829,3,3,3,9,Potential Loyalists
10284,287,3,1634.8732695521908,1,1,2,4,At Risk
10285,55,8,3706.847686929123,3,5,5,13,Champions
10286,8,4,2538.8275590414373,5,2,3,10,Loyal Customers
10287,193,2,1201.892484482231,1,1,1,3,Lost
10288,115,4,1812.545944338319,2,2,2,6,At Risk
10289,7,2,796.3642734940454,5,1,1,7,Potential Loyalists
10290,2,9,4397.092548799087,5,5,5,15,Champions
10291,91,6,3583.56839935005,2,4,5,11,Loyal Customers
10292,95,3,1410.4000516131496,2,1,1,4,At Risk
10293,65,6,3612.8733711246055,3,4,5,12,Loyal Customers
10294,112,5,2190.422006609968,2,3,3,8,Potential Loyalists
10295,143,7,4166.755768260111,1,4,5,10,Loyal Customers
10296,134,4,2664.377913895745,1,2,3,6,At Risk
10297,15,4,1806.922647340269,5,2,2,9,Potential Loyalists
10298,89,4,1860.7555750322751,2,2,2,6,At Risk
10299,32,5,2470.5002259310427,4,3,3,10,Loyal Customers
10300,7,6,3325.5966780545914,5,4,4,13,Champions
10301,297,5,1394.9689107702793,1,3,1,5,At Risk
10302,32,7,2695.304118557376,4,4,3,11,Loyal Customers
10303,45,4,2075.902698415172,3,2,2,7,Potential Loyalists
10304,139,6,3501.265594596817,1,4,4,9,Potential Loyalists
10305,22,4,1576.1024516239336,4,2,2,8,Potential Loyalists
10306,51,6,2687.404145004892,3,4,3,10,Loyal Customers
10307,7,7,2526.620800123744,5,4,3,12,Loyal Customers
10308,4,7,2673.699342561812,5,4,3,12,Loyal Customers
10309,71,7,1748.0600978834536,3,4,2,9,Potential Loyalists
10310,27,6,3648.441822678092,4,4,5,13,Champions
10311,21,3,2211.6414056718445,4,1,3,8,Potential Loyalists
10312,207,1,587.9830032995106,1,1,1,3,Lost
10313,160,4,1740.835857249781,1,2,2,5,At Risk
10314,198,3,2398.1262567831936,1,1,3,5,At Risk
10315,52,3,1834.670894152136,3,1,2,6,At Risk
10316,35,4,2142.555240920333,4,2,3,9,Potential Loyalists
10317,113,3,1665.055353719786,2,1,2,5,At Risk
10318,9,6,1123.567844281951,5,4,1,10,Loyal Customers
10319,33,6,4118.04159093645,4,4,5,13,Champions
10320,57,2,768.4367038048458,3,1,1,5,At Risk
10321,56,2,1058.8883406899984,3,1,1,5,At Risk
10322,161,4,2229.959409768588,1,2,3,6,At Risk
10323,111,2,670.9560816102355,2,1,1,4,At Risk
10324,50,3,1745.2458888433785,3,1,2,6,At Risk
10325,75,5,2154.617142578634,3,3,3,9,Potential Loyalists
10326,129,8,3240.3839825374425,2,5,4,11,Loyal Customers
10327,140,3,1749.083709043175,1,1,2,4,At Risk
10328,11,5,1776.4955653853615,5,3,2,10,Loyal Customers
10329,84,8,5599.432645536905,2,5,5,12,Loyal Customers
10330,20,8,5220.462002935149,4,5,5,14,Champions
10331,80,4,2358.6034071022245,2,2,3,7,Potential Loyalists
10332,136,9,5091.933236251801,1,5,5,11,Loyal Customers
10333,111,3,1912.0052715597303,2,1,2,5,At Risk
10334,50,6,4253.211923634663,3,4,5,12,Loyal Customers
10335,64,2,923.9457377921422,3,1,1,5,At Risk
10336,3,3,940.9343043412126,5,1,1,7,Potential Loyalists
10337,83,4,1992.2425755444976,2,2,2,6,At Risk
10338,13,6,2513.3299570942795,5,4,3,12,Loyal Customers
10339,43,4,2369.318971388049,4,2,3,9,Potential Loyalists
10340,121,5,3450.608923896151,2,3,4,9,Potential Loyalists
10341,51,11,6390.070520956705,3,5,5,13,Champions
10342,226,4,1776.7673786010191,1,2,2,5,At Risk
10343,41,3,2224.0053221650915,4,1,3,8,Potential Loyalists
10344,241,5,2032.257479246904,1,3,2,6,At Risk
10345,339,2,914.2040779472884,1,1,1,3,Lost
10346,2,3,1915.4774598771487,5,1,2,8,Potential Loyalists
10347,99,3,1154.5120933326489,2,1,1,4,At Risk
10348,166,4,2116.9799133103734,1,2,3,6,At Risk
10349,20,7,4033.0748606338366,4,4,5,13,Champions
10350,52,5,1968.7881056498493,3,3,2,8,Potential Loyalists
10351,45,8,3197.248833287451,3,5,4,12,Loyal Customers
10352,197,2,1301.8948823174685,1,1,1,3,Lost
10353,48,6,2854.4848170150885,3,4,4,11,Loyal Customers
10354,124,4,2010.4016031007989,2,2,2,6,At Risk
10355,7,6,2628.7613977783776,5,4,3,12,Loyal Customers
10356,171,3,1374.1301979713112,1,1,1,3,Lost
10357,13,6,3367.71950535256,5,4,4,13,Champions
10358,94,9,3815.0146934777326,2,5,5,12,Loyal Customers
10359,52,8,3287.589386956592,3,5,4,12,Loyal Customers
10360,50,4,1899.8524569666472,3,2,2,7,Potential Loyalists
10361,84,8,4229.7906037468765,2,5,5,12,Loyal Customers
10362,224,3,1261.6907743501315,1,1,1,3,Lost
10363,77,6,4208.363575466827,2,4,5,11,Loyal Customers
10364,140,4,1519.7681759193206,1,2,2,5,At Risk
10365,48,8,3482.3364209794536,3,5,4,12,Loyal Customers
10366,52,4,2409.428929865608,3,2,3,8,Potential Loyalists
10367,356,1,551.3794971673937,1,1,1,3,Lost
10368,117,2,1197.3708949592112,2,1,1,4,At Risk
10369,17,8,4941.681053662054,5,5,5,15,Champions
10370,192,2,622.4768228240958,1,1,1,3,Lost
10371,44,6,3450.5291027074472,3,4,4,11,Loyal Customers
10372,90,4,1764.445970342581,2,2,2,6,At Risk
10373,82,6,3225.538221141514,2,4,4,10,Loyal Customers
10374,94,3,1496.7530816632022,2,1,2,5,At Risk
10375,254,2,1210.901761982193,1,1,1,3,Lost
10376,40,6,3734.957610729671,4,4,5,13,Champions
10377,37,8,3453.125580028232,4,5,4,13,Champions
10378,15,5,2334.7463826123667,5,3,3,11,Loyal Customers
10379,19,7,2984.3157432161606,5,4,4,13,Champions
10380,310,3,1295.3366659653,1,1,1,3,Lost
10381,56,1,541.3393424488817,3,1,1,5,At Risk
10382,3,3,2002.7520859543129,5,1,2,8,Potential Loyalists
10383,63,6,1567.3026577547562,3,4,2,9,Potential Loyalists
10384,95,5,1450.6556409092814,2,3,2,7,Potential Loyalists
10385,25,3,1051.5066033845003,4,1,1,6,At Risk
10386,271,2,852.1919272294272,1,1,1,3,Lost
10387,151,8,4581.8164598454605,1,5,5,11,Loyal Customers
10388,62,7,3082.312346137888,3,4,4,11,Loyal Customers
10389,4,4,2907.39011141606,5,2,4,11,Loyal Customers
10390,149,8,2300.4865184493365,1,5,3,9,Potential Loyalists
10391,85,7,3262.2452585246865,2,4,4,10,Loyal Customers
10392,1,8,4629.374132512025,5,5,5,15,Champions
10393,16,7,3163.204198233861,5,4,4,13,Champions
10394,62,8,3655.9444364432698,3,5,5,13,Champions
10395,272,3,1201.6428279844445,1,1,1,3,Lost
10396,60,4,1967.811577776098,3,2,2,7,Potential Loyalists
10397,276,1,474.43760492160914,1,1,1,3,Lost
10398,23,5,2404.585787822564,4,3,3,10,Loyal Customers
10399,20,5,3248.5611735491475,4,3,4,11,Loyal Customers
10400,13,3,1425.7692604569272,5,1,2,8,Potential Loyalists
10401,123,5,2002.8762681840076,2,3,2,7,Potential Loyalists
10402,82,4,2638.0840841595827,2,2,3,7,Potential Loyalists
10403,27,7,4224.480584296836,4,4,5,13,Champions
10404,3,7,4471.0789331480855,5,4,5,14,Champions
10405,39,8,3477.712388851653,4,5,4,13,Champions
10406,22,5,1570.1426888558613,4,3,2,9,Potential Loyalists
10407,1,4,2600.000318806063,5,2,3,10,Loyal Customers
10408,44,7,2716.1605707938165,3,4,3,10,Loyal Customers
10409,16,2,758.7121753161326,5,1,1,7,Potential Loyalists
10410,243,2,1148.0082257239526,1,1,1,3,Lost
10411,71,3,286.7883213595304,3,1,1,5,At Risk
10412,22,5,1938.2582782130823,4,3,2,9,Potential Loyalists
10413,16,5,1711.387263809951,5,3,2,10,Loyal Customers
10414,9,6,3185.6812408953056,5,4,4,13,Champions
10415,78,7,4253.057477685952,2,4,5,11,Loyal Customers
10416,66,5,1740.0795331917975,3,3,2,8,Potential Loyalists
10417,103,2,133.1359994857727,2,1,1,4,At Risk
10418,35,1,105.7479499056714,4,1,1,6,At Risk
10419,72,7,4270.77724955365,3,4,5,12,Loyal Customers
10420,80,6,3114.216829786938,2,4,4,10,Loyal Customers
10421,160,4,2247.8758643211117,1,2,3,6,At Risk
10422,39,6,1029.59813920673,4,4,1,9,Potential Loyalists
10423,32,4,2097.202207615657,4,2,3,9,Potential Loyalists
10424,103,3,1056.2961928805744,2,1,1,4,At Risk
10425,128,3,1426.1620563062183,2,1,2,5,At Risk
10426,259,6,2449.607574578069,1,4,3,8,Potential Loyalists
10427,1,2,1431.515090569278,5,1,2,8,Potential Loyalists
10428,47,3,1977.590114341756,3,1,2,6,At Risk
10430,132,3,1573.303962852223,2,1,2,5,At Risk
10431,408,1,108.17424033490518,1,1,1,3,Lost
10432,46,2,1677.8751790025358,3,1,2,6,At Risk
10433,251,4,1618.1359747651936,1,2,2,5,At Risk
10434,358,1,164.73462219326893,1,1,1,3,Lost
10435,55,6,1404.6837874067828,3,4,1,8,Potential Loyalists
10436,97,5,2409.242133054584,2,3,3,8,Potential Loyalists
10437,1,8,6191.7019654954565,5,5,5,15,Champions
10438,98,4,1599.4406352965034,2,2,2,6,At Risk
10439,362,1,670.2253154671686,1,1,1,3,Lost
10440,25,2,391.11426870059125,4,1,1,6,At Risk
10441,37,9,3621.926967952511,4,5,5,14,Champions
10442,15,6,2767.1056561209784,5,4,4,13,Champions
10443,43,6,2828.6263203861736,4,4,4,12,Loyal Customers
10444,18,9,4575.807785847103,5,5,5,15,Champions
10445,77,2,1684.5863112195057,2,1,2,5,At Risk
10446,266,3,1354.7615479794565,1,1,1,3,Lost
10447,18,7,4076.945857991048,5,4,5,14,Champions
10448,229,3,1772.0995891379198,1,1,2,4,At Risk
10449,45,10,4108.986544572736,3,5,5,13,Champions
10450,107,8,5190.556878573016,2,5,5,12,Loyal Customers
10451,36,5,1854.5306530526384,4,3,2,9,Potential Loyalists
10452,42,2,553.3338230210691,4,1,1,6,At Risk
10453,100,5,2305.168491774906,2,3,3,8,Potential Loyalists
10454,52,5,2700.151858438749,3,3,3,9,Potential Loyalists
10455,23,4,1843.8103889536492,4,2,2,8,Potential Loyalists
10456,137,6,3759.07076800158,1,4,5,10,Loyal Customers
10457,43,5,2434.5140335876654,4,3,3,10,Loyal Customers
10458,272,1,917.1151868744544,1,1,1,3,Lost
10459,43,4,1745.7830508647485,4,2,2,8,Potential Loyalists
10460,63,5,2665.1203623729766,3,3,3,9,Potential Loyalists
10461,151,4,2914.5990119828166,1,2,4,7,Potential Loyalists
10462,10,8,4543.305000958746,5,5,5,15,Champions
10463,78,3,1941.8623961387536,2,1,2,5,At Risk
10464,2,5,2611.1523943123457,5,3,3,11,Loyal Customers
10465,5,7,3241.569893452398,5,4,4,13,Champions
10466,30,3,857.15824864878,4,1,1,6,At Risk
10467,13,7,3502.753906642002,5,4,4,13,Champions
10468,19,4,2577.262419737259,5,2,3,10,Loyal Customers
10469,6,5,2114.41066678315,5,3,3,11,Loyal Customers
10470,315,1,418.9055611875766,1,1,1,3,Lost
10471,128,4,2393.02365295717,2,2,3,7,Potential Loyalists
10472,64,8,4315.3557920089615,3,5,5,13,Champions
10473,59,4,1627.6178587800205,3,2,2,7,Potential Loyalists
10474,16,8,3630.467646738807,5,5,5,15,Champions
10475,236,4,2504.901427195185,1,2,3,6,At Risk
10476,92,3,2010.808028698167,2,1,2,5,At Risk
10477,72,2,976.2864976933772,3,1,1,5,At Risk
10478,311,2,1255.1073640988775,1,1,1,3,Lost
10479,32,8,4682.737479405365,4,5,5,14,Champions
10480,75,6,2447.415528725033,3,4,3,10,Loyal Customers
10481,360,2,373.59300641460527,1,1,1,3,Lost
10482,8,4,1260.140554835798,5,2,1,8,Potential Loyalists
10483,100,2,954.4454118278076,2,1,1,4,At Risk
10484,45,4,2243.260617264911,3,2,3,8,Potential Loyalists
10485,100,3,1677.7423764410196,2,1,2,5,At Risk
10486,318,2,415.01507434489656,1,1,1,3,Lost
10487,25,1,484.3797365916407,4,1,1,6,At Risk
10488,148,2,1185.3065887249395,1,1,1,3,Lost
10489,11,5,3228.239068073721,5,3,4,12,Loyal Customers
10490,55,6,2327.0930653522505,3,4,3,10,Loyal Customers
10491,58,8,4691.9351053498285,3,5,5,13,Champions
10492,69,5,1795.6379423859023,3,3,2,8,Potential Loyalists
10493,128,3,680.3010411204091,2,1,1,4,At Risk
10494,18,6,2705.903966969671,5,4,3,12,Loyal Customers
10495,48,4,2092.010409077207,3,2,3,8,Potential Loyalists
10496,24,6,2808.773978765048,4,4,4,12,Loyal Customers
10497,2,9,5390.186172894591,5,5,5,15,Champions
10498,2,10,6821.042340464936,5,5,5,15,Champions
10499,37,6,2728.761575501246,4,4,3,11,Loyal Customers
10500,72,2,736.3224911321231,3,1,1,5,At Risk
10501,4,9,4951.067728180865,5,5,5,15,Champions
10502,412,1,671.753422253739,1,1,1,3,Lost
10503,123,4,1875.663843469696,2,2,2,6,At Risk
10504,204,5,2339.217132461909,1,3,3,7,Potential Loyalists
10505,14,8,4147.348342870797,5,5,5,15,Champions
10507,2,6,4245.8840103891625,5,4,5,14,Champions
10508,9,4,783.669568606826,5,2,1,8,Potential Loyalists
10509,26,7,3658.851908032975,4,4,5,13,Champions
10510,67,5,2266.804791466452,3,3,3,9,Potential Loyalists
10511,1,7,3465.2414274335547,5,4,4,13,Champions
10512,110,4,1547.6892362150854,2,2,2,6,At Risk
10513,161,5,2697.9955650295587,1,3,3,7,Potential Loyalists
10514,72,4,2538.31470111702,3,2,3,8,Potential Loyalists
10515,27,8,3918.3146449201577,4,5,5,14,Champions
10516,52,3,2215.320532632255,3,1,3,7,Potential Loyalists
10517,201,2,1405.7188670568696,1,1,1,3,Lost
10518,34,4,2111.924364831439,4,2,3,9,Potential Loyalists
10519,258,3,2096.4275592574886,1,1,3,5,At Risk
10520,26,5,2572.8646203691096,4,3,3,10,Loyal Customers
10521,204,2,1439.4106578732633,1,1,2,4,At Risk
10522,1,7,4357.692784144014,5,4,5,14,Champions
10523,38,7,3993.8380501754746,4,4,5,13,Champions
10524,92,6,2998.91870379672,2,4,4,10,Loyal Customers
10525,48,5,3609.581880601144,3,3,5,11,Loyal Customers
10526,212,4,1953.4813262289576,1,2,2,5,At Risk
10527,21,6,2187.143823466751,4,4,3,11,Loyal Customers
10528,4,7,2401.342289226326,5,4,3,12,Loyal Customers
10529,81,2,1478.1698064221196,2,1,2,5,At Risk
10530,16,8,3287.5350533960054,5,5,4,14,Champions
10531,57,4,3012.0463055822584,3,2,4,9,Potential Loyalists
10532,34,12,6261.213674690752,4,5,5,14,Champions
10533,104,3,1355.7440524708304,2,1,1,4,At Risk
10534,13,8,5022.052770696624,5,5,5,15,Champions
10535,37,4,1118.4531838403157,4,2,1,7,Potential Loyalists
10536,35,5,2303.3061496159785,4,3,3,10,Loyal Customers
10537,42,4,1966.254810299864,4,2,2,8,Potential Loyalists
10538,94,9,3799.668391922155,2,5,5,12,Loyal Customers
10539,49,7,3978.640084548284,3,4,5,12,Loyal Customers
10540,104,7,3151.837012397411,2,4,4,10,Loyal Customers
10541,52,8,3969.93415480891,3,5,5,13,Champions
10542,27,5,2586.036519211945,4,3,3,10,Loyal Customers
10543,63,6,3182.035878707435,3,4,4,11,Loyal Customers
10544,19,3,1180.1027772938082,5,1,1,7,Potential Loyalists
10545,62,8,4011.060918573549,3,5,5,13,Champions
10546,122,7,3608.871675032063,2,4,5,11,Loyal Customers
10547,167,5,2883.274800694396,1,3,4,8,Potential Loyalists
10548,112,4,1271.9795586591376,2,2,1,5,At Risk
10549,212,4,2179.6560236491428,1,2,3,6,At Risk
10550,240,2,1228.847112816362,1,1,1,3,Lost
10551,50,2,703.8837855591562,3,1,1,5,At Risk
10552,67,4,2685.398720769896,3,2,3,8,Potential Loyalists
10553,41,7,3213.9387395183885,4,4,4,12,Loyal Customers
10554,24,6,2414.7427185794018,4,4,3,11,Loyal Customers
10555,34,6,3423.34960494918,4,4,4,12,Loyal Customers
10556,78,6,3093.594009540749,2,4,4,10,Loyal Customers
10557,115,7,4883.514082280767,2,4,5,11,Loyal Customers
10558,85,6,3189.6791739168384,2,4,4,10,Loyal Customers
10559,112,3,389.4262343426035,2,1,1,4,At Risk
10560,131,9,4394.5847842967705,2,5,5,12,Loyal Customers
10561,25,9,5708.803879781647,4,5,5,14,Champions
10562,34,7,3455.2321806393297,4,4,4,12,Loyal Customers
10563,194,4,1468.4712156854623,1,2,2,5,At Risk
10564,48,2,1291.4287036163498,3,1,1,5,At Risk
10565,4,2,1022.8489364024152,5,1,1,7,Potential Loyalists
10566,239,8,2370.632975984101,1,5,3,9,Potential Loyalists
10567,54,4,2703.526404048889,3,2,3,8,Potential Loyalists
10568,95,5,2414.770733542284,2,3,3,8,Potential Loyalists
10569,48,6,2373.2600780706352,3,4,3,10,Loyal Customers
10570,61,8,3413.050991205671,3,5,4,12,Loyal Customers
10571,176,4,1445.0555219772566,1,2,2,5,At Risk
10572,18,11,5662.766515297967,5,5,5,15,Champions
10573,43,7,3402.580406250547,4,4,4,12,Loyal Customers
10574,4,6,3756.557565340274,5,4,5,14,Champions
10575,29,7,3853.7273815949593,4,4,5,13,Champions
10576,183,4,2682.979156295181,1,2,3,6,At Risk
10577,36,5,2157.371175906966,4,3,3,10,Loyal Customers
10578,64,6,3331.509311312926,3,4,4,11,Loyal Customers
10579,72,2,1505.512823106028,3,1,2,6,At Risk
10580,216,4,2644.457755008342,1,2,3,6,At Risk
10581,17,8,4602.663520488491,5,5,5,15,Champions
10582,25,5,3888.26909173899,4,3,5,12,Loyal Customers
10583,35,2,947.7308845147808,4,1,1,6,At Risk
10584,21,8,4114.2377885931455,4,5,5,14,Champions
10585,42,4,1522.845258832857,4,2,2,8,Potential Loyalists
10586,61,2,1179.308324939126,3,1,1,5,At Risk
10587,105,3,1722.7088047220975,2,1,2,5,At Risk
10588,258,4,3110.836145184858,1,2,4,7,Potential Loyalists
10589,82,5,2848.3656117158253,2,3,4,9,Potential Loyalists
10590,50,12,7096.608624372415,3,5,5,13,Champions
10591,136,3,799.159668295566,1,1,1,3,Lost
10592,22,5,3144.7123502430954,4,3,4,11,Loyal Customers
10593,19,5,2162.5218523039694,5,3,3,11,Loyal Customers
10594,108,4,1633.3190815393243,2,2,2,6,At Risk
10595,1,8,4410.162365802925,5,5,5,15,Champions
10596,85,6,3225.519740930549,2,4,4,10,Loyal Customers
10597,45,4,1409.429139809868,3,2,1,6,At Risk
10598,45,6,2823.587054238582,3,4,4,11,Loyal Customers
10599,51,6,3508.507103948818,3,4,4,11,Loyal Customers
10600,44,6,2153.2823528779977,3,4,3,10,Loyal Customers
10601,16,8,4914.489215117513,5,5,5,15,Champions
10602,219,2,1696.3238941033762,1,1,2,4,At Risk
10603,37,8,5287.897342104878,4,5,5,14,Champions
10604,11,4,1712.541321604945,5,2,2,9,Potential Loyalists
10605,186,6,3613.8264296037705,1,4,5,10,Loyal Customers
10606,1,8,4470.907594091711,5,5,5,15,Champions
10607,110,4,1215.065425786821,2,2,1,5,At Risk
10608,111,7,4892.994105533094,2,4,5,11,Loyal Customers
10609,61,4,795.512688743436,3,2,1,6,At Risk
10610,103,2,1012.3859103314444,2,1,1,4,At Risk
10611,42,5,1020.730540035196,4,3,1,8,Potential Loyalists
10612,163,3,1862.803428638996,1,1,2,4,At Risk
10613,28,3,1843.1506631884808,4,1,2,7,Potential Loyalists
10614,114,7,3809.606325372155,2,4,5,11,Loyal Customers
10615,35,6,3230.464646897798,4,4,4,12,Loyal Customers
10616,24,9,3785.593731256653,4,5,5,14,Champions
10617,73,3,1795.8560264699804,3,1,2,6,At Risk
10618,24,8,3751.613279593324,4,5,5,14,Champions
10619,184,4,2619.5207008743423,1,2,3,6,At Risk
10620,159,6,3534.6626419510394,1,4,4,9,Potential Loyalists
10621,7,9,4475.960594027915,5,5,5,15,Champions
10622,321,1,188.9292098591687,1,1,1,3,Lost
10623,79,6,2557.925148869316,2,4,3,9,Potential Loyalists
10624,25,7,3239.0967738774884,4,4,4,12,Loyal Customers
10625,159,1,352.51974561972804,1,1,1,3,Lost
10626,40,4,1922.7150198317831,4,2,2,8,Potential Loyalists
10627,47,4,2052.307193633388,3,2,2,7,Potential Loyalists
10628,35,3,2163.2689889217863,4,1,3,8,Potential Loyalists
10629,30,2,831.689301277055,4,1,1,6,At Risk
10630,57,7,3971.888587051992,3,4,5,12,Loyal Customers
10631,52,6,2184.783142194728,3,4,3,10,Loyal Customers
10632,37,5,3752.376543028188,4,3,5,12,Loyal Customers
10633,130,4,2098.179548445806,2,2,3,7,Potential Loyalists
10634,258,4,3389.8707489571907,1,2,4,7,Potential Loyalists
10635,5,7,5537.140524340019,5,4,5,14,Champions
10636,32,4,1256.0920412234243,4,2,1,7,Potential Loyalists
10637,257,1,205.7092502733452,1,1,1,3,Lost
10638,3,8,4089.150367878927,5,5,5,15,Champions
10639,51,6,1789.975435041037,3,4,2,9,Potential Loyalists
10640,175,4,2052.2941096238774,1,2,2,5,At Risk
10641,109,2,360.0638483923204,2,1,1,4,At Risk
10642,17,6,2614.36296391944,5,4,3,12,Loyal Customers
10643,327,3,1063.3059139308582,1,1,1,3,Lost
10644,73,6,2809.441168105649,3,4,4,11,Loyal Customers
10645,28,3,1371.4855165392378,4,1,1,6,At Risk
10646,2,12,5928.870435916741,5,5,5,15,Champions
10647,248,2,881.985924777892,1,1,1,3,Lost
10648,86,5,2751.4694434206654,2,3,4,9,Potential Loyalists
10649,42,5,2628.0136039560007,4,3,3,10,Loyal Customers
10650,14,4,1525.2788402242063,5,2,2,9,Potential Loyalists
10651,10,7,3657.895105613307,5,4,5,14,Champions
10652,7,3,1390.4322502729783,5,1,1,7,Potential Loyalists
10653,23,4,1530.6852298068625,4,2,2,8,Potential Loyalists
10654,45,2,1679.605702487043,3,1,2,6,At Risk
10655,59,5,2885.917519331383,3,3,4,10,Loyal Customers
10656,254,2,472.1782821353682,1,1,1,3,Lost
10657,94,4,2440.144588953736,2,2,3,7,Potential Loyalists
10658,200,1,316.71635122457343,1,1,1,3,Lost
10659,15,8,3085.533117457825,5,5,4,14,Champions
10660,34,5,2042.3259089728604,4,3,2,9,Potential Loyalists
10661,5,8,4071.462544839487,5,5,5,15,Champions
10662,2,8,3629.598756836208,5,5,5,15,Champions
10663,136,5,2938.3932676363597,1,3,4,8,Potential Loyalists
10664,12,7,3036.4781935857222,5,4,4,13,Champions
10665,142,2,1561.4094576600664,1,1,2,4,At Risk
10666,191,5,2324.4818062518275,1,3,3,7,Potential Loyalists
10667,27,7,2903.944698415933,4,4,4,12,Loyal Customers
10668,52,5,2237.8892905471994,3,3,3,9,Potential Loyalists
10669,33,4,2733.41987615894,4,2,3,9,Potential Loyalists
10670,261,3,2396.328604632147,1,1,3,5,At Risk
10671,28,4,2927.963221249099,4,2,4,10,Loyal Customers
10672,17,9,4410.034781931279,5,5,5,15,Champions
10673,91,2,115.65703547893798,2,1,1,4,At Risk
10674,87,3,2244.370455131985,2,1,3,6,At Risk
10675,197,4,1660.5139655440516,1,2,2,5,At Risk
10676,48,7,3144.784839179545,3,4,4,11,Loyal Customers
10677,62,6,2568.4145609653046,3,4,3,10,Loyal Customers
10678,26,8,3376.968935582346,4,5,4,13,Champions
10679,60,5,2923.2873172361064,3,3,4,10,Loyal Customers
10680,58,7,2394.316868453513,3,4,3,10,Loyal Customers
10681,51,4,1141.5218921966573,3,2,1,6,At Risk
10682,75,2,677.3606827650453,3,1,1,5,At Risk
10683,23,4,2485.2999974232234,4,2,3,9,Potential Loyalists
10684,87,5,2202.7581983474247,2,3,3,8,Potential Loyalists
10685,202,5,2029.7056332714,1,3,2,6,At Risk
10686,70,5,3198.711793455888,3,3,4,10,Loyal Customers
10687,19,5,1924.9556826276305,5,3,2,10,Loyal Customers
10688,135,8,3165.061723312383,1,5,4,10,Loyal Customers
10689,37,4,608.068374479362,4,2,1,7,Potential Loyalists
10690,47,10,3356.818349120095,3,5,4,12,Loyal Customers
10691,37,5,1484.4457899903969,4,3,2,9,Potential Loyalists
10692,153,3,1124.449240672033,1,1,1,3,Lost
10693,259,3,1780.6578491156872,1,1,2,4,At Risk
10694,33,10,4841.13670416859,4,5,5,14,Champions
10695,173,3,1022.4853972610344,1,1,1,3,Lost
10696,105,3,1205.3206544866132,2,1,1,4,At Risk
10697,132,1,762.1410860663435,2,1,1,4,At Risk
10698,40,3,1490.257804752928,4,1,2,7,Potential Loyalists
10699,33,7,3016.79899265052,4,4,4,12,Loyal Customers
10700,8,5,1439.1812548718926,5,3,2,10,Loyal Customers
10701,110,3,1703.1241772106837,2,1,2,5,At Risk
10702,202,4,2592.216816701326,1,2,3,6,At Risk
10703,124,4,2756.270263418756,2,2,4,8,Potential Loyalists
10704,6,8,3284.9026404353517,5,5,4,14,Champions
10705,37,4,995.8507158842672,4,2,1,7,Potential Loyalists
10706,41,2,1183.152046138406,4,1,1,6,At Risk
10707,157,3,818.338924381406,1,1,1,3,Lost
10708,46,6,3641.694128713599,3,4,5,12,Loyal Customers
10709,259,1,635.1814399560208,1,1,1,3,Lost
10710,131,5,2596.168796605217,2,3,3,8,Potential Loyalists
10711,60,7,4902.704573471279,3,4,5,12,Loyal Customers
10712,96,5,3284.6710844757654,2,3,4,9,Potential Loyalists
10713,22,7,3238.9664038275755,4,4,4,12,Loyal Customers
10714,100,5,1526.7599785515786,2,3,2,7,Potential Loyalists
10715,79,5,2694.909948908713,2,3,3,8,Potential Loyalists
10716,131,5,2443.247658593475,2,3,3,8,Potential Loyalists
10717,61,9,4674.734017386477,3,5,5,13,Champions
10718,81,7,3261.3649742593075,2,4,4,10,Loyal Customers
10719,18,3,963.346165123933,5,1,1,7,Potential Loyalists
10720,76,8,3993.2830990457896,3,5,5,13,Champions
10721,20,4,2095.855799143799,4,2,3,9,Potential Loyalists
10722,64,11,5290.788940161498,3,5,5,13,Champions
10723,82,8,3934.0481474654543,2,5,5,12,Loyal Customers
10724,121,7,2170.4162844754837,2,4,3,9,Potential Loyalists
10725,149,5,3783.2579391789423,1,3,5,9,Potential Loyalists
10726,161,4,970.0523997900292,1,2,1,4,At Risk
10727,180,5,3530.013339537041,1,3,4,8,Potential Loyalists
10728,64,4,2159.8429022862474,3,2,3,8,Potential Loyalists
10729,38,5,3646.049268255661,4,3,5,12,Loyal Customers
10731,33,6,2926.305841347479,4,4,4,12,Loyal Customers
10732,116,2,1628.891732257075,2,1,2,5,At Risk
10733,77,9,3630.5348732053226,2,5,5,12,Loyal Customers
10734,68,6,3394.5688853134234,3,4,4,11,Loyal Customers
10735,73,5,2014.901859694228,3,3,2,8,Potential Loyalists
10736,7,7,3243.3967585423343,5,4,4,13,Champions
10737,406,1,621.1531182826417,1,1,1,3,Lost
10738,139,4,2670.6586169730367,1,2,3,6,At Risk
10739,12,1,407.1983334593136,5,1,1,7,Potential Loyalists
10740,12,5,2640.503086561637,5,3,3,11,Loyal Customers
10741,49,4,2114.3807914890426,3,2,3,8,Potential Loyalists
10742,189,6,4002.672247960085,1,4,5,10,Loyal Customers
10743,2,5,2192.2474415188544,5,3,3,11,Loyal Customers
10744,29,8,3222.050538537127,4,5,4,13,Champions
10745,181,7,4284.557931081397,1,4,5,10,Loyal Customers
10746,25,5,3579.822309350101,4,3,5,12,Loyal Customers
10747,8,6,4182.328958737519,5,4,5,14,Champions
10748,85,6,2708.4617712279323,2,4,3,9,Potential Loyalists
10749,38,3,2266.766266147505,4,1,3,8,Potential Loyalists
10750,41,5,1735.7852802977866,4,3,2,9,Potential Loyalists
10751,102,5,3168.661448617591,2,3,4,9,Potential Loyalists
10752,77,4,1834.8481439719733,2,2,2,6,At Risk
10753,106,3,1533.878489026279,2,1,2,5,At Risk
10754,16,6,2421.9653331304826,5,4,3,12,Loyal Customers
10755,17,6,1734.030362885548,5,4,2,11,Loyal Customers
10756,14,8,3453.7542287730407,5,5,4,14,Champions
10757,228,3,1199.2341226428323,1,1,1,3,Lost
10758,86,4,1969.0577942751277,2,2,2,6,At Risk
10759,98,4,1862.35511175314,2,2,2,6,At Risk
10760,5,6,3273.0358780127244,5,4,4,13,Champions
10761,55,10,5142.535665216048,3,5,5,13,Champions
10762,26,8,3904.623528872008,4,5,5,14,Champions
10763,41,7,3694.7792908011406,4,4,5,13,Champions
10764,133,4,1987.3576057677972,2,2,2,6,At Risk
10765,162,5,2742.4346535837835,1,3,4,8,Potential Loyalists
10766,42,6,3193.4024409256863,4,4,4,12,Loyal Customers
10767,116,4,2323.4953568590263,2,2,3,7,Potential Loyalists
10768,4,7,3879.665415472468,5,4,5,14,Champions
10769,13,10,6086.917554705966,5,5,5,15,Champions
10770,231,5,3279.242085816092,1,3,4,8,Potential Loyalists
10771,5,6,4266.941373012415,5,4,5,14,Champions
10772,22,3,2178.60166803678,4,1,3,8,Potential Loyalists
10773,167,2,1545.4668844077578,1,1,2,4,At Risk
10774,13,5,3607.9521906246,5,3,5,13,Champions
10775,78,8,5312.874788656887,2,5,5,12,Loyal Customers
10776,32,4,1411.545319516254,4,2,1,7,Potential Loyalists
10777,78,1,880.7121986871207,2,1,1,4,At Risk
10778,78,5,1952.7046921728631,2,3,2,7,Potential Loyalists
10779,25,6,2985.12108924899,4,4,4,12,Loyal Customers
10780,292,3,895.0847440997201,1,1,1,3,Lost
10781,142,3,1863.138173276238,1,1,2,4,At Risk
10782,32,4,1908.9501093357055,4,2,2,8,Potential Loyalists
10783,42,8,4713.886769176103,4,5,5,14,Champions
10784,25,5,2149.1449365155945,4,3,3,10,Loyal Customers
10785,182,3,1824.9112577189792,1,1,2,4,At Risk
10786,24,11,6641.873180456822,4,5,5,14,Champions
10787,122,3,1481.2030475155702,2,1,2,5,At Risk
10788,13,9,6195.012156587833,5,5,5,15,Champions
10789,107,4,1588.2246135720725,2,2,2,6,At Risk
10790,13,8,3244.6892045233444,5,5,4,14,Champions
10791,89,3,1685.9856493754078,2,1,2,5,At Risk
10792,98,6,2728.54958742494,2,4,3,9,Potential Loyalists
10793,112,7,4382.548471248636,2,4,5,11,Loyal Customers
10794,9,5,2660.460342329582,5,3,3,11,Loyal Customers
10795,30,5,1551.4814179186988,4,3,2,9,Potential Loyalists
10796,213,2,740.7530514004118,1,1,1,3,Lost
10797,15,3,1071.1623574600096,5,1,1,7,Potential Loyalists
10798,26,9,3881.867490154516,4,5,5,14,Champions
10799,78,5,2478.0178717818167,2,3,3,8,Potential Loyalists
10800,28,4,2865.342279989382,4,2,4,10,Loyal Customers
10801,303,2,1666.512482253719,1,1,2,4,At Risk
10802,78,3,2170.322182983882,2,1,3,6,At Risk
10803,84,5,2617.837935002579,2,3,3,8,Potential Loyalists
10804,288,4,803.8126423121155,1,2,1,4,At Risk
10805,39,8,2636.291350118283,4,5,3,12,Loyal Customers
10806,17,8,4248.214208457844,5,5,5,15,Champions
10807,368,1,119.80887809857772,1,1,1,3,Lost
10808,8,6,3348.0352850438508,5,4,4,13,Champions
10809,36,6,3460.5778942508823,4,4,4,12,Loyal Customers
10810,12,5,2486.0419796986585,5,3,3,11,Loyal Customers
10811,11,7,3250.195755086748,5,4,4,13,Champions
10812,284,3,2377.954906471127,1,1,3,5,At Risk
10813,137,3,1559.0394428079176,1,1,2,4,At Risk
10814,188,6,2617.088075234137,1,4,3,8,Potential Loyalists
10815,56,8,3390.537701471826,3,5,4,12,Loyal Customers
10816,8,12,5353.734866537921,5,5,5,15,Champions
10817,37,5,2053.161986136353,4,3,2,9,Potential Loyalists
10818,5,3,2068.466209207181,5,1,2,8,Potential Loyalists
10819,92,5,2624.981704268107,2,3,3,8,Potential Loyalists
10820,138,4,2243.8575455791456,1,2,3,6,At Risk
10821,108,5,2472.2747951601077,2,3,3,8,Potential Loyalists
10822,99,4,1037.7365764362366,2,2,1,5,At Risk
10823,39,6,3458.8604358724256,4,4,4,12,Loyal Customers
10824,117,5,2300.1543324037752,2,3,3,8,Potential Loyalists
10825,36,6,2212.134030299332,4,4,3,11,Loyal Customers
10826,5,7,4713.657920253071,5,4,5,14,Champions
10827,282,1,975.1364587628248,1,1,1,3,Lost
10828,88,7,2976.6333408811824,2,4,4,10,Loyal Customers
10829,316,1,478.2716432994873,1,1,1,3,Lost
10830,25,3,1588.0131955782344,4,1,2,7,Potential Loyalists
10831,96,7,3119.0445433944087,2,4,4,10,Loyal Customers
10832,110,2,598.7205894370909,2,1,1,4,At Risk
10833,1,5,2892.150056676708,5,3,4,12,Loyal Customers
10834,99,5,2923.876446461038,2,3,4,9,Potential Loyalists
10835,106,7,3883.744893310785,2,4,5,11,Loyal Customers
10836,125,5,2858.192095517992,2,3,4,9,Potential Loyalists
10837,38,2,844.9431104844818,4,1,1,6,At Risk
10838,92,8,2656.340829324598,2,5,3,10,Loyal Customers
10839,92,6,2996.9762789340457,2,4,4,10,Loyal Customers
10840,62,3,1809.5403211937848,3,1,2,6,At Risk
10841,49,4,1919.6271804569035,3,2,2,7,Potential Loyalists
10842,46,7,3382.33101757154,3,4,4,11,Loyal Customers
10843,120,2,967.3283183572984,2,1,1,4,At Risk
10844,16,3,711.7588246880933,5,1,1,7,Potential Loyalists
10845,8,6,2161.515957955234,5,4,3,12,Loyal Customers
10846,64,6,2576.8529659927704,3,4,3,10,Loyal Customers
10847,146,3,1323.5557810802325,1,1,1,3,Lost
10848,17,7,3218.6170935588407,5,4,4,13,Champions
10849,225,4,2113.073756540168,1,2,3,6,At Risk
10850,94,3,1997.221215208507,2,1,2,5,At Risk
10851,103,3,606.6501126139257,2,1,1,4,At Risk
10852,4,5,3153.523858552886,5,3,4,12,Loyal Customers
10853,90,3,1992.5216996406823,2,1,2,5,At Risk
10854,99,1,271.9069738485993,2,1,1,4,At Risk
10855,8,8,3021.4960681745542,5,5,4,14,Champions
10856,96,5,3283.8786301975456,2,3,4,9,Potential Loyalists
10857,297,1,881.2829153953414,1,1,1,3,Lost
10858,45,9,4429.588849912232,3,5,5,13,Champions
10859,1,5,2525.428152363362,5,3,3,11,Loyal Customers
10860,7,5,2994.4947146280574,5,3,4,12,Loyal Customers
10861,115,6,4572.261593794072,2,4,5,11,Loyal Customers
10862,31,5,2938.671739864177,4,3,4,11,Loyal Customers
10863,79,5,1669.6202484233197,2,3,2,7,Potential Loyalists
10864,121,3,1035.347967676012,2,1,1,4,At Risk
10865,126,6,2485.377366076439,2,4,3,9,Potential Loyalists
10866,18,4,3227.0320692768773,5,2,4,11,Loyal Customers
10867,234,1,879.6469501568595,1,1,1,3,Lost
10868,30,7,3900.890134009136,4,4,5,13,Champions
10869,67,3,1073.095951759139,3,1,1,5,At Risk
10870,67,9,4402.140457865276,3,5,5,13,Champions
10871,37,7,3648.352826374623,4,4,5,13,Champions
10872,120,3,864.1292103486575,2,1,1,4,At Risk
10873,79,3,1337.9547782210377,2,1,1,4,At Risk
10874,204,2,818.7705188610985,1,1,1,3,Lost
10875,258,3,1934.023859510038,1,1,2,4,At Risk
10876,246,4,1065.4352086946465,1,2,1,4,At Risk
10877,119,5,1784.5453033961237,2,3,2,7,Potential Loyalists
10878,15,11,3785.8756144855824,5,5,5,15,Champions
10879,93,5,1624.624968517922,2,3,2,7,Potential Loyalists
10880,74,5,2423.577683185405,3,3,3,9,Potential Loyalists
10881,223,2,1064.704106703104,1,1,1,3,Lost
10882,123,6,2288.210945848876,2,4,3,9,Potential Loyalists
10883,34,9,4269.924441698279,4,5,5,14,Champions
10884,50,7,2547.930429330725,3,4,3,10,Loyal Customers
10885,34,1,329.374380967546,4,1,1,6,At Risk
10886,149,6,3244.3053433191303,1,4,4,9,Potential Loyalists
10887,24,6,2557.701145599297,4,4,3,11,Loyal Customers
10888,70,4,2744.2959579977974,3,2,4,9,Potential Loyalists
10889,115,6,2374.3727528012287,2,4,3,9,Potential Loyalists
10890,41,6,2770.4094049625214,4,4,4,12,Loyal Customers
10891,68,2,868.9263694333348,3,1,1,5,At Risk
10892,27,4,702.3653126588579,4,2,1,7,Potential Loyalists
10893,8,8,2532.2144531238737,5,5,3,13,Champions
10894,53,2,1225.378719007387,3,1,1,5,At Risk
10895,72,3,1041.845782923055,3,1,1,5,At Risk
10896,74,6,3203.8690742540293,3,4,4,11,Loyal Customers
10897,60,2,1107.8614840824105,3,1,1,5,At Risk
10898,87,6,2198.0353638461097,2,4,3,9,Potential Loyalists
10899,46,1,209.5343373853685,3,1,1,5,At Risk
10900,52,5,2870.5493493849217,3,3,4,10,Loyal Customers
10901,56,4,1841.7587287045053,3,2,2,7,Potential Loyalists
10902,34,8,4589.854377236657,4,5,5,14,Champions
10903,268,2,450.5411427025964,1,1,1,3,Lost
10904,4,3,1047.3253918849198,5,1,1,7,Potential Loyalists
10905,40,5,3228.65467031293,4,3,4,11,Loyal Customers
10906,16,5,2997.1676286293864,5,3,4,12,Loyal Customers
10907,16,5,4228.914138324134,5,3,5,13,Champions
10908,28,3,1751.9837837744428,4,1,2,7,Potential Loyalists
10909,36,4,1904.918371254986,4,2,2,8,Potential Loyalists
10910,93,7,3880.8333993652977,2,4,5,11,Loyal Customers
10911,27,8,3947.252639925213,4,5,5,14,Champions
10912,263,1,167.15704658329085,1,1,1,3,Lost
10913,37,7,2941.4895256467835,4,4,4,12,Loyal Customers
10914,47,7,4307.883030615363,3,4,5,12,Loyal Customers
10915,142,1,249.4364309704297,1,1,1,3,Lost
10916,165,4,1621.4582703795274,1,2,2,5,At Risk
10917,80,7,3906.11638231666,2,4,5,11,Loyal Customers
10918,74,5,1591.4671350797148,3,3,2,8,Potential Loyalists
10919,123,7,3025.684828695045,2,4,4,10,Loyal Customers
10920,85,7,3325.6589636271456,2,4,4,10,Loyal Customers
10921,87,6,3278.705560332276,2,4,4,10,Loyal Customers
10922,130,4,3041.323219509989,2,2,4,8,Potential Loyalists
10923,11,7,2301.1818678390086,5,4,3,12,Loyal Customers
10924,36,7,3281.2848880682186,4,4,4,12,Loyal Customers
10925,29,5,3483.3101138414904,4,3,4,11,Loyal Customers
10926,214,4,2761.188242787138,1,2,4,7,Potential Loyalists
10927,51,3,1614.0541273496235,3,1,2,6,At Risk
10928,86,4,2055.3858837746493,2,2,2,6,At Risk
10929,34,2,321.2700182388608,4,1,1,6,At Risk
10930,56,7,4020.740129883649,3,4,5,12,Loyal Customers
10931,102,6,3848.114886009917,2,4,5,11,Loyal Customers
10932,34,4,2141.794329123552,4,2,3,9,Potential Loyalists
10933,216,3,658.8176993297357,1,1,1,3,Lost
10934,157,4,1039.5995147128103,1,2,1,4,At Risk
10935,14,3,1347.911369423617,5,1,1,7,Potential Loyalists
10936,86,4,2924.794962610897,2,2,4,8,Potential Loyalists
10937,182,1,748.7804463676962,1,1,1,3,Lost
10938,8,8,4043.855496371275,5,5,5,15,Champions
10939,9,6,2666.975935184346,5,4,3,12,Loyal Customers
10940,42,4,2041.7548488465168,4,2,2,8,Potential Loyalists
10941,124,2,432.2183972652417,2,1,1,4,At Risk
10942,44,10,6211.45061979077,3,5,5,13,Champions
10943,15,6,4312.486475451188,5,4,5,14,Champions
10944,98,3,2054.4961633256894,2,1,2,5,At Risk
10945,144,10,4944.143250368443,1,5,5,11,Loyal Customers
10946,106,3,1368.1632893508877,2,1,1,4,At Risk
10947,91,7,2563.3108318075647,2,4,3,9,Potential Loyalists
10948,52,11,4659.332992378643,3,5,5,13,Champions
10949,11,8,3924.322192435717,5,5,5,15,Champions
10950,33,7,3932.479619946457,4,4,5,13,Champions
10951,81,4,1365.212998081255,2,2,1,5,At Risk
10952,6,6,4142.584462736048,5,4,5,14,Champions
10953,274,4,1269.729318706874,1,2,1,4,At Risk
10954,85,4,1793.221073887662,2,2,2,6,At Risk
10955,11,9,3594.699967586172,5,5,5,15,Champions
10956,59,5,2275.002827237953,3,3,3,9,Potential Loyalists
10957,7,9,4836.865126265622,5,5,5,15,Champions
10958,22,6,2914.8547448625736,4,4,4,12,Loyal Customers
10959,80,5,2157.3480488200003,2,3,3,8,Potential Loyalists
10960,120,7,3290.764487112385,2,4,4,10,Loyal Customers
10961,26,3,1595.2118733721036,4,1,2,7,Potential Loyalists
10962,21,3,2611.296530809213,4,1,3,8,Potential Loyalists
10963,211,1,640.53090282152,1,1,1,3,Lost
10964,226,4,1903.193560785629,1,2,2,5,At Risk
10965,82,4,2063.752103362054,2,2,2,6,At Risk
10966,51,5,2018.84216948851,3,3,2,8,Potential Loyalists
10967,41,6,4429.225999646166,4,4,5,13,Champions
10968,71,2,1003.6534384918732,3,1,1,5,At Risk
10969,25,9,4129.688119259338,4,5,5,14,Champions
10970,65,6,3369.617813585039,3,4,4,11,Loyal Customers
10971,41,3,1230.7722450072524,4,1,1,6,At Risk
10972,196,2,991.412115678934,1,1,1,3,Lost
10973,35,6,2616.5363805727275,4,4,3,11,Loyal Customers
10974,23,7,3625.643113196479,4,4,5,13,Champions
10975,2,10,3937.226091756098,5,5,5,15,Champions
10976,70,7,3060.888183003179,3,4,4,11,Loyal Customers
10977,9,5,3384.873700401595,5,3,4,12,Loyal Customers
10978,165,7,4334.39223764504,1,4,5,10,Loyal Customers
10979,2,3,1365.6454581329172,5,1,1,7,Potential Loyalists
10980,15,3,1553.366724439771,5,1,2,8,Potential Loyalists
10981,16,3,1421.5307825042405,5,1,2,8,Potential Loyalists
10982,128,5,2397.093305954159,2,3,3,8,Potential Loyalists
10983,107,4,1621.5184262424016,2,2,2,6,At Risk
10984,69,4,1609.536838730798,3,2,2,7,Potential Loyalists
10985,32,9,5100.111674117586,4,5,5,14,Champions
10986,9,2,1192.3185356961649,5,1,1,7,Potential Loyalists
10987,132,5,3268.1665609370184,2,3,4,9,Potential Loyalists
10988,37,11,5908.673163084061,4,5,5,14,Champions
10989,4,6,3046.7740662445967,5,4,4,13,Champions
10990,43,7,3833.385613422045,4,4,5,13,Champions
10991,81,7,3755.07461289425,2,4,5,11,Loyal Customers
10992,4,5,4204.41030178501,5,3,5,13,Champions
10993,11,7,4159.6333170884445,5,4,5,14,Champions
10994,241,3,1239.3193525930983,1,1,1,3,Lost
10995,42,3,1356.1031980946386,4,1,1,6,At Risk
10996,148,7,2439.797067178673,1,4,3,8,Potential Loyalists
10997,51,3,1288.1628711165629,3,1,1,5,At Risk
10998,86,6,1826.850707596059,2,4,2,8,Potential Loyalists
10999,175,4,1904.9259916030835,1,2,2,5,At Risk
11000,222,4,1322.6226340776395,1,2,1,4,At Risk
11001,18,2,1244.6444836845696,5,1,1,7,Potential Loyalists
11002,37,2,1285.3091443384292,4,1,1,6,At Risk
11003,109,8,4342.101663848787,2,5,5,12,Loyal Customers
11004,190,4,1494.8212124719716,1,2,2,5,At Risk
11005,18,5,2331.7563108579784,5,3,3,11,Loyal Customers
11006,35,3,1498.2686258779177,4,1,2,7,Potential Loyalists
11007,1,6,3034.164218256614,5,4,4,13,Champions
11008,20,5,1548.8604086479563,4,3,2,9,Potential Loyalists
11009,199,5,2824.7005636903664,1,3,4,8,Potential Loyalists
11010,14,7,3825.754370338561,5,4,5,14,Champions
11011,7,2,1081.3259438976395,5,1,1,7,Potential Loyalists
11012,123,4,3118.6072031866106,2,2,4,8,Potential Loyalists
11013,58,5,2669.6978216488405,3,3,3,9,Potential Loyalists
11014,60,6,3225.405349688631,3,4,4,11,Loyal Customers
11015,73,9,3390.034590231061,3,5,4,12,Loyal Customers
11016,43,8,3906.446742152159,4,5,5,14,Champions
11017,135,7,2730.3425173378705,1,4,3,8,Potential Loyalists
11018,49,8,2908.482393445512,3,5,4,12,Loyal Customers
11019,42,4,1873.7298071132288,4,2,2,8,Potential Loyalists
11020,44,7,3833.6509711106255,3,4,5,12,Loyal Customers
11021,91,4,2043.0115364975013,2,2,2,6,At Risk
11022,221,2,1458.7422467891265,1,1,2,4,At Risk
11023,31,4,2155.892661467219,4,2,3,9,Potential Loyalists
11024,95,5,3197.24847497155,2,3,4,9,Potential Loyalists
11025,183,5,588.5405927050448,1,3,1,5,At Risk
11026,17,8,5063.945963515505,5,5,5,15,Champions
11027,84,4,1414.7782307310174,2,2,1,5,At Risk
11028,314,1,837.4059980010603,1,1,1,3,Lost
11029,64,8,3092.791916586581,3,5,4,12,Loyal Customers
11030,154,6,3527.113166682594,1,4,4,9,Potential Loyalists
11031,61,5,3367.824775130899,3,3,4,10,Loyal Customers
11032,61,4,578.5514051813457,3,2,1,6,At Risk
11033,11,6,3011.032126389985,5,4,4,13,Champions
11034,202,3,1948.164812600005,1,1,2,4,At Risk
11035,2,1,290.8804303736197,5,1,1,7,Potential Loyalists
11036,30,2,876.0516429049746,4,1,1,6,At Risk
11037,77,4,1931.3087843054604,2,2,2,6,At Risk
11038,107,9,4122.111093473784,2,5,5,12,Loyal Customers
11039,52,3,2068.5918886164413,3,1,2,6,At Risk
11040,12,3,1845.2420926093737,5,1,2,8,Potential Loyalists
11041,40,5,3189.8272188684127,4,3,4,11,Loyal Customers
11042,36,6,3607.052936003367,4,4,5,13,Champions
11043,10,7,2420.159287275992,5,4,3,12,Loyal Customers
11044,69,2,1117.5544984637077,3,1,1,5,At Risk
11045,10,4,2859.0711404416247,5,2,4,11,Loyal Customers
11046,177,3,2040.5920124452423,1,1,2,4,At Risk
11047,24,5,1842.8964537813283,4,3,2,9,Potential Loyalists
11048,6,5,1884.8414384543728,5,3,2,10,Loyal Customers
11049,126,3,1560.4926428612948,2,1,2,5,At Risk
11050,210,5,2417.04617419185,1,3,3,7,Potential Loyalists
11051,25,9,5375.892838043885,4,5,5,14,Champions
11052,130,5,2500.802118980587,2,3,3,8,Potential Loyalists
11053,9,2,1796.006320524946,5,1,2,8,Potential Loyalists
11055,8,6,3184.535741273713,5,4,4,13,Champions
11056,82,6,2542.046384935229,2,4,3,9,Potential Loyalists
11057,182,3,984.508528666586,1,1,1,3,Lost
11058,30,5,2666.6977287509067,4,3,3,10,Loyal Customers
11059,145,8,3720.233477487526,1,5,5,11,Loyal Customers
11060,176,6,3010.033120575892,1,4,4,9,Potential Loyalists
11061,34,3,1538.6485150739218,4,1,2,7,Potential Loyalists
11062,1,3,1070.2745300827432,5,1,1,7,Potential Loyalists
11063,170,4,1843.7993278570443,1,2,2,5,At Risk
11064,125,6,4672.453243932389,2,4,5,11,Loyal Customers
11065,115,5,1263.675893097742,2,3,1,6,At Risk
11066,23,3,1770.389985953536,4,1,2,7,Potential Loyalists
11067,78,7,2907.5215230003823,2,4,4,10,Loyal Customers
11068,59,10,5936.750735689852,3,5,5,13,Champions
11069,48,3,1951.3320062832763,3,1,2,6,At Risk
11070,82,6,4303.610469266139,2,4,5,11,Loyal Customers
11071,85,7,4685.543983480775,2,4,5,11,Loyal Customers
11072,194,3,1644.5560230350868,1,1,2,4,At Risk
11073,25,4,3231.422217879307,4,2,4,10,Loyal Customers
11074,6,5,2843.3398630086976,5,3,4,12,Loyal Customers
11075,19,9,4399.104645923025,5,5,5,15,Champions
11076,24,10,5904.663231001877,4,5,5,14,Champions
11077,15,8,3465.235736359482,5,5,4,14,Champions
11078,44,5,2208.677759666015,3,3,3,9,Potential Loyalists
11079,279,1,771.2738410545405,1,1,1,3,Lost
11080,91,4,2741.638642715722,2,2,4,8,Potential Loyalists
11081,32,7,3403.6505407690797,4,4,4,12,Loyal Customers
11082,20,8,4698.059131155578,4,5,5,14,Champions
11083,20,4,1650.0589881161964,4,2,2,8,Potential Loyalists
11084,220,5,2428.2479827547186,1,3,3,7,Potential Loyalists
11085,30,3,1238.5435109140458,4,1,1,6,At Risk
11086,24,7,4016.2554238106673,4,4,5,13,Champions
11087,79,4,1256.9338013934785,2,2,1,5,At Risk
11088,25,3,2303.960627943481,4,1,3,8,Potential Loyalists
11089,49,5,1029.0907259061971,3,3,1,7,Potential Loyalists
11090,30,7,4355.004510509394,4,4,5,13,Champions
11091,77,2,334.30201850369946,2,1,1,4,At Risk
11092,190,4,1232.330927408318,1,2,1,4,At Risk
11093,7,2,1057.9403732191804,5,1,1,7,Potential Loyalists
11094,17,8,3881.681354392549,5,5,5,15,Champions
11095,38,3,740.1714891328336,4,1,1,6,At Risk
11096,17,3,1592.4347613560974,5,1,2,8,Potential Loyalists
11097,76,8,4354.013259157003,3,5,5,13,Champions
11098,189,2,502.38993020131534,1,1,1,3,Lost
11099,16,8,4583.961034182565,5,5,5,15,Champions
11100,39,2,919.2543304894558,4,1,1,6,At Risk
11101,86,5,1851.012150338477,2,3,2,7,Potential Loyalists
11102,253,3,2633.475605602644,1,1,3,5,At Risk
11103,14,4,2570.324833171276,5,2,3,10,Loyal Customers
11104,60,4,1335.185435731408,3,2,1,6,At Risk
11105,6,10,5101.97256329136,5,5,5,15,Champions
11106,20,7,5007.346260252543,4,4,5,13,Champions
11107,11,6,3524.2697181756503,5,4,4,13,Champions
11108,23,5,3018.422237784488,4,3,4,11,Loyal Customers
11109,38,5,2705.2712065284177,4,3,3,10,Loyal Customers
11110,12,5,1806.838696407809,5,3,2,10,Loyal Customers
11111,142,5,2480.7403379150846,1,3,3,7,Potential Loyalists
11112,49,6,3715.64580201903,3,4,5,12,Loyal Customers
11113,174,2,1199.8356245857003,1,1,1,3,Lost
11114,152,2,1178.117765828371,1,1,1,3,Lost
11115,63,1,12.511129219631105,3,1,1,5,At Risk
11116,212,3,1908.6856623064589,1,1,2,4,At Risk
11117,142,7,3869.774102186673,1,4,5,10,Loyal Customers
11118,56,6,1621.3839061938502,3,4,2,9,Potential Loyalists
11119,72,3,1664.3436380264814,3,1,2,6,At Risk
11120,65,6,3322.831895008173,3,4,4,11,Loyal Customers
11121,131,6,3689.825737587119,2,4,5,11,Loyal Customers
11122,125,2,229.01604898022845,2,1,1,4,At Risk
11123,20,6,3235.435140625239,4,4,4,12,Loyal Customers
11124,21,6,2322.2809971877973,4,4,3,11,Loyal Customers
11125,131,5,2430.29640743406,2,3,3,8,Potential Loyalists
11126,48,8,4351.292221657951,3,5,5,13,Champions
11127,148,4,1845.5565634014652,1,2,2,5,At Risk
11128,154,5,3228.0119485517425,1,3,4,8,Potential Loyalists
11129,18,6,4650.670916597719,5,4,5,14,Champions
11130,14,8,4243.894710738794,5,5,5,15,Champions
11131,78,3,2124.720613389853,2,1,3,6,At Risk
11132,413,2,1227.657342910306,1,1,1,3,Lost
11133,72,6,3496.336715373098,3,4,4,11,Loyal Customers
11134,61,6,1497.9196007057074,3,4,2,9,Potential Loyalists
11135,169,3,1011.7574519416175,1,1,1,3,Lost
11136,18,4,1935.564461597958,5,2,2,9,Potential Loyalists
11137,120,7,2884.163671369012,2,4,4,10,Loyal Customers
11138,14,4,1553.7593833308204,5,2,2,9,Potential Loyalists
11139,37,5,2362.0965136860577,4,3,3,10,Loyal Customers
11140,38,3,1828.185900979364,4,1,2,7,Potential Loyalists
11141,214,4,2363.774340147855,1,2,3,6,At Risk
11142,87,8,3761.946307184005,2,5,5,12,Loyal Customers
11143,2,5,2679.5785622367653,5,3,3,11,Loyal Customers
11144,19,7,3544.555864143069,5,4,4,13,Champions
11145,56,7,3270.73637134366,3,4,4,11,Loyal Customers
11146,48,4,2547.1913270393893,3,2,3,8,Potential Loyalists
11147,56,5,3031.9707965162347,3,3,4,10,Loyal Customers
11148,151,4,1562.0302078776058,1,2,2,5,At Risk
11149,55,4,2356.6491629242823,3,2,3,8,Potential Loyalists
11150,219,4,1882.3516260605545,1,2,2,5,At Risk
11151,62,4,2033.050102424031,3,2,2,7,Potential Loyalists
11152,250,3,2029.914962391853,1,1,2,4,At Risk
11153,101,4,1425.2796278367823,2,2,2,6,At Risk
11154,80,4,2219.975789738516,2,2,3,7,Potential Loyalists
11155,26,4,1925.1632880530049,4,2,2,8,Potential Loyalists
11156,4,5,1891.2759902513244,5,3,2,10,Loyal Customers
11157,85,5,2778.3297843442715,2,3,4,9,Potential Loyalists
11158,134,2,911.5354926862136,1,1,1,3,Lost
11159,290,2,721.2009460502151,1,1,1,3,Lost
11160,21,4,2255.7721641331377,4,2,3,9,Potential Loyalists
11161,49,4,2508.391618369119,3,2,3,8,Potential Loyalists
11162,49,7,3742.847601204295,3,4,5,12,Loyal Customers
11163,91,2,1530.303421600181,2,1,2,5,At Risk
11164,224,2,1269.3286702890337,1,1,1,3,Lost
11165,44,6,2655.6909307783712,3,4,3,10,Loyal Customers
11166,242,2,1550.291824916555,1,1,2,4,At Risk
11167,111,3,994.6861802465228,2,1,1,4,At Risk
11168,75,5,2987.396821141007,3,3,4,10,Loyal Customers
11169,30,4,2626.3909533321435,4,2,3,9,Potential Loyalists
11170,39,7,3358.7943167065646,4,4,4,12,Loyal Customers
11171,272,1,48.55605768311246,1,1,1,3,Lost
11172,88,4,2182.4517668939347,2,2,3,7,Potential Loyalists
11173,34,5,2693.1123123075613,4,3,3,10,Loyal Customers
11174,53,4,1517.8270792986286,3,2,2,7,Potential Loyalists
11175,140,5,2716.798186506845,1,3,3,7,Potential Loyalists
11176,63,1,492.91513293698,3,1,1,5,At Risk
11177,5,7,2726.8183945885444,5,4,3,12,Loyal Customers
11178,7,7,3121.357593669608,5,4,4,13,Champions
11179,7,5,2499.885633459645,5,3,3,11,Loyal Customers
11180,94,4,1685.2710381134916,2,2,2,6,At Risk
11181,95,4,1785.8021196533778,2,2,2,6,At Risk
11182,9,6,3767.38800583965,5,4,5,14,Champions
11183,315,1,184.297585438919,1,1,1,3,Lost
11184,180,3,1994.289827307904,1,1,2,4,At Risk
11185,35,10,5531.08014703682,4,5,5,14,Champions
11186,5,7,3396.6473374180346,5,4,4,13,Champions
11187,5,10,5769.417144811501,5,5,5,15,Champions
11188,306,2,1028.327912118894,1,1,1,3,Lost
11189,39,3,1221.9204026953307,4,1,1,6,At Risk
11190,60,6,3681.3890994688095,3,4,5,12,Loyal Customers
11191,152,3,2001.5687015602768,1,1,2,4,At Risk
11192,43,7,3240.703278151827,4,4,4,12,Loyal Customers
11193,67,7,3169.73244474219,3,4,4,11,Loyal Customers
11194,57,4,2104.9172439367667,3,2,3,8,Potential Loyalists
11195,62,4,1589.9452456688696,3,2,2,7,Potential Loyalists
11196,37,6,3333.571571766597,4,4,4,12,Loyal Customers
11197,78,6,2522.454945771937,2,4,3,9,Potential Loyalists
11198,67,4,2039.6459122580331,3,2,2,7,Potential Loyalists
11199,27,8,3786.834093859002,4,5,5,14,Champions
11200,182,2,539.3862352873846,1,1,1,3,Lost
11201,86,3,1783.1761785419194,2,1,2,5,At Risk
11202,90,5,3053.9514832794857,2,3,4,9,Potential Loyalists
11203,89,3,1852.2504948227704,2,1,2,5,At Risk
11204,1,11,6447.259613938648,5,5,5,15,Champions
11205,51,4,2132.598683128452,3,2,3,8,Potential Loyalists
11206,159,7,3195.073784725319,1,4,4,9,Potential Loyalists
11207,41,3,1886.054581565907,4,1,2,7,Potential Loyalists
11208,89,6,3172.1006964638227,2,4,4,10,Loyal Customers
11209,116,5,1956.1890318051385,2,3,2,7,Potential Loyalists
11210,149,5,1915.8473569555647,1,3,2,6,At Risk
11211,86,9,5846.122710644499,2,5,5,12,Loyal Customers
11212,13,3,1266.48386233771,5,1,1,7,Potential Loyalists
11213,216,5,1959.399822960532,1,3,2,6,At Risk
11214,12,5,3274.846799181555,5,3,4,12,Loyal Customers
11215,160,5,2699.0521365731806,1,3,3,7,Potential Loyalists
11216,65,2,984.3912356525648,3,1,1,5,At Risk
11217,56,8,3639.6163497600655,3,5,5,13,Champions
11218,39,4,1882.9093458788968,4,2,2,8,Potential Loyalists
11219,17,7,3375.775185910865,5,4,4,13,Champions
11220,198,1,629.6348912299843,1,1,1,3,Lost
11221,154,4,2100.6607479985323,1,2,3,6,At Risk
11222,44,3,885.2836587965218,3,1,1,5,At Risk
11223,12,6,3302.944113784461,5,4,4,13,Champions
11224,219,8,4249.860468880615,1,5,5,11,Loyal Customers
11225,1,5,1866.276618609277,5,3,2,10,Loyal Customers
11226,51,8,4786.769526427383,3,5,5,13,Champions
11227,16,5,1733.4193800314265,5,3,2,10,Loyal Customers
11228,105,2,803.4493607455083,2,1,1,4,At Risk
11229,41,3,1149.9949804362238,4,1,1,6,At Risk
11230,68,3,1911.7952799446025,3,1,2,6,At Risk
11231,3,6,2561.006128730356,5,4,3,12,Loyal Customers
11232,54,6,4009.515153648913,3,4,5,12,Loyal Customers
11233,164,5,2504.4205484769145,1,3,3,7,Potential Loyalists
11234,78,5,1142.5094969810632,2,3,1,6,At Risk
11235,166,5,1007.217728105648,1,3,1,5,At Risk
11236,184,8,4133.639445361797,1,5,5,11,Loyal Customers
11237,43,4,2572.3050014499504,4,2,3,9,Potential Loyalists
11238,68,5,3256.929338972687,3,3,4,10,Loyal Customers
11239,32,11,5260.785728077381,4,5,5,14,Champions
11240,93,4,1414.1458530043778,2,2,1,5,At Risk
11241,249,3,1230.5458703661595,1,1,1,3,Lost
11242,102,6,2031.9352098564696,2,4,2,8,Potential Loyalists
11243,245,6,2854.9709718672484,1,4,4,9,Potential Loyalists
11244,124,2,317.74969109041785,2,1,1,4,At Risk
11245,4,8,3793.962693486129,5,5,5,15,Champions
11246,122,4,2056.9776843646428,2,2,2,6,At Risk
11247,291,2,1194.7347488706523,1,1,1,3,Lost
11248,31,1,414.43137960132304,4,1,1,6,At Risk
11249,21,10,4485.488446082129,4,5,5,14,Champions
11250,18,9,4076.05222531302,5,5,5,15,Champions
11251,14,7,4611.751118130164,5,4,5,14,Champions
11252,48,6,3424.3609745406457,3,4,4,11,Loyal Customers
11253,3,5,2214.535273980048,5,3,3,11,Loyal Customers
11254,120,1,411.7035598575429,2,1,1,4,At Risk
11255,82,5,2500.482264345741,2,3,3,8,Potential Loyalists
11256,146,4,1357.762355932431,1,2,1,4,At Risk
11257,92,7,4475.415290573765,2,4,5,11,Loyal Customers
11258,69,3,1528.7557377399617,3,1,2,6,At Risk
11259,319,6,4242.532884956275,1,4,5,10,Loyal Customers
11260,67,7,3744.2672153379617,3,4,5,12,Loyal Customers
11261,48,6,3305.7340880554093,3,4,4,11,Loyal Customers
11262,8,5,2638.3537559725896,5,3,3,11,Loyal Customers
11263,59,5,3399.007391174078,3,3,4,10,Loyal Customers
11264,19,5,2276.585460162871,5,3,3,11,Loyal Customers
11265,20,6,3992.119153801844,4,4,5,13,Champions
11266,108,4,2383.654315502851,2,2,3,7,Potential Loyalists
11267,149,4,2326.554243907383,1,2,3,6,At Risk
11268,157,3,1751.2547969923487,1,1,2,4,At Risk
11269,59,9,4845.741390028931,3,5,5,13,Champions
11270,57,7,3133.8086974025614,3,4,4,11,Loyal Customers
11271,117,2,745.5539038446212,2,1,1,4,At Risk
11272,32,4,1604.0812817020828,4,2,2,8,Potential Loyalists
11273,250,3,1227.2309705693222,1,1,1,3,Lost
11274,50,3,2086.19633491089,3,1,3,7,Potential Loyalists
11275,65,8,4304.857666630662,3,5,5,13,Champions
11276,25,3,1994.8914612671688,4,1,2,7,Potential Loyalists
11277,123,3,2022.8097781280376,2,1,2,5,At Risk
11278,233,6,2467.7375405080043,1,4,3,8,Potential Loyalists
11279,314,2,1083.235671814845,1,1,1,3,Lost
11280,74,5,3154.7322402432173,3,3,4,10,Loyal Customers
11281,19,6,2973.484585731242,5,4,4,13,Champions
11282,25,3,1613.4266509977767,4,1,2,7,Potential Loyalists
11283,105,1,86.95582391841424,2,1,1,4,At Risk
11284,32,6,2465.848308961933,4,4,3,11,Loyal Customers
11285,54,5,2423.148517198332,3,3,3,9,Potential Loyalists
11286,193,4,1281.4450920253437,1,2,1,4,At Risk
11287,23,7,4308.965925940442,4,4,5,13,Champions
11288,1,8,5058.039852949164,5,5,5,15,Champions
11289,269,1,739.0679961012272,1,1,1,3,Lost
11290,172,6,3437.215890377879,1,4,4,9,Potential Loyalists
11291,38,5,2170.405356182769,4,3,3,10,Loyal Customers
11292,81,4,1901.715252107432,2,2,2,6,At Risk
11293,100,4,1881.508024303154,2,2,2,6,At Risk
11294,61,6,2380.692590159581,3,4,3,10,Loyal Customers
11295,2,7,2889.5781693556337,5,4,4,13,Champions
11296,98,2,1019.507942725395,2,1,1,4,At Risk
11297,164,6,2352.8627769638374,1,4,3,8,Potential Loyalists
11298,123,2,940.4496241840905,2,1,1,4,At Risk
11299,35,3,1704.8750737067198,4,1,2,7,Potential Loyalists
11300,51,6,3860.530826254234,3,4,5,12,Loyal Customers
11301,49,7,1400.1998845190355,3,4,1,8,Potential Loyalists
11302,86,5,2260.5644950379706,2,3,3,8,Potential Loyalists
11303,216,4,1732.7717454364447,1,2,2,5,At Risk
11304,85,1,900.2505588260481,2,1,1,4,At Risk
11305,19,5,3007.618090363198,5,3,4,12,Loyal Customers
11306,7,4,1640.4423231042542,5,2,2,9,Potential Loyalists
11307,23,6,2851.240431896585,4,4,4,12,Loyal Customers
11308,61,8,3788.337493537698,3,5,5,13,Champions
11309,19,12,5182.078257754391,5,5,5,15,Champions
11310,31,3,2296.882127372736,4,1,3,8,Potential Loyalists
11311,58,6,3052.6110001890643,3,4,4,11,Loyal Customers
11312,258,4,2862.8144266041563,1,2,4,7,Potential Loyalists
11313,61,8,2952.910909560333,3,5,4,12,Loyal Customers
11314,62,3,1520.0506814377504,3,1,2,6,At Risk
11315,251,2,854.5781117018358,1,1,1,3,Lost
11316,125,7,4420.9437701866245,2,4,5,11,Loyal Customers
11317,4,8,3112.0502553697825,5,5,4,14,Champions
11318,134,5,1531.2939874630806,1,3,2,6,At Risk
11319,127,4,2273.845393760235,2,2,3,7,Potential Loyalists
11320,224,1,151.23963019575496,1,1,1,3,Lost
11321,12,4,2098.4650495264755,5,2,3,10,Loyal Customers
11322,68,6,3245.262056592017,3,4,4,11,Loyal Customers
11323,6,2,378.889168345179,5,1,1,7,Potential Loyalists
11324,349,3,1092.1742555683516,1,1,1,3,Lost
11325,55,7,3036.8117684580025,3,4,4,11,Loyal Customers
11326,18,4,3140.194641045363,5,2,4,11,Loyal Customers
11327,68,6,4691.78990877513,3,4,5,12,Loyal Customers
11328,145,5,2620.5404253710726,1,3,3,7,Potential Loyalists
11329,132,4,2170.801830388166,2,2,3,7,Potential Loyalists
11330,49,5,1262.302213678543,3,3,1,7,Potential Loyalists
11331,189,1,261.6145858289732,1,1,1,3,Lost
11332,48,6,3431.25637370096,3,4,4,11,Loyal Customers
11333,7,5,1543.8759957168118,5,3,2,10,Loyal Customers
11334,8,5,1815.20291745569,5,3,2,10,Loyal Customers
11335,85,6,3582.804116889589,2,4,5,11,Loyal Customers
11336,249,4,2696.2564452499546,1,2,3,6,At Risk
11337,26,2,951.1294800088356,4,1,1,6,At Risk
11338,125,4,2806.1160049956834,2,2,4,8,Potential Loyalists
11339,15,6,1635.639561916233,5,4,2,11,Loyal Customers
11340,143,2,1090.3966889774993,1,1,1,3,Lost
11341,23,6,2347.734070135401,4,4,3,11,Loyal Customers
11342,11,6,2818.6180123043227,5,4,4,13,Champions
11343,12,7,3240.041830347158,5,4,4,13,Champions
11344,41,4,1943.03623332604,4,2,2,8,Potential Loyalists
11345,305,5,2501.6266634581843,1,3,3,7,Potential Loyalists
11346,39,6,2876.9565972331848,4,4,4,12,Loyal Customers
11347,251,2,1460.8315064254753,1,1,2,4,At Risk
11348,313,2,589.306218157818,1,1,1,3,Lost
11349,42,4,2432.154935635556,4,2,3,9,Potential Loyalists
11350,114,3,2321.086283737988,2,1,3,6,At Risk
11351,29,8,3788.7180731785625,4,5,5,14,Champions
11352,80,5,3376.2621725733457,2,3,4,9,Potential Loyalists
11353,16,5,2660.1515089643685,5,3,3,11,Loyal Customers
11354,62,8,2826.417958625876,3,5,4,12,Loyal Customers
11355,38,8,4784.227698076787,4,5,5,14,Champions
11356,121,3,1025.9926001149042,2,1,1,4,At Risk
11357,9,7,3776.184447490638,5,4,5,14,Champions
11358,46,7,3017.8648994054483,3,4,4,11,Loyal Customers
11359,74,5,2273.209477017638,3,3,3,9,Potential Loyalists
11360,156,6,1766.0001332858888,1,4,2,7,Potential Loyalists
11361,34,9,3219.61260398637,4,5,4,13,Champions
11362,17,8,3838.5675034059977,5,5,5,15,Champions
11363,24,2,943.5768532999784,4,1,1,6,At Risk
11364,11,7,3287.4625208449943,5,4,4,13,Champions
11365,43,6,3774.984014330512,4,4,5,13,Champions
11366,37,9,3779.444191360459,4,5,5,14,Champions
11367,8,6,3037.065289449454,5,4,4,13,Champions
11368,287,4,670.9255421443934,1,2,1,4,At Risk
11369,36,5,3383.690554011558,4,3,4,11,Loyal Customers
11370,67,6,3988.495352969562,3,4,5,12,Loyal Customers
11371,228,4,2013.0900726378088,1,2,2,5,At Risk
11372,132,8,3010.35649583668,2,5,4,11,Loyal Customers
11373,40,2,736.8941130361294,4,1,1,6,At Risk
11374,40,3,1968.9603661106255,4,1,2,7,Potential Loyalists
11375,6,4,905.9638896861836,5,2,1,8,Potential Loyalists
11376,72,6,3592.778244253512,3,4,5,12,Loyal Customers
11377,146,7,2224.4244616412075,1,4,3,8,Potential Loyalists
11378,55,4,2023.1106616214545,3,2,2,7,Potential Loyalists
11379,11,10,4472.472343998445,5,5,5,15,Champions
11380,177,4,1878.2958056297568,1,2,2,5,At Risk
11381,106,3,2219.90331640586,2,1,3,6,At Risk
11382,27,8,2080.5581221793977,4,5,2,11,Loyal Customers
11383,13,7,3787.9969747482137,5,4,5,14,Champions
11384,144,7,2369.431929702064,1,4,3,8,Potential Loyalists
11385,65,5,3030.147588101893,3,3,4,10,Loyal Customers
11386,178,3,753.9168653309274,1,1,1,3,Lost
11387,10,6,2443.927732818561,5,4,3,12,Loyal Customers
11388,132,9,5578.067430209352,2,5,5,12,Loyal Customers
11389,224,7,4199.196296298171,1,4,5,10,Loyal Customers
11390,41,7,3491.6060615637293,4,4,4,12,Loyal Customers
11391,41,3,1176.246465134845,4,1,1,6,At Risk
11392,34,5,1804.123376773748,4,3,2,9,Potential Loyalists
11393,16,6,3928.0621361484,5,4,5,14,Champions
11394,31,5,1110.143579639229,4,3,1,8,Potential Loyalists
11395,58,8,4399.154458426893,3,5,5,13,Champions
11396,18,4,2685.1789677930037,5,2,3,10,Loyal Customers
11397,32,4,3312.45648052884,4,2,4,10,Loyal Customers
11398,46,1,548.7252877128386,3,1,1,5,At Risk
11399,116,3,861.9807969934941,2,1,1,4,At Risk
11400,10,5,1322.8568681600996,5,3,1,9,Potential Loyalists
11401,146,3,1163.79482575068,1,1,1,3,Lost
11402,40,8,3930.691711105371,4,5,5,14,Champions
11403,362,1,516.3880094244454,1,1,1,3,Lost
11404,9,11,4336.054035672794,5,5,5,15,Champions
11405,31,5,1129.147417249415,4,3,1,8,Potential Loyalists
11406,36,10,4625.194044384653,4,5,5,14,Champions
11407,94,4,2261.926731961941,2,2,3,7,Potential Loyalists
11408,77,5,3194.667898335352,2,3,4,9,Potential Loyalists
11409,27,7,3660.271664817457,4,4,5,13,Champions
11410,48,8,4184.519359035083,3,5,5,13,Champions
11411,1,5,3493.382255665847,5,3,4,12,Loyal Customers
11412,121,3,1036.1108097692695,2,1,1,4,At Risk
11413,105,4,1060.2774789211433,2,2,1,5,At Risk
11414,90,2,1273.3540304813123,2,1,1,4,At Risk
11415,294,3,1019.3748277091628,1,1,1,3,Lost
11416,37,5,2678.8028410962397,4,3,3,10,Loyal Customers
11417,55,7,4559.405166439348,3,4,5,12,Loyal Customers
11418,24,9,5130.47873274451,4,5,5,14,Champions
11419,98,5,2590.219043477525,2,3,3,8,Potential Loyalists
11420,45,6,3112.3612387450817,3,4,4,11,Loyal Customers
11421,59,4,2107.887772424595,3,2,3,8,Potential Loyalists
11422,52,6,2862.4647615775,3,4,4,11,Loyal Customers
11423,233,3,981.8132098095124,1,1,1,3,Lost
11424,6,3,1899.383472219169,5,1,2,8,Potential Loyalists
11425,12,2,1567.1208173127106,5,1,2,8,Potential Loyalists
11426,9,7,3051.793473543215,5,4,4,13,Champions
11427,9,5,1526.725436566997,5,3,2,10,Loyal Customers
11428,35,5,2330.351903149433,4,3,3,10,Loyal Customers
11429,91,6,3320.1513586349065,2,4,4,10,Loyal Customers
11430,3,6,3104.426877040641,5,4,4,13,Champions
11431,111,2,1287.858770042846,2,1,1,4,At Risk
11432,80,4,2329.267734592747,2,2,3,7,Potential Loyalists
11433,11,5,1375.5157778621256,5,3,1,9,Potential Loyalists
11434,41,1,341.3398588538623,4,1,1,6,At Risk
11435,98,4,1819.960207634483,2,2,2,6,At Risk
11436,169,1,341.29869843012244,1,1,1,3,Lost
11437,61,7,3204.911564154854,3,4,4,11,Loyal Customers
11438,84,4,1721.0379323980874,2,2,2,6,At Risk
11439,42,6,3007.326146209388,4,4,4,12,Loyal Customers
11440,2,4,1652.0599198024668,5,2,2,9,Potential Loyalists
11441,21,9,5696.393955071137,4,5,5,14,Champions
11442,345,1,873.5183353490653,1,1,1,3,Lost
11443,145,4,1585.5617948782174,1,2,2,5,At Risk
11444,84,2,688.5564058109849,2,1,1,4,At Risk
11445,96,3,769.0979680568616,2,1,1,4,At Risk
11446,80,4,2211.374172287377,2,2,3,7,Potential Loyalists
11447,38,9,4626.182079570403,4,5,5,14,Champions
11448,35,7,3882.545639297604,4,4,5,13,Champions
11449,197,2,937.4810307403408,1,1,1,3,Lost
11450,26,5,2706.604236745246,4,3,3,10,Loyal Customers
11451,106,5,3367.590376655143,2,3,4,9,Potential Loyalists
11452,104,4,1110.8297769617584,2,2,1,5,At Risk
11453,249,3,475.0395601779426,1,1,1,3,Lost
11454,71,3,1626.1892827186643,3,1,2,6,At Risk
11455,24,4,1848.5892324131437,4,2,2,8,Potential Loyalists
11456,8,8,5225.592765630187,5,5,5,15,Champions
11457,96,5,2991.137958040711,2,3,4,9,Potential Loyalists
11458,230,2,1317.6621759017912,1,1,1,3,Lost
11459,66,4,1604.8409131700944,3,2,2,7,Potential Loyalists
11460,86,6,2452.954958655637,2,4,3,9,Potential Loyalists
11461,52,6,3134.053922548001,3,4,4,11,Loyal Customers
11462,16,8,5223.113535840093,5,5,5,15,Champions
11463,124,5,1682.8239724287755,2,3,2,7,Potential Loyalists
11464,36,4,2972.687973747252,4,2,4,10,Loyal Customers
11465,31,4,2393.0040761578493,4,2,3,9,Potential Loyalists
11466,31,5,1990.876132821532,4,3,2,9,Potential Loyalists
11467,32,8,4080.042088273593,4,5,5,14,Champions
11468,23,5,2293.1669767145063,4,3,3,10,Loyal Customers
11469,93,7,3310.1337680636275,2,4,4,10,Loyal Customers
11470,120,5,1999.0779606096971,2,3,2,7,Potential Loyalists
11471,16,4,1205.8674359776903,5,2,1,8,Potential Loyalists
11472,21,9,4388.871329465984,4,5,5,14,Champions
11473,60,4,1015.5019695102,3,2,1,6,At Risk
11474,20,6,2944.4646124394067,4,4,4,12,Loyal Customers
11475,35,6,2765.7724659101323,4,4,4,12,Loyal Customers
11476,210,4,2485.4479171736184,1,2,3,6,At Risk
11477,37,3,1688.1985763936707,4,1,2,7,Potential Loyalists
11478,79,4,2138.8136594635803,2,2,3,7,Potential Loyalists
11479,8,5,1925.1550514268404,5,3,2,10,Loyal Customers
11480,1,6,3430.632159223714,5,4,4,13,Champions
11481,32,4,3121.523274437409,4,2,4,10,Loyal Customers
11482,60,4,2049.264009749423,3,2,2,7,Potential Loyalists
11483,57,6,3686.894516413807,3,4,5,12,Loyal Customers
11484,214,1,684.3094934428489,1,1,1,3,Lost
11485,17,4,3044.044656103629,5,2,4,11,Loyal Customers
11486,165,5,2501.948259213977,1,3,3,7,Potential Loyalists
11487,214,3,1583.760358670681,1,1,2,4,At Risk
11488,105,6,3615.857691155132,2,4,5,11,Loyal Customers
11489,4,8,4249.11166930784,5,5,5,15,Champions
11490,218,2,1324.3015831141488,1,1,1,3,Lost
11491,1,4,2271.450436921327,5,2,3,10,Loyal Customers
11492,149,4,1842.2596178515644,1,2,2,5,At Risk
11493,12,5,1260.473107218775,5,3,1,9,Potential Loyalists
11494,15,5,2958.005761606252,5,3,4,12,Loyal Customers
11495,22,7,4003.262484570015,4,4,5,13,Champions
11496,18,7,4458.392313223804,5,4,5,14,Champions
11497,52,4,1764.5728862327824,3,2,2,7,Potential Loyalists
11498,4,8,4001.857412463553,5,5,5,15,Champions
11499,139,2,1497.7840532254188,1,1,2,4,At Risk
11500,143,4,2464.36037940773,1,2,3,6,At Risk
11501,169,7,2762.698724883479,1,4,4,9,Potential Loyalists
11502,27,8,2148.897185057046,4,5,3,12,Loyal Customers
11503,8,10,3806.9347486915526,5,5,5,15,Champions
11504,311,1,388.5631560626127,1,1,1,3,Lost
11505,16,3,1653.8717589031094,5,1,2,8,Potential Loyalists
11506,48,8,2266.0081347846835,3,5,3,11,Loyal Customers
11507,228,4,2347.7968404419107,1,2,3,6,At Risk
11508,40,3,2321.750497687834,4,1,3,8,Potential Loyalists
11509,244,4,2060.1802127100063,1,2,2,5,At Risk
11510,13,3,1126.7615189140836,5,1,1,7,Potential Loyalists
11511,70,4,2503.668602563738,3,2,3,8,Potential Loyalists
11512,9,2,1068.313158580131,5,1,1,7,Potential Loyalists
11513,177,2,828.8422982629723,1,1,1,3,Lost
11514,122,3,1958.800578115415,2,1,2,5,At Risk
11515,14,7,3760.766601648205,5,4,5,14,Champions
11516,5,9,5084.1070520817775,5,5,5,15,Champions
11517,52,3,2344.645271371883,3,1,3,7,Potential Loyalists
11518,71,6,2062.077109925265,3,4,2,9,Potential Loyalists
11519,72,2,986.624236418784,3,1,1,5,At Risk
11520,23,3,363.2901043121031,4,1,1,6,At Risk
11521,138,2,1069.124099178263,1,1,1,3,Lost
11522,1,8,4212.150957699575,5,5,5,15,Champions
11523,51,4,1884.2165372989648,3,2,2,7,Potential Loyalists
11524,22,5,2246.3876614920696,4,3,3,10,Loyal Customers
11525,38,4,1785.0113536879508,4,2,2,8,Potential Loyalists
11526,45,8,4566.46301964904,3,5,5,13,Champions
11527,28,10,5282.182351891802,4,5,5,14,Champions
11528,50,3,1048.0050072689394,3,1,1,5,At Risk
11529,6,5,2740.701086928118,5,3,4,12,Loyal Customers
11530,116,5,3957.1964201713863,2,3,5,10,Loyal Customers
11531,140,3,1852.915883450972,1,1,2,4,At Risk
11532,19,9,5084.937209040403,5,5,5,15,Champions
11533,106,5,2274.37598847816,2,3,3,8,Potential Loyalists
11534,20,5,1906.0785841207444,4,3,2,9,Potential Loyalists
11535,348,1,266.40042924256943,1,1,1,3,Lost
11536,15,5,2704.710585573976,5,3,3,11,Loyal Customers
11537,247,2,695.4392571613953,1,1,1,3,Lost
11538,24,8,5304.759301477667,4,5,5,14,Champions
11539,16,4,1855.2714904338736,5,2,2,9,Potential Loyalists
11540,1,4,1552.403533410728,5,2,2,9,Potential Loyalists
11541,61,9,5683.4305726851935,3,5,5,13,Champions
11542,27,3,1595.0639079537414,4,1,2,7,Potential Loyalists
11543,43,8,3038.9080143147867,4,5,4,13,Champions
11544,51,7,4170.28527063794,3,4,5,12,Loyal Customers
11545,120,5,1735.0510836622689,2,3,2,7,Potential Loyalists
11546,8,11,5233.620044051693,5,5,5,15,Champions
11547,100,5,3236.5852469567158,2,3,4,9,Potential Loyalists
11548,107,8,3710.74616049898,2,5,5,12,Loyal Customers
11549,2,6,2370.467970838058,5,4,3,12,Loyal Customers
11550,84,5,3118.404504772824,2,3,4,9,Potential Loyalists
11551,7,7,3754.58733204715,5,4,5,14,Champions
11552,9,7,3390.758475081852,5,4,4,13,Champions
11553,107,6,3633.664936120373,2,4,5,11,Loyal Customers
11554,8,6,4207.806504590957,5,4,5,14,Champions
11555,101,3,2209.156015622314,2,1,3,6,At Risk
11556,205,6,4007.15672144856,1,4,5,10,Loyal Customers
11557,12,4,1240.1724901861464,5,2,1,8,Potential Loyalists
11558,366,1,927.1395124840268,1,1,1,3,Lost
11559,97,8,3899.533974523595,2,5,5,12,Loyal Customers
11560,22,5,3132.6737322017,4,3,4,11,Loyal Customers
11561,13,6,3172.07993666545,5,4,4,13,Champions
11562,39,10,4737.487505291972,4,5,5,14,Champions
11563,137,4,1733.8576249798996,1,2,2,5,At Risk
11564,44,5,2038.5533927847396,3,3,2,8,Potential Loyalists
11565,55,5,1818.1674652531456,3,3,2,8,Potential Loyalists
11566,20,8,3003.587119056797,4,5,4,13,Champions
11567,125,3,496.8693452960759,2,1,1,4,At Risk
11568,53,6,3125.4166599435703,3,4,4,11,Loyal Customers
11569,106,6,2384.4263874551407,2,4,3,9,Potential Loyalists
11570,177,7,5397.152816838275,1,4,5,10,Loyal Customers
11571,386,1,788.4911959141514,1,1,1,3,Lost
11572,24,8,5044.948832589903,4,5,5,14,Champions
11573,85,3,1608.3705223402123,2,1,2,5,At Risk
11574,12,7,3012.4786261714926,5,4,4,13,Champions
11575,129,4,2569.8870373362493,2,2,3,7,Potential Loyalists
11576,7,4,1647.2387836024154,5,2,2,9,Potential Loyalists
11577,154,1,397.1885327224884,1,1,1,3,Lost
11578,42,5,2419.769527293318,4,3,3,10,Loyal Customers
11579,34,4,3188.864349261184,4,2,4,10,Loyal Customers
11580,41,5,1651.432010132324,4,3,2,9,Potential Loyalists
11581,46,2,233.05536111061036,3,1,1,5,At Risk
11582,58,5,1723.7750811020148,3,3,2,8,Potential Loyalists
11583,53,5,3181.606571686686,3,3,4,10,Loyal Customers
11584,321,1,684.7237763919284,1,1,1,3,Lost
11585,92,2,594.3767848200839,2,1,1,4,At Risk
11586,98,5,2721.0900362099565,2,3,3,8,Potential Loyalists
11587,5,9,5167.678883302523,5,5,5,15,Champions
11588,116,4,2305.974531218781,2,2,3,7,Potential Loyalists
11589,44,4,3030.1736475247226,3,2,4,9,Potential Loyalists
11590,159,3,1995.229318495828,1,1,2,4,At Risk
11591,164,2,791.5075687549461,1,1,1,3,Lost
11592,54,9,2930.116797409748,3,5,4,12,Loyal Customers
11593,290,2,1244.0947495724415,1,1,1,3,Lost
11594,2,4,1158.3149604094342,5,2,1,8,Potential Loyalists
11595,52,4,1564.4605619750464,3,2,2,7,Potential Loyalists
11596,79,3,1847.2590179176868,2,1,2,5,At Risk
11597,59,7,3000.6272414423443,3,4,4,11,Loyal Customers
11598,101,4,1514.998289273745,2,2,2,6,At Risk
11599,206,5,4189.892258300105,1,3,5,9,Potential Loyalists
11600,324,1,447.56867522843294,1,1,1,3,Lost
11601,144,6,2663.831024901825,1,4,3,8,Potential Loyalists
11602,36,9,4116.363006769678,4,5,5,14,Champions
11603,1,5,1853.970448036297,5,3,2,10,Loyal Customers
11604,33,1,845.5298186510471,4,1,1,6,At Risk
11605,5,9,4609.309645723304,5,5,5,15,Champions
11606,46,9,4105.2749177213245,3,5,5,13,Champions
11607,31,6,3038.248825271358,4,4,4,12,Loyal Customers
11608,76,7,2944.644466165988,3,4,4,11,Loyal Customers
11609,45,2,921.9232102465256,3,1,1,5,At Risk
11610,20,5,2782.8731084932606,4,3,4,11,Loyal Customers
11611,32,7,4053.1651181950456,4,4,5,13,Champions
11612,103,3,2058.9033523004546,2,1,2,5,At Risk
11613,42,4,2285.581512834477,4,2,3,9,Potential Loyalists
11614,5,8,2916.1786801803296,5,5,4,14,Champions
11615,149,1,252.23254911795684,1,1,1,3,Lost
11616,28,8,2987.485582685289,4,5,4,13,Champions
11617,2,5,3190.2912302493914,5,3,4,12,Loyal Customers
11618,7,9,5610.751217833669,5,5,5,15,Champions
11619,27,2,954.4146724390874,4,1,1,6,At Risk
11620,86,7,4576.8611539450485,2,4,5,11,Loyal Customers
11621,9,13,6208.395339013257,5,5,5,15,Champions
11622,25,2,1063.6773630610942,4,1,1,6,At Risk
11623,24,6,1961.6513074225916,4,4,2,10,Loyal Customers
11624,167,4,2167.095111115511,1,2,3,6,At Risk
11625,191,6,3620.424140246788,1,4,5,10,Loyal Customers
11626,10,8,3075.646726482291,5,5,4,14,Champions
11627,146,2,1582.964275212449,1,1,2,4,At Risk
11628,78,7,2545.9932741084426,2,4,3,9,Potential Loyalists
11629,21,4,2063.369534452397,4,2,2,8,Potential Loyalists
11630,38,7,3311.5364614104637,4,4,4,12,Loyal Customers
11631,59,6,2658.4231461909994,3,4,3,10,Loyal Customers
11632,41,4,1137.039019334784,4,2,1,7,Potential Loyalists
11633,58,3,976.2856557210808,3,1,1,5,At Risk
11634,9,5,2188.229682783129,5,3,3,11,Loyal Customers
11635,11,10,4704.5365994591575,5,5,5,15,Champions
11636,133,6,2019.5019185105248,2,4,2,8,Potential Loyalists
11637,2,6,2651.270373103775,5,4,3,12,Loyal Customers
11638,11,8,4231.907294045182,5,5,5,15,Champions
11639,7,3,1688.9787536770214,5,1,2,8,Potential Loyalists
11640,39,6,1571.0175504026706,4,4,2,10,Loyal Customers
11641,16,1,903.2561343653216,5,1,1,7,Potential Loyalists
11642,250,3,1377.4035446733778,1,1,1,3,Lost
11643,68,4,2588.162314888897,3,2,3,8,Potential Loyalists
11644,27,6,2114.508175951736,4,4,3,11,Loyal Customers
11645,289,2,1060.102831695974,1,1,1,3,Lost
11646,101,4,2250.843977651874,2,2,3,7,Potential Loyalists
11647,10,8,3457.871665128635,5,5,4,14,Champions
11648,77,7,3020.8453213338253,2,4,4,10,Loyal Customers
11649,65,6,3074.1082729247,3,4,4,11,Loyal Customers
11650,98,5,1445.31188440206,2,3,2,7,Potential Loyalists
11651,33,5,2725.786010167485,4,3,3,10,Loyal Customers
11652,7,2,1198.6117007737969,5,1,1,7,Potential Loyalists
11653,141,3,2231.169634714752,1,1,3,5,At Risk
11654,141,7,3530.09222071451,1,4,4,9,Potential Loyalists
11655,114,11,5926.649432685909,2,5,5,12,Loyal Customers
11656,295,2,1972.016515899305,1,1,2,4,At Risk
11657,4,8,3569.989486704808,5,5,5,15,Champions
11658,43,5,2788.012924324691,4,3,4,11,Loyal Customers
11659,38,8,4021.733370838531,4,5,5,14,Champions
11660,203,3,1463.57151888923,1,1,2,4,At Risk
11661,98,8,3480.701202809548,2,5,4,11,Loyal Customers
11662,98,2,1884.8781072130687,2,1,2,5,At Risk
11663,37,2,1362.8095865935204,4,1,1,6,At Risk
11664,19,8,3186.120145947053,5,5,4,14,Champions
11665,53,3,2115.6205404354696,3,1,3,7,Potential Loyalists
11666,31,9,6448.649825464615,4,5,5,14,Champions
11667,37,8,3326.915225577163,4,5,4,13,Champions
11668,6,7,4226.318364268298,5,4,5,14,Champions
11669,117,2,1305.3599137288593,2,1,1,4,At Risk
11670,158,1,142.94828668588394,1,1,1,3,Lost
11671,36,2,1775.203469443665,4,1,2,7,Potential Loyalists
11672,22,4,2773.602320491384,4,2,4,10,Loyal Customers
11673,213,5,1741.2153250099038,1,3,2,6,At Risk
11674,23,6,2498.415083190021,4,4,3,11,Loyal Customers
11675,133,6,2850.15587783154,2,4,4,10,Loyal Customers
11676,1,5,2963.623941340373,5,3,4,12,Loyal Customers
11677,69,3,1698.9654499950557,3,1,2,6,At Risk
11678,120,5,2864.074146916076,2,3,4,9,Potential Loyalists
11679,75,5,2097.750467458884,3,3,3,9,Potential Loyalists
11680,199,3,1669.0206351013403,1,1,2,4,At Risk
11681,26,3,1297.9791899165407,4,1,1,6,At Risk
11682,4,3,428.8782004631007,5,1,1,7,Potential Loyalists
11683,30,5,1932.981827833752,4,3,2,9,Potential Loyalists
11684,106,3,1633.5420914854365,2,1,2,5,At Risk
11685,35,2,1020.7964598840364,4,1,1,6,At Risk
11686,3,8,3765.725286008837,5,5,5,15,Champions
11687,2,7,2847.1285892171195,5,4,4,13,Champions
11688,77,4,1313.183336177898,2,2,1,5,At Risk
11689,25,9,2980.75884768016,4,5,4,13,Champions
11690,30,7,2604.6106649550206,4,4,3,11,Loyal Customers
11691,19,7,2803.6061757560565,5,4,4,13,Champions
11692,30,7,3954.5056402219993,4,4,5,13,Champions
11693,260,2,1235.1070621068063,1,1,1,3,Lost
11694,4,10,5011.196821331392,5,5,5,15,Champions
11695,147,4,1399.0334050703668,1,2,1,4,At Risk
11696,77,5,3000.156297704314,2,3,4,9,Potential Loyalists
11697,106,2,1533.0678857999264,2,1,2,5,At Risk
11698,75,3,966.2655736792768,3,1,1,5,At Risk
11699,79,4,2488.061656619892,2,2,3,7,Potential Loyalists
11700,12,11,6039.860599212739,5,5,5,15,Champions
11701,54,5,2011.761805841611,3,3,2,8,Potential Loyalists
11702,210,4,2722.2552657080723,1,2,3,6,At Risk
11703,62,8,3846.0029130839625,3,5,5,13,Champions
11704,164,2,963.226968386022,1,1,1,3,Lost
11705,2,3,1401.543283350767,5,1,1,7,Potential Loyalists
11706,23,3,1164.948509731662,4,1,1,6,At Risk
11707,52,4,1695.422654974943,3,2,2,7,Potential Loyalists
11708,188,5,3346.30371375744,1,3,4,8,Potential Loyalists
11709,162,2,601.4533711013705,1,1,1,3,Lost
11710,26,8,3079.9659521509548,4,5,4,13,Champions
11712,101,4,1857.696997547774,2,2,2,6,At Risk
11713,130,5,3618.378215635207,2,3,5,10,Loyal Customers
11714,146,6,2402.5367267500887,1,4,3,8,Potential Loyalists
11715,63,4,937.355626290744,3,2,1,6,At Risk
11716,46,3,1405.7436262894112,3,1,1,5,At Risk
11717,31,10,6288.56211821301,4,5,5,14,Champions
11718,105,6,2789.265872315696,2,4,4,10,Loyal Customers
11719,34,5,3129.9312988542347,4,3,4,11,Loyal Customers
11720,74,6,3511.6060355841464,3,4,4,11,Loyal Customers
11721,47,5,2926.601110471126,3,3,4,10,Loyal Customers
11722,35,7,2709.974523030161,4,4,3,11,Loyal Customers
11723,68,5,2908.1129687902644,3,3,4,10,Loyal Customers
11724,160,2,802.5128596614718,1,1,1,3,Lost
11725,37,8,4886.4408667686885,4,5,5,14,Champions
11726,46,10,5841.650287864878,3,5,5,13,Champions
11727,234,3,1549.8566663518968,1,1,2,4,At Risk
11728,105,4,3207.805987415913,2,2,4,8,Potential Loyalists
11729,36,4,1659.6040457088006,4,2,2,8,Potential Loyalists
11730,37,4,1504.416087980032,4,2,2,8,Potential Loyalists
11731,68,9,3844.020311959692,3,5,5,13,Champions
11732,54,2,679.5765997996299,3,1,1,5,At Risk
11733,28,5,3339.2514892684685,4,3,4,11,Loyal Customers
11734,33,6,3121.4684403456044,4,4,4,12,Loyal Customers
11735,99,4,2721.3141975031044,2,2,3,7,Potential Loyalists
11736,1,5,3059.4679385996305,5,3,4,12,Loyal Customers
11737,101,2,519.4409487514425,2,1,1,4,At Risk
11738,5,9,5610.51466918214,5,5,5,15,Champions
11739,244,3,1641.52895804914,1,1,2,4,At Risk
11740,108,4,2998.911952942987,2,2,4,8,Potential Loyalists
11741,72,5,3025.8085742209405,3,3,4,10,Loyal Customers
11742,66,4,1211.5843675998742,3,2,1,6,At Risk
11743,30,5,1212.587804935889,4,3,1,8,Potential Loyalists
11744,73,3,1379.8251651361709,3,1,1,5,At Risk
11745,155,5,2303.1284142032205,1,3,3,7,Potential Loyalists
11746,145,3,2221.10586194297,1,1,3,5,At Risk
11747,110,8,4765.458486185484,2,5,5,12,Loyal Customers
11748,67,4,3208.381585811832,3,2,4,9,Potential Loyalists
11749,86,3,1354.4998894493267,2,1,1,4,At Risk
11750,142,5,3016.8518136608304,1,3,4,8,Potential Loyalists
11751,19,7,1622.6844362836955,5,4,2,11,Loyal Customers
11752,26,5,1258.1733746452455,4,3,1,8,Potential Loyalists
11753,60,8,3841.3241094035066,3,5,5,13,Champions
11754,41,9,2872.509707573001,4,5,4,13,Champions
11755,36,4,2599.812850812884,4,2,3,9,Potential Loyalists
11756,97,5,3563.7384990174683,2,3,5,10,Loyal Customers
11757,47,7,4954.775399928484,3,4,5,12,Loyal Customers
11758,39,8,4047.190252244212,4,5,5,14,Champions
11759,56,4,3198.4935143686835,3,2,4,9,Potential Loyalists
11760,93,7,4244.002237684536,2,4,5,11,Loyal Customers
11761,37,4,1780.7030943149218,4,2,2,8,Potential Loyalists
11762,299,3,1351.3343601816364,1,1,1,3,Lost
11763,71,4,2749.998856223212,3,2,4,9,Potential Loyalists
11764,81,3,1051.81940125319,2,1,1,4,At Risk
11765,7,4,2841.797468170801,5,2,4,11,Loyal Customers
11766,144,3,1744.5994876310683,1,1,2,4,At Risk
11767,13,4,1548.0534416522978,5,2,2,9,Potential Loyalists
11768,17,4,1895.3819639162637,5,2,2,9,Potential Loyalists
11769,7,5,2186.761017857917,5,3,3,11,Loyal Customers
11770,66,5,3753.650582827919,3,3,5,11,Loyal Customers
11771,38,4,2482.846512567972,4,2,3,9,Potential Loyalists
11772,82,4,2479.768640360419,2,2,3,7,Potential Loyalists
11773,17,6,2835.929903927257,5,4,4,13,Champions
11774,128,6,2090.2108363292136,2,4,3,9,Potential Loyalists
11775,105,5,3411.668084294657,2,3,4,9,Potential Loyalists
11776,50,3,1245.0281894938591,3,1,1,5,At Risk
11777,36,4,1969.9687381499407,4,2,2,8,Potential Loyalists
11778,5,9,5414.560763418835,5,5,5,15,Champions
11779,104,9,5465.8996654486855,2,5,5,12,Loyal Customers
11780,42,6,2743.2800462818163,4,4,4,12,Loyal Customers
11781,96,6,3826.13485945499,2,4,5,11,Loyal Customers
11782,32,8,3088.5496925883817,4,5,4,13,Champions
11783,2,5,2724.9035883834504,5,3,3,11,Loyal Customers
11784,127,8,4374.400676808921,2,5,5,12,Loyal Customers
11785,39,3,1337.5014159575749,4,1,1,6,At Risk
11786,51,6,2246.3492747244104,3,4,3,10,Loyal Customers
11787,218,2,1307.0110957159302,1,1,1,3,Lost
11788,3,10,7025.2589893797685,5,5,5,15,Champions
11789,48,3,1568.0253682737075,3,1,2,6,At Risk
11790,118,6,3883.516502634626,2,4,5,11,Loyal Customers
11791,114,5,2631.6647578303982,2,3,3,8,Potential Loyalists
11792,329,1,532.8512280525682,1,1,1,3,Lost
11793,330,2,568.0586791487165,1,1,1,3,Lost
11794,199,5,1962.9353129533592,1,3,2,6,At Risk
11795,30,7,3057.797887156199,4,4,4,12,Loyal Customers
11796,21,4,1925.4021963150456,4,2,2,8,Potential Loyalists
11797,83,3,701.4549541492736,2,1,1,4,At Risk
11798,53,8,2994.9229649419126,3,5,4,12,Loyal Customers
11799,55,5,2827.7946279460434,3,3,4,10,Loyal Customers
11800,14,4,2434.7638720344617,5,2,3,10,Loyal Customers
11801,43,6,2470.049446932668,4,4,3,11,Loyal Customers
11802,67,4,1563.453283853042,3,2,2,7,Potential Loyalists
11803,41,5,3017.760836871361,4,3,4,11,Loyal Customers
11804,2,5,3139.72922573851,5,3,4,12,Loyal Customers
11805,80,6,3042.1985935489383,2,4,4,10,Loyal Customers
11806,220,2,1184.1200052420277,1,1,1,3,Lost
11807,62,7,3287.734814135592,3,4,4,11,Loyal Customers
11808,185,3,947.1014376416948,1,1,1,3,Lost
11809,49,3,2381.980676260104,3,1,3,7,Potential Loyalists
11810,12,5,990.9496843524056,5,3,1,9,Potential Loyalists
11811,14,4,1980.4959718207087,5,2,2,9,Potential Loyalists
11812,41,3,1649.1338118742,4,1,2,7,Potential Loyalists
11813,247,3,1566.6732877829786,1,1,2,4,At Risk
11814,14,6,2285.7025275475776,5,4,3,12,Loyal Customers
11815,286,2,1259.976806024133,1,1,1,3,Lost
11816,187,3,968.4729462149704,1,1,1,3,Lost
11817,200,3,1737.5229172958543,1,1,2,4,At Risk
11818,42,9,3995.91803295101,4,5,5,14,Champions
11819,34,4,2619.712667259449,4,2,3,9,Potential Loyalists
11820,38,7,5400.355307842498,4,4,5,13,Champions
11821,7,6,2188.5867756933267,5,4,3,12,Loyal Customers
11822,44,8,4248.608955651371,3,5,5,13,Champions
11823,14,3,1431.7034644954117,5,1,2,8,Potential Loyalists
11824,16,11,3549.3051394382146,5,5,5,15,Champions
11825,158,4,526.0262022815934,1,2,1,4,At Risk
11826,51,3,1678.5264821681271,3,1,2,6,At Risk
11827,60,6,5376.244885055337,3,4,5,12,Loyal Customers
11828,48,7,3691.4600663648807,3,4,5,12,Loyal Customers
11829,91,7,4052.301592787576,2,4,5,11,Loyal Customers
11830,46,3,1981.289774854322,3,1,2,6,At Risk
11831,31,5,2266.584951492045,4,3,3,10,Loyal Customers
11832,22,6,2250.802127260313,4,4,3,11,Loyal Customers
11833,31,7,4440.490948604994,4,4,5,13,Champions
11834,79,6,2342.5182005868987,2,4,3,9,Potential Loyalists
11835,233,3,1085.6507580278153,1,1,1,3,Lost
11836,60,4,1939.4535498331309,3,2,2,7,Potential Loyalists
11837,60,5,2323.6288621850445,3,3,3,9,Potential Loyalists
11838,27,3,1755.2087974405654,4,1,2,7,Potential Loyalists
11839,75,6,3606.737217817465,3,4,5,12,Loyal Customers
11840,43,6,2805.028204080222,4,4,4,12,Loyal Customers
11841,138,5,2699.495047946458,1,3,3,7,Potential Loyalists
11842,135,7,3421.958052212776,1,4,4,9,Potential Loyalists
11843,6,6,3018.6665632847235,5,4,4,13,Champions
11844,28,6,2596.400051285202,4,4,3,11,Loyal Customers
11845,53,9,3940.6138115216,3,5,5,13,Champions
11846,13,6,2351.14539272942,5,4,3,12,Loyal Customers
11847,13,7,3445.131223230633,5,4,4,13,Champions
11848,6,5,1600.8178114651128,5,3,2,10,Loyal Customers
11849,60,7,2903.5252039476745,3,4,4,11,Loyal Customers
11850,69,4,848.2454019955094,3,2,1,6,At Risk
11851,163,4,2234.50847926629,1,2,3,6,At Risk
11852,45,6,2771.8749305545684,3,4,4,11,Loyal Customers
11853,107,5,1765.2877032740953,2,3,2,7,Potential Loyalists
11854,130,4,2085.900726888501,2,2,3,7,Potential Loyalists
11855,5,7,3073.685252065675,5,4,4,13,Champions
11856,120,6,2938.124804125369,2,4,4,10,Loyal Customers
11857,268,3,1188.0228872715306,1,1,1,3,Lost
11858,36,5,2060.446457092278,4,3,2,9,Potential Loyalists
11859,72,10,4351.295659768199,3,5,5,13,Champions
11860,151,4,2085.06968189933,1,2,3,6,At Risk
11861,105,6,3917.151646698158,2,4,5,11,Loyal Customers
11862,12,6,3435.656537601996,5,4,4,13,Champions
11863,47,4,1704.8612176489137,3,2,2,7,Potential Loyalists
11864,83,4,1690.696254438893,2,2,2,6,At Risk
11865,221,2,1187.16353347923,1,1,1,3,Lost
11866,4,7,5069.194121834588,5,4,5,14,Champions
11868,10,8,4136.840210126344,5,5,5,15,Champions
11869,38,6,3600.732984823906,4,4,5,13,Champions
11870,49,2,712.2489003731408,3,1,1,5,At Risk
11871,80,5,3231.3180018634184,2,3,4,9,Potential Loyalists
11872,165,4,1018.6678807977256,1,2,1,4,At Risk
11873,9,6,3213.5434061048736,5,4,4,13,Champions
11874,106,5,2383.829219003491,2,3,3,8,Potential Loyalists
11875,31,6,3874.647360406603,4,4,5,13,Champions
11876,38,5,2925.258876625496,4,3,4,11,Loyal Customers
11877,24,5,3705.117253864526,4,3,5,12,Loyal Customers
11878,14,6,3375.535052975906,5,4,4,13,Champions
11879,10,6,2574.583064059695,5,4,3,12,Loyal Customers
11880,36,4,3473.388603799733,4,2,4,10,Loyal Customers
11881,72,2,559.6476805592163,3,1,1,5,At Risk
11882,4,6,4409.271154270239,5,4,5,14,Champions
11883,85,6,2576.483970969828,2,4,3,9,Potential Loyalists
11884,33,8,5364.4509379538185,4,5,5,14,Champions
11885,59,8,3164.050449552432,3,5,4,12,Loyal Customers
11886,182,4,1781.9631443855192,1,2,2,5,At Risk
11887,104,6,3297.0501196259643,2,4,4,10,Loyal Customers
11888,50,8,3803.7832688708986,3,5,5,13,Champions
11889,87,5,3235.035645067671,2,3,4,9,Potential Loyalists
11890,32,3,1467.5637536866843,4,1,2,7,Potential Loyalists
11891,59,8,3532.316222173381,3,5,4,12,Loyal Customers
11892,212,2,950.5086338733264,1,1,1,3,Lost
11893,82,8,2199.493723498267,2,5,3,10,Loyal Customers
11894,16,6,3306.8857285145973,5,4,4,13,Champions
11895,110,6,4044.121335671079,2,4,5,11,Loyal Customers
11896,28,6,4215.090081481474,4,4,5,13,Champions
11897,65,9,3796.3311357905736,3,5,5,13,Champions
11898,158,7,4301.960703820563,1,4,5,10,Loyal Customers
11899,103,4,2162.200766531761,2,2,3,7,Potential Loyalists
11900,214,4,1629.3422976331356,1,2,2,5,At Risk
11901,87,5,1302.320547920069,2,3,1,6,At Risk
11903,39,6,3654.984908464595,4,4,5,13,Champions
11904,19,9,5398.032936960038,5,5,5,15,Champions
11905,36,6,2460.4276243035047,4,4,3,11,Loyal Customers
11906,54,5,2240.540015712047,3,3,3,9,Potential Loyalists
11907,27,7,3161.2044804944026,4,4,4,12,Loyal Customers
11908,5,10,5606.467673975429,5,5,5,15,Champions
11909,13,7,3782.325038358224,5,4,5,14,Champions
11910,44,5,3326.3395701033764,3,3,4,10,Loyal Customers
11911,49,4,985.39838280307,3,2,1,6,At Risk
11912,335,1,188.98738055112617,1,1,1,3,Lost
11913,177,4,1694.1087354970502,1,2,2,5,At Risk
11914,71,6,3567.1444474610244,3,4,5,12,Loyal Customers
11915,72,5,2763.680205814371,3,3,4,10,Loyal Customers
11916,33,5,2321.6400490878927,4,3,3,10,Loyal Customers
11917,29,3,1518.444645846224,4,1,2,7,Potential Loyalists
11918,42,5,2454.9695494043845,4,3,3,10,Loyal Customers
11919,13,7,2212.563253257299,5,4,3,12,Loyal Customers
11920,18,3,1677.8939149748524,5,1,2,8,Potential Loyalists
11921,70,5,3485.595609307363,3,3,4,10,Loyal Customers
11922,58,3,1782.7157586891983,3,1,2,6,At Risk
11923,41,4,2228.960728671502,4,2,3,9,Potential Loyalists
11924,35,1,693.9151312251199,4,1,1,6,At Risk
11925,22,8,4371.260302022752,4,5,5,14,Champions
11926,64,9,5637.968933146395,3,5,5,13,Champions
11927,16,2,275.6605858387293,5,1,1,7,Potential Loyalists
11928,59,6,1904.7650245879984,3,4,2,9,Potential Loyalists
11929,20,5,2152.5600561577617,4,3,3,10,Loyal Customers
11930,38,4,1671.5564858437529,4,2,2,8,Potential Loyalists
11931,144,5,3045.844423731626,1,3,4,8,Potential Loyalists
11932,86,4,2679.266695823708,2,2,3,7,Potential Loyalists
11933,32,8,3192.7801295841973,4,5,4,13,Champions
11934,30,5,2379.3953087842,4,3,3,10,Loyal Customers
11935,104,5,2227.034242193267,2,3,3,8,Potential Loyalists
11936,1,7,3159.4408239148,5,4,4,13,Champions
11937,46,4,1796.0882207563825,3,2,2,7,Potential Loyalists
11938,52,4,1161.58668044963,3,2,1,6,At Risk
11939,31,4,1424.402049749333,4,2,2,8,Potential Loyalists
11940,17,6,4017.327740518782,5,4,5,14,Champions
11941,8,5,2019.7114773108992,5,3,2,10,Loyal Customers
11942,54,4,1907.347282647366,3,2,2,7,Potential Loyalists
11943,41,6,3284.528878438615,4,4,4,12,Loyal Customers
11944,2,6,3120.940845387755,5,4,4,13,Champions
11945,15,6,3454.160017102936,5,4,4,13,Champions
11946,2,3,1878.4051657384675,5,1,2,8,Potential Loyalists
11947,9,10,4943.877307930794,5,5,5,15,Champions
11948,152,3,1739.8751054389495,1,1,2,4,At Risk
11949,59,7,2538.408838235839,3,4,3,10,Loyal Customers
11950,75,5,2355.8010967657065,3,3,3,9,Potential Loyalists
11951,206,3,1626.4325577829868,1,1,2,4,At Risk
11952,247,4,2012.251058471692,1,2,2,5,At Risk
11953,165,4,1776.36139568552,1,2,2,5,At Risk
11954,61,5,1810.574888857212,3,3,2,8,Potential Loyalists
11955,164,5,2126.176936858505,1,3,3,7,Potential Loyalists
11956,169,6,2367.8136712807286,1,4,3,8,Potential Loyalists
11957,176,3,1576.1669153820349,1,1,2,4,At Risk
11958,14,4,2011.098951411901,5,2,2,9,Potential Loyalists
11959,108,5,3080.6179356163343,2,3,4,9,Potential Loyalists
11960,61,5,1717.2975165700184,3,3,2,8,Potential Loyalists
11961,20,9,3700.856789425063,4,5,5,14,Champions
11962,1,11,4714.332355675423,5,5,5,15,Champions
11963,152,4,2549.2412408117025,1,2,3,6,At Risk
11964,140,6,2110.1122893865336,1,4,3,8,Potential Loyalists
11965,8,3,748.1332192893941,5,1,1,7,Potential Loyalists
11966,106,4,1675.2492678062013,2,2,2,6,At Risk
11967,87,3,1797.9740625854963,2,1,2,5,At Risk
11968,142,6,4195.095506346767,1,4,5,10,Loyal Customers
11969,44,4,2249.22236470002,3,2,3,8,Potential Loyalists
11970,39,6,2737.5161121744613,4,4,3,11,Loyal Customers
11971,31,5,2593.2084473854734,4,3,3,10,Loyal Customers
11972,103,7,3274.278467822683,2,4,4,10,Loyal Customers
11973,24,3,1734.4268676460572,4,1,2,7,Potential Loyalists
11974,16,4,1958.7883011884887,5,2,2,9,Potential Loyalists
11975,23,6,2673.935393561933,4,4,3,11,Loyal Customers
11976,208,2,1079.4959199512252,1,1,1,3,Lost
11977,54,7,4757.921544370651,3,4,5,12,Loyal Customers
11978,5,5,2240.237139978023,5,3,3,11,Loyal Customers
11979,164,2,1398.5334247414053,1,1,1,3,Lost
11980,2,6,2396.4083703496945,5,4,3,12,Loyal Customers
11981,45,5,2236.217889698661,3,3,3,9,Potential Loyalists
11982,114,3,1421.0567688465585,2,1,2,5,At Risk
11983,85,8,3842.816019416373,2,5,5,12,Loyal Customers
11984,106,1,379.9361542960864,2,1,1,4,At Risk
11985,153,5,3205.7323083039737,1,3,4,8,Potential Loyalists
11986,170,4,2119.089824428469,1,2,3,6,At Risk
11987,94,9,4443.957924082978,2,5,5,12,Loyal Customers
11988,5,6,2992.209986785868,5,4,4,13,Champions
11989,69,4,2003.1212807970696,3,2,2,7,Potential Loyalists
11990,37,6,2486.128310146164,4,4,3,11,Loyal Customers
11991,39,6,2993.658640062091,4,4,4,12,Loyal Customers
11992,38,4,2410.853811458422,4,2,3,9,Potential Loyalists
11993,153,8,4852.120127179646,1,5,5,11,Loyal Customers
11994,184,4,1633.91158234141,1,2,2,5,At Risk
11995,38,6,2785.741862421712,4,4,4,12,Loyal Customers
11996,62,6,5083.838647495035,3,4,5,12,Loyal Customers
11997,81,6,3047.5791594486086,2,4,4,10,Loyal Customers
11998,32,6,3601.1528847281297,4,4,5,13,Champions
11999,72,5,2062.421499469692,3,3,2,8,Potential Loyalists
12000,228,6,2356.98729495966,1,4,3,8,Potential Loyalists
12001,88,6,2907.6242282753883,2,4,4,10,Loyal Customers
12002,24,4,1925.0185415981373,4,2,2,8,Potential Loyalists
12003,153,3,1688.1337402148315,1,1,2,4,At Risk
12004,51,4,2024.0257392183528,3,2,2,7,Potential Loyalists
12005,215,1,889.7854010603323,1,1,1,3,Lost
12006,120,4,2200.469264860066,2,2,3,7,Potential Loyalists
12007,10,8,4932.905927497292,5,5,5,15,Champions
12008,22,5,1793.176617478961,4,3,2,9,Potential Loyalists
12009,290,1,314.98736283565444,1,1,1,3,Lost
12010,30,1,256.08696228165314,4,1,1,6,At Risk
12011,35,7,3330.6400046188764,4,4,4,12,Loyal Customers
12012,118,4,615.6259480601909,2,2,1,5,At Risk
12013,173,2,1140.7501731461791,1,1,1,3,Lost
12014,16,4,2294.438079041884,5,2,3,10,Loyal Customers
12015,23,7,2220.6505026070386,4,4,3,11,Loyal Customers
12016,81,8,5383.738455017883,2,5,5,12,Loyal Customers
12017,198,5,3169.6196589672118,1,3,4,8,Potential Loyalists
12018,12,6,3350.530452162469,5,4,4,13,Champions
12019,238,3,893.65342883476,1,1,1,3,Lost
12020,6,9,3467.6936762253545,5,5,4,14,Champions
12021,83,4,2788.957718506669,2,2,4,8,Potential Loyalists
12022,102,8,3944.3262822687952,2,5,5,12,Loyal Customers
12023,100,6,3930.990706382276,2,4,5,11,Loyal Customers
12024,31,10,4596.822574492136,4,5,5,14,Champions
12025,25,10,6229.84429782555,4,5,5,14,Champions
12026,76,7,2161.5833277078336,3,4,3,10,Loyal Customers
12027,58,6,3858.5682082396415,3,4,5,12,Loyal Customers
12028,147,5,4127.027017285899,1,3,5,9,Potential Loyalists
12029,34,3,606.483006465364,4,1,1,6,At Risk
12030,10,3,547.4992124124902,5,1,1,7,Potential Loyalists
12031,36,4,2701.6449922966326,4,2,3,9,Potential Loyalists
12032,28,4,966.1841292911668,4,2,1,7,Potential Loyalists
12033,108,6,2654.238672788363,2,4,3,9,Potential Loyalists
12034,115,3,1045.002618861225,2,1,1,4,At Risk
12035,134,3,1123.4249780266227,1,1,1,3,Lost
12036,101,6,2983.3576496194523,2,4,4,10,Loyal Customers
12037,45,7,3247.098123671031,3,4,4,11,Loyal Customers
12038,151,4,2578.106887028615,1,2,3,6,At Risk
12039,37,7,3155.893823705233,4,4,4,12,Loyal Customers
12040,61,6,3309.9676979176043,3,4,4,11,Loyal Customers
12041,137,6,2797.1984069445216,1,4,4,9,Potential Loyalists
12042,198,2,616.4730008310013,1,1,1,3,Lost
12043,8,8,2778.4372398014493,5,5,4,14,Champions
12044,114,3,2263.9723104123177,2,1,3,6,At Risk
12045,9,7,3561.396590869861,5,4,5,14,Champions
12046,174,4,1377.4252959516098,1,2,1,4,At Risk
12047,213,3,897.6338334861846,1,1,1,3,Lost
12048,81,5,2964.181791412349,2,3,4,9,Potential Loyalists
12049,47,5,2373.6504518974584,3,3,3,9,Potential Loyalists
12050,25,5,2341.647988092148,4,3,3,10,Loyal Customers
12051,116,4,1878.0713246033213,2,2,2,6,At Risk
12052,27,7,3388.882762370547,4,4,4,12,Loyal Customers
12053,18,7,3396.2811037717506,5,4,4,13,Champions
12054,13,9,4489.9959953748685,5,5,5,15,Champions
12055,82,4,1916.9293324504,2,2,2,6,At Risk
12056,404,1,764.1482486047865,1,1,1,3,Lost
12057,63,5,1878.6329940604453,3,3,2,8,Potential Loyalists
12058,2,8,3954.9765398932273,5,5,5,15,Champions
12059,56,2,924.379445737874,3,1,1,5,At Risk
12060,98,3,1697.8735925087728,2,1,2,5,At Risk
12061,22,5,3477.701334608174,4,3,4,11,Loyal Customers
12062,7,6,2956.0397828125942,5,4,4,13,Champions
12063,101,7,3139.8499407544887,2,4,4,10,Loyal Customers
12064,93,6,3434.7285717270383,2,4,4,10,Loyal Customers
12065,153,10,3511.406402827164,1,5,4,10,Loyal Customers
12066,68,7,2998.8463827020846,3,4,4,11,Loyal Customers
12067,146,4,1943.4025461861795,1,2,2,5,At Risk
12068,86,4,2384.347245883728,2,2,3,7,Potential Loyalists
12069,112,6,1945.5589338353143,2,4,2,8,Potential Loyalists
12070,76,3,2307.893157527932,3,1,3,7,Potential Loyalists
12071,61,8,2124.8362045934414,3,5,3,11,Loyal Customers
12072,4,5,4011.309468852262,5,3,5,13,Champions
12073,36,6,3738.323675547682,4,4,5,13,Champions
12074,35,3,1060.397362340408,4,1,1,6,At Risk
12075,107,9,5442.5433070845,2,5,5,12,Loyal Customers
12076,27,6,2667.0186190591694,4,4,3,11,Loyal Customers
12077,98,7,3662.4948199540495,2,4,5,11,Loyal Customers
12078,46,4,1654.9685750516303,3,2,2,7,Potential Loyalists
12079,56,8,2155.397862701467,3,5,3,11,Loyal Customers
12080,70,2,1649.0943767641602,3,1,2,6,At Risk
12081,200,3,1957.985166988876,1,1,2,4,At Risk
12082,184,2,749.0841561335282,1,1,1,3,Lost
12083,44,5,2226.7269592190064,3,3,3,9,Potential Loyalists
12084,14,6,3690.0655369419146,5,4,5,14,Champions
12085,37,5,2978.8950632101423,4,3,4,11,Loyal Customers
12086,33,6,2603.14601917196,4,4,3,11,Loyal Customers
12087,57,6,2872.901917729071,3,4,4,11,Loyal Customers
12088,79,4,1659.0148130961045,2,2,2,6,At Risk
12089,40,4,1568.2528166797383,4,2,2,8,Potential Loyalists
12090,49,3,1524.1518784261025,3,1,2,6,At Risk
12091,3,7,4858.94551536269,5,4,5,14,Champions
12092,203,5,3648.7791512683616,1,3,5,9,Potential Loyalists
12093,216,7,2869.9702176036526,1,4,4,9,Potential Loyalists
12094,12,5,1768.061162642483,5,3,2,10,Loyal Customers
12095,13,4,2672.253054951534,5,2,3,10,Loyal Customers
12097,36,6,3267.868097244571,4,4,4,12,Loyal Customers
12098,35,4,1688.5522978141148,4,2,2,8,Potential Loyalists
12099,5,4,1644.6960790112323,5,2,2,9,Potential Loyalists
12100,90,6,2996.2682529519425,2,4,4,10,Loyal Customers
12101,92,5,2446.9167869518924,2,3,3,8,Potential Loyalists
12102,144,4,2597.146824342876,1,2,3,6,At Risk
12103,290,2,1216.1738921046974,1,1,1,3,Lost
12104,180,5,1952.2948143345936,1,3,2,6,At Risk
12105,33,5,681.9759751550685,4,3,1,8,Potential Loyalists
12106,37,7,2076.880077691037,4,4,2,10,Loyal Customers
12107,132,3,1763.972863918595,2,1,2,5,At Risk
12108,194,4,2588.410978163591,1,2,3,6,At Risk
12109,122,4,1497.5598571370688,2,2,2,6,At Risk
12110,27,3,1657.1526876707967,4,1,2,7,Potential Loyalists
12111,383,2,616.5091059660531,1,1,1,3,Lost
12112,8,3,1534.482742898062,5,1,2,8,Potential Loyalists
12113,25,4,2429.529190757578,4,2,3,9,Potential Loyalists
12114,4,7,3457.893592379522,5,4,4,13,Champions
12115,368,1,278.0796601403853,1,1,1,3,Lost
12116,5,5,2443.881036654868,5,3,3,11,Loyal Customers
12117,22,4,1316.3818260561095,4,2,1,7,Potential Loyalists
12118,47,5,2180.1879241557604,3,3,3,9,Potential Loyalists
12119,43,4,1410.28332410678,4,2,1,7,Potential Loyalists
12120,41,4,1532.959676204567,4,2,2,8,Potential Loyalists
12121,35,9,4049.373984245569,4,5,5,14,Champions
12122,40,7,3735.425495866602,4,4,5,13,Champions
12123,44,10,4910.275899869647,3,5,5,13,Champions
12124,124,4,1985.005173297959,2,2,2,6,At Risk
12125,14,8,4089.385267964381,5,5,5,15,Champions
12126,14,4,1388.7273311229314,5,2,1,8,Potential Loyalists
12127,84,4,1714.9269136518665,2,2,2,6,At Risk
12128,21,5,2108.5584073938267,4,3,3,10,Loyal Customers
12129,54,4,2144.48394342886,3,2,3,8,Potential Loyalists
12130,172,5,1905.9338775834583,1,3,2,6,At Risk
12131,114,4,2552.866993437394,2,2,3,7,Potential Loyalists
12132,214,5,3373.921678227381,1,3,4,8,Potential Loyalists
12133,3,3,1852.982121939508,5,1,2,8,Potential Loyalists
12134,55,3,846.7609573175587,3,1,1,5,At Risk
12135,17,8,3021.7580078294814,5,5,4,14,Champions
12136,380,1,978.9940730384388,1,1,1,3,Lost
12137,99,5,2316.877649362525,2,3,3,8,Potential Loyalists
12138,122,6,2654.657721988611,2,4,3,9,Potential Loyalists
12139,47,4,1653.8652302480978,3,2,2,7,Potential Loyalists
12140,3,6,2001.5734486263889,5,4,2,11,Loyal Customers
12141,21,3,2545.3951607132085,4,1,3,8,Potential Loyalists
12142,9,3,1442.6033642963732,5,1,2,8,Potential Loyalists
12143,123,5,2863.954909637993,2,3,4,9,Potential Loyalists
12144,22,7,5623.662115176103,4,4,5,13,Champions
12145,86,4,1466.350197707557,2,2,2,6,At Risk
12146,372,3,915.4821048837936,1,1,1,3,Lost
12147,288,4,1447.263237294797,1,2,2,5,At Risk
12148,41,5,2111.3092354006226,4,3,3,10,Loyal Customers
12149,215,3,2143.524000171989,1,1,3,5,At Risk
12150,92,3,1506.5507749014414,2,1,2,5,At Risk
12151,4,5,2836.5277997680246,5,3,4,12,Loyal Customers
12152,8,7,2620.203807755766,5,4,3,12,Loyal Customers
12153,230,1,345.0364696952535,1,1,1,3,Lost
12154,37,9,4323.297147690525,4,5,5,14,Champions
12155,21,5,1266.2586144686886,4,3,1,8,Potential Loyalists
12156,47,8,4131.292352577026,3,5,5,13,Champions
12157,5,8,5063.154463528508,5,5,5,15,Champions
12158,55,8,5102.156381095087,3,5,5,13,Champions
12159,27,7,1352.9365785642035,4,4,1,9,Potential Loyalists
12160,62,7,3461.29752539166,3,4,4,11,Loyal Customers
12161,173,6,3066.718407547005,1,4,4,9,Potential Loyalists
12162,142,8,4375.432178829253,1,5,5,11,Loyal Customers
12163,12,7,3391.1857248199394,5,4,4,13,Champions
12164,13,5,3849.222134791689,5,3,5,13,Champions
12165,27,4,1714.7896831809762,4,2,2,8,Potential Loyalists
12166,106,4,1889.4674941748465,2,2,2,6,At Risk
12167,70,5,1357.7515701875027,3,3,1,7,Potential Loyalists
12168,25,6,3885.622322340539,4,4,5,13,Champions
12169,79,3,1655.9304762612712,2,1,2,5,At Risk
12170,8,3,1364.599977938844,5,1,1,7,Potential Loyalists
12171,45,4,2524.122378107154,3,2,3,8,Potential Loyalists
12172,89,5,2480.4309088215846,2,3,3,8,Potential Loyalists
12173,34,7,3894.274022901364,4,4,5,13,Champions
12174,8,7,4601.575746679088,5,4,5,14,Champions
12175,316,2,1545.4044382996865,1,1,2,4,At Risk
12176,27,6,3424.196221225693,4,4,4,12,Loyal Customers
12177,66,5,2708.523730165637,3,3,3,9,Potential Loyalists
12178,28,11,4898.365794808712,4,5,5,14,Champions
12179,128,4,2024.744628942132,2,2,2,6,At Risk
12180,4,7,3431.308460662038,5,4,4,13,Champions
12181,57,6,3540.69499901667,3,4,4,11,Loyal Customers
12182,30,8,4894.211865362123,4,5,5,14,Champions
12183,312,1,244.6415340812962,1,1,1,3,Lost
12184,104,6,2343.189650696607,2,4,3,9,Potential Loyalists
12185,8,7,3168.871763795521,5,4,4,13,Champions
12186,152,4,2036.273872634612,1,2,2,5,At Risk
12187,55,5,2904.838455384137,3,3,4,10,Loyal Customers
12188,139,5,1647.9465264499904,1,3,2,6,At Risk
12189,86,2,607.6905095086591,2,1,1,4,At Risk
12190,223,2,1153.191321093124,1,1,1,3,Lost
12191,47,7,3827.5585522371466,3,4,5,12,Loyal Customers
12192,100,3,1321.0281050965034,2,1,1,4,At Risk
12193,7,5,2982.5246689106903,5,3,4,12,Loyal Customers
12194,10,5,2928.941798639045,5,3,4,12,Loyal Customers
12195,121,3,1217.9212843506054,2,1,1,4,At Risk
12196,301,4,1564.9513672772698,1,2,2,5,At Risk
12197,76,9,4364.125963816849,3,5,5,13,Champions
12198,132,4,2522.9678929871698,2,2,3,7,Potential Loyalists
12199,110,9,5071.230481499804,2,5,5,12,Loyal Customers
12200,39,6,3995.43085764497,4,4,5,13,Champions
12201,27,7,2867.608718458076,4,4,4,12,Loyal Customers
12202,260,2,983.0293734744388,1,1,1,3,Lost
12203,33,3,904.3133886621724,4,1,1,6,At Risk
12204,8,7,3646.906471273647,5,4,5,14,Champions
12205,121,10,4320.039670652171,2,5,5,12,Loyal Customers
12206,15,8,3412.394916990119,5,5,4,14,Champions
12207,20,4,954.1770533602206,4,2,1,7,Potential Loyalists
12208,29,3,1799.6316892397913,4,1,2,7,Potential Loyalists
12209,67,2,975.0835040061684,3,1,1,5,At Risk
12210,32,3,1822.4186996778303,4,1,2,7,Potential Loyalists
12211,21,3,1841.590624517064,4,1,2,7,Potential Loyalists
12212,15,6,3527.5617244146274,5,4,4,13,Champions
12213,47,5,2119.0815087885776,3,3,3,9,Potential Loyalists
12214,207,1,364.54356708722224,1,1,1,3,Lost
12215,58,5,2127.5560004149866,3,3,3,9,Potential Loyalists
12216,2,8,5423.470487455202,5,5,5,15,Champions
12217,38,4,2866.116126376037,4,2,4,10,Loyal Customers
12218,36,7,3973.38422935305,4,4,5,13,Champions
12219,82,5,3300.1680193604216,2,3,4,9,Potential Loyalists
12220,210,2,1319.1386480692909,1,1,1,3,Lost
12221,118,7,3948.7137754393952,2,4,5,11,Loyal Customers
12222,47,5,2353.548168089706,3,3,3,9,Potential Loyalists
12223,103,4,2287.365657552832,2,2,3,7,Potential Loyalists
12224,100,3,1335.121587814779,2,1,1,4,At Risk
12225,178,7,4122.006214194763,1,4,5,10,Loyal Customers
12226,6,4,3110.996240528406,5,2,4,11,Loyal Customers
12227,49,9,5320.287247617098,3,5,5,13,Champions
12228,170,2,1212.173860705762,1,1,1,3,Lost
12229,99,7,2846.9489122210043,2,4,4,10,Loyal Customers
12230,35,2,501.6215860302781,4,1,1,6,At Risk
12231,29,7,3331.9178822196905,4,4,4,12,Loyal Customers
12232,2,5,3710.885538302222,5,3,5,13,Champions
12233,56,5,1996.1931699415863,3,3,2,8,Potential Loyalists
12234,33,8,4604.699066661581,4,5,5,14,Champions
12235,236,3,2114.99374987224,1,1,3,5,At Risk
12236,36,3,580.1914676960362,4,1,1,6,At Risk
12237,21,3,996.6209453085042,4,1,1,6,At Risk
12238,1,4,1700.8768135530072,5,2,2,9,Potential Loyalists
12239,81,3,1034.288176881195,2,1,1,4,At Risk
12240,213,2,1131.6881343003952,1,1,1,3,Lost
12241,4,5,2533.9400782492503,5,3,3,11,Loyal Customers
12242,123,4,1627.4733582434665,2,2,2,6,At Risk
12243,32,7,4047.66983092576,4,4,5,13,Champions
12244,59,7,1705.167447947023,3,4,2,9,Potential Loyalists
12245,193,5,3063.1389584147137,1,3,4,8,Potential Loyalists
12246,105,3,1833.683004744177,2,1,2,5,At Risk
12247,84,5,1905.7931869600689,2,3,2,7,Potential Loyalists
12248,300,2,1575.621826248938,1,1,2,4,At Risk
12249,1,7,3874.5130310045392,5,4,5,14,Champions
12250,38,4,1617.5436356213338,4,2,2,8,Potential Loyalists
12251,7,5,2300.3148963701224,5,3,3,11,Loyal Customers
12252,21,5,2828.9841058365737,4,3,4,11,Loyal Customers
12253,62,2,1230.506163069274,3,1,1,5,At Risk
12254,93,5,2853.18046476384,2,3,4,9,Potential Loyalists
12255,51,5,1899.2492358898744,3,3,2,8,Potential Loyalists
12256,208,5,2677.117058699895,1,3,3,7,Potential Loyalists
12257,28,11,5798.134394332967,4,5,5,14,Champions
12258,2,2,430.8976286192042,5,1,1,7,Potential Loyalists
12259,42,7,4184.322155699338,4,4,5,13,Champions
12260,233,8,3704.658941444369,1,5,5,11,Loyal Customers
12261,8,5,3529.604210744178,5,3,4,12,Loyal Customers
12262,9,12,5329.762966936383,5,5,5,15,Champions
12263,77,6,1905.204432765298,2,4,2,8,Potential Loyalists
12264,53,8,3852.005708985584,3,5,5,13,Champions
12265,32,5,3277.238190687593,4,3,4,11,Loyal Customers
12266,114,4,1115.6190667476253,2,2,1,5,At Risk
12267,14,3,1316.2581322528215,5,1,1,7,Potential Loyalists
12268,48,5,1856.6546081551044,3,3,2,8,Potential Loyalists
12269,12,5,2059.973705819149,5,3,2,10,Loyal Customers
12270,59,3,1695.0459751382818,3,1,2,6,At Risk
12271,177,3,1129.057010903765,1,1,1,3,Lost
12272,208,3,1035.2320456268856,1,1,1,3,Lost
12273,8,8,4110.926899626674,5,5,5,15,Champions
12274,50,3,1659.412200682637,3,1,2,6,At Risk
12275,158,5,1993.942912556856,1,3,2,6,At Risk
12276,180,5,3132.6819465818567,1,3,4,8,Potential Loyalists
12277,28,6,2485.752402458115,4,4,3,11,Loyal Customers
12278,52,1,479.0631642613273,3,1,1,5,At Risk
12279,68,4,1892.4823671568795,3,2,2,7,Potential Loyalists
12280,48,5,2366.280513465996,3,3,3,9,Potential Loyalists
12281,66,6,3118.733092077777,3,4,4,11,Loyal Customers
12282,30,5,2765.9178390401958,4,3,4,11,Loyal Customers
12283,82,4,2483.9982260162187,2,2,3,7,Potential Loyalists
12284,153,5,3426.853496721173,1,3,4,8,Potential Loyalists
12285,175,5,2479.779668764794,1,3,3,7,Potential Loyalists
12286,52,7,3734.8251495930895,3,4,5,12,Loyal Customers
12287,414,1,68.22981734543463,1,1,1,3,Lost
12288,17,3,1387.5004595487446,5,1,1,7,Potential Loyalists
12289,48,4,1010.1408936375208,3,2,1,6,At Risk
12290,24,4,1390.2896705119956,4,2,1,7,Potential Loyalists
12291,42,3,1100.5715801903282,4,1,1,6,At Risk
12292,66,6,1961.352151395312,3,4,2,9,Potential Loyalists
12293,16,6,4089.401708772848,5,4,5,14,Champions
12294,17,8,4378.616933562484,5,5,5,15,Champions
12295,8,5,2793.6700349930256,5,3,4,12,Loyal Customers
12296,133,3,1806.3454805780875,2,1,2,5,At Risk
12297,61,6,4326.108940055352,3,4,5,12,Loyal Customers
12298,35,8,4273.693669780018,4,5,5,14,Champions
12299,217,2,336.539033729752,1,1,1,3,Lost
12300,95,2,717.5941976976275,2,1,1,4,At Risk
12301,7,1,45.62853181423512,5,1,1,7,Potential Loyalists
12302,48,6,3396.948927331276,3,4,4,11,Loyal Customers
12303,19,6,3228.9704808913584,5,4,4,13,Champions
12304,11,6,3641.997710182567,5,4,5,14,Champions
12305,76,6,1498.3935874749511,3,4,2,9,Potential Loyalists
12306,160,5,3732.8615580502887,1,3,5,9,Potential Loyalists
12307,205,5,3514.979671727032,1,3,4,8,Potential Loyalists
12308,60,5,2577.8575805526,3,3,3,9,Potential Loyalists
12309,35,2,1608.665846232589,4,1,2,7,Potential Loyalists
12310,16,5,1730.0680553790305,5,3,2,10,Loyal Customers
12311,1,3,1200.5259235238166,5,1,1,7,Potential Loyalists
12312,49,5,1605.7276648715235,3,3,2,8,Potential Loyalists
12313,35,5,2739.1749115867087,4,3,3,10,Loyal Customers
12314,88,4,2782.0503328898576,2,2,4,8,Potential Loyalists
12315,31,3,1213.9805459451843,4,1,1,6,At Risk
12316,187,2,1093.5345794192908,1,1,1,3,Lost
12317,46,7,4450.398168086737,3,4,5,12,Loyal Customers
12318,19,5,2789.2618763018763,5,3,4,12,Loyal Customers
12319,55,3,1558.182890059563,3,1,2,6,At Risk
12320,46,8,3695.133346954148,3,5,5,13,Champions
12321,155,4,3207.428209162917,1,2,4,7,Potential Loyalists
12322,88,4,2934.910125844211,2,2,4,8,Potential Loyalists
12323,26,4,2304.7515793872867,4,2,3,9,Potential Loyalists
12324,114,3,1269.294802804673,2,1,1,4,At Risk
12325,7,4,2216.037003973433,5,2,3,10,Loyal Customers
12326,72,2,697.1926083933314,3,1,1,5,At Risk
12327,261,5,2876.227674639854,1,3,4,8,Potential Loyalists
12328,5,8,5340.570455519302,5,5,5,15,Champions
12329,228,2,1605.3066007352918,1,1,2,4,At Risk
12330,37,4,1880.250566500928,4,2,2,8,Potential Loyalists
12331,110,7,4385.226634300111,2,4,5,11,Loyal Customers
12332,51,1,840.9816498084581,3,1,1,5,At Risk
12333,194,2,1046.261532624973,1,1,1,3,Lost
12334,168,5,2510.029476900766,1,3,3,7,Potential Loyalists
12335,30,4,797.9053618888324,4,2,1,7,Potential Loyalists
12336,23,5,2888.707289648041,4,3,4,11,Loyal Customers
12337,171,4,2074.6169797968173,1,2,2,5,At Risk
12338,38,6,3192.758057892092,4,4,4,12,Loyal Customers
12339,204,4,2191.947036226466,1,2,3,6,At Risk
12340,5,6,2072.918648987677,5,4,2,11,Loyal Customers
12341,46,8,4593.76125476312,3,5,5,13,Champions
12342,72,5,1699.764204778202,3,3,2,8,Potential Loyalists
12343,310,2,926.3507441891912,1,1,1,3,Lost
12344,31,6,3433.2364989465377,4,4,4,12,Loyal Customers
12345,51,4,2227.7526698337047,3,2,3,8,Potential Loyalists
12346,50,5,2262.4053756981834,3,3,3,9,Potential Loyalists
12347,37,4,2347.774291898751,4,2,3,9,Potential Loyalists
12348,96,6,3662.732216658604,2,4,5,11,Loyal Customers
12349,61,5,2299.7456911325435,3,3,3,9,Potential Loyalists
12350,11,7,2752.963504642365,5,4,4,13,Champions
12351,299,3,1628.0751580517913,1,1,2,4,At Risk
12352,89,3,1164.2842817953276,2,1,1,4,At Risk
12353,83,5,2983.407031721619,2,3,4,9,Potential Loyalists
12354,20,4,1369.4191542249423,4,2,1,7,Potential Loyalists
12355,8,5,3026.700034286612,5,3,4,12,Loyal Customers
12356,1,7,3864.382681871541,5,4,5,14,Champions
12357,208,3,1331.5617038621087,1,1,1,3,Lost
12358,20,3,1060.928704777058,4,1,1,6,At Risk
12359,45,5,2575.238099472726,3,3,3,9,Potential Loyalists
12360,77,2,494.9204136333227,2,1,1,4,At Risk
12361,192,1,773.6480189517997,1,1,1,3,Lost
12362,51,4,1774.7601186828294,3,2,2,7,Potential Loyalists
12363,46,2,319.08464019655975,3,1,1,5,At Risk
12364,53,6,2070.69707352622,3,4,2,9,Potential Loyalists
12365,76,9,3399.573792092436,3,5,4,12,Loyal Customers
12366,37,9,5715.135930336463,4,5,5,14,Champions
12367,90,5,2755.273087703555,2,3,4,9,Potential Loyalists
12368,63,5,1936.074856721864,3,3,2,8,Potential Loyalists
12369,1,7,3934.085172496655,5,4,5,14,Champions
12370,41,7,2303.0803993915265,4,4,3,11,Loyal Customers
12371,26,5,3699.1069462145433,4,3,5,12,Loyal Customers
12372,37,6,2797.2827413006858,4,4,4,12,Loyal Customers
12373,4,6,4546.184583895555,5,4,5,14,Champions
12374,10,7,3239.9266436582666,5,4,4,13,Champions
12375,47,4,2272.496394242496,3,2,3,8,Potential Loyalists
12376,333,3,1569.834786881616,1,1,2,4,At Risk
12377,8,6,2372.0360854160376,5,4,3,12,Loyal Customers
12378,65,11,6021.531331613325,3,5,5,13,Champions
12379,17,2,1488.5823197853924,5,1,2,8,Potential Loyalists
12380,33,6,2859.018498679556,4,4,4,12,Loyal Customers
12381,29,9,4913.946341860717,4,5,5,14,Champions
12382,119,3,1934.5516549334488,2,1,2,5,At Risk
12383,100,6,2117.667606845924,2,4,3,9,Potential Loyalists
12384,193,5,2659.1285754350006,1,3,3,7,Potential Loyalists
12385,2,7,3665.212103087163,5,4,5,14,Champions
12386,28,7,4148.782952616817,4,4,5,13,Champions
12387,45,4,2604.232709235881,3,2,3,8,Potential Loyalists
12388,8,6,3595.9515024656275,5,4,5,14,Champions
12389,90,2,1060.981212339355,2,1,1,4,At Risk
12390,140,7,3858.1441727167926,1,4,5,10,Loyal Customers
12391,5,8,4380.942638561482,5,5,5,15,Champions
12392,141,3,936.7323264820408,1,1,1,3,Lost
12393,57,6,2879.9311524981567,3,4,4,11,Loyal Customers
12394,58,5,2689.4398230654974,3,3,3,9,Potential Loyalists
12395,48,6,2991.0888771369678,3,4,4,11,Loyal Customers
12396,65,6,2364.109244532123,3,4,3,10,Loyal Customers
12397,18,4,2503.035525366193,5,2,3,10,Loyal Customers
12398,11,7,2938.3973076512784,5,4,4,13,Champions
12399,19,8,5453.4277038442,5,5,5,15,Champions
12400,39,1,863.791088020486,4,1,1,6,At Risk
12401,71,6,3728.148610861179,3,4,5,12,Loyal Customers
12402,65,6,2691.3065375171054,3,4,3,10,Loyal Customers
12403,188,4,2719.7369351198504,1,2,3,6,At Risk
12404,88,4,1189.689546050939,2,2,1,5,At Risk
12405,1,4,2186.667689236724,5,2,3,10,Loyal Customers
12406,14,4,1994.1098397803717,5,2,2,9,Potential Loyalists
12407,179,2,1000.1346920067668,1,1,1,3,Lost
12408,137,9,5179.216728093109,1,5,5,11,Loyal Customers
12409,82,6,1657.365224572398,2,4,2,8,Potential Loyalists
12410,121,4,1750.44559636182,2,2,2,6,At Risk
12411,9,4,1786.6124472000115,5,2,2,9,Potential Loyalists
12412,176,3,1874.888231588975,1,1,2,4,At Risk
12413,182,5,2182.5280016045926,1,3,3,7,Potential Loyalists
12414,49,7,2997.7061767911814,3,4,4,11,Loyal Customers
12415,21,7,4412.8386793451045,4,4,5,13,Champions
12416,55,14,5870.018639659159,3,5,5,13,Champions
12417,123,8,3466.7965241960824,2,5,4,11,Loyal Customers
12418,85,4,2217.5189250772555,2,2,3,7,Potential Loyalists
12419,13,8,4304.902500879978,5,5,5,15,Champions
12420,1,11,4507.067057133823,5,5,5,15,Champions
12421,17,4,1992.9190565732456,5,2,2,9,Potential Loyalists
12422,50,8,4053.9752247842425,3,5,5,13,Champions
12423,1,8,4491.909214560563,5,5,5,15,Champions
12424,5,7,4432.009919546662,5,4,5,14,Champions
12425,203,6,2738.683261665093,1,4,3,8,Potential Loyalists
12426,11,4,2867.7366556368133,5,2,4,11,Loyal Customers
12427,232,4,2547.96269824221,1,2,3,6,At Risk
12428,43,7,2600.422704765968,4,4,3,11,Loyal Customers
12429,26,10,4586.252182841341,4,5,5,14,Champions
12430,69,4,2193.480392190735,3,2,3,8,Potential Loyalists
12431,30,6,3428.203430423716,4,4,4,12,Loyal Customers
12432,52,6,3313.883356825048,3,4,4,11,Loyal Customers
12433,71,4,2015.207543872096,3,2,2,7,Potential Loyalists
12434,16,5,3180.5150323212,5,3,4,12,Loyal Customers
12435,41,5,1791.0237639764537,4,3,2,9,Potential Loyalists
12436,171,5,2510.765194068108,1,3,3,7,Potential Loyalists
12437,37,4,1883.330613190312,4,2,2,8,Potential Loyalists
12438,152,4,1517.5143491588055,1,2,2,5,At Risk
12439,13,4,2747.605868409521,5,2,4,11,Loyal Customers
12440,13,5,3351.663352473224,5,3,4,12,Loyal Customers
12441,8,7,4479.161256464742,5,4,5,14,Champions
12442,38,5,1931.922044325359,4,3,2,9,Potential Loyalists
12443,136,2,1498.8015197859554,1,1,2,4,At Risk
12444,196,4,2250.847704702977,1,2,3,6,At Risk
12445,146,4,1670.929099003175,1,2,2,5,At Risk
12446,213,1,163.91648681101225,1,1,1,3,Lost
12447,36,9,3493.832975338697,4,5,4,13,Champions
12448,109,6,4740.1452388360685,2,4,5,11,Loyal Customers
12449,131,4,813.1826917241012,2,2,1,5,At Risk
12450,97,3,724.9364333539174,2,1,1,4,At Risk
12451,44,5,3175.899999741075,3,3,4,10,Loyal Customers
12452,78,6,2786.859804355569,2,4,4,10,Loyal Customers
12453,301,3,1839.324434184893,1,1,2,4,At Risk
12454,33,4,1854.309447295776,4,2,2,8,Potential Loyalists
12455,69,7,3778.7624111706727,3,4,5,12,Loyal Customers
12456,30,7,2207.098066896472,4,4,3,11,Loyal Customers
12457,27,7,2861.3780066116674,4,4,4,12,Loyal Customers
12458,53,3,1019.163022436632,3,1,1,5,At Risk
12459,65,2,1047.5682126901793,3,1,1,5,At Risk
12460,198,2,1066.9253152658232,1,1,1,3,Lost
12461,44,7,4746.457013651075,3,4,5,12,Loyal Customers
12462,60,6,2845.508032820248,3,4,4,11,Loyal Customers
12463,5,4,1575.5440207063589,5,2,2,9,Potential Loyalists
12464,101,2,483.2826082495995,2,1,1,4,At Risk
12465,55,2,1541.438737185289,3,1,2,6,At Risk
12466,77,3,1773.1054816094895,2,1,2,5,At Risk
12467,31,7,2100.232451313211,4,4,3,11,Loyal Customers
12468,83,3,1135.8895752062056,2,1,1,4,At Risk
12469,44,5,3234.41340883975,3,3,4,10,Loyal Customers
12470,96,6,1203.7233128674472,2,4,1,7,Potential Loyalists
12471,72,4,982.598434412584,3,2,1,6,At Risk
12472,194,6,3155.7425345459724,1,4,4,9,Potential Loyalists
12473,15,6,4077.147451067159,5,4,5,14,Champions
12474,10,7,4508.137296993859,5,4,5,14,Champions
12475,70,4,2976.548999071836,3,2,4,9,Potential Loyalists
12476,190,5,1785.311675070117,1,3,2,6,At Risk
12477,216,3,1554.272320739744,1,1,2,4,At Risk
12478,15,4,3141.063818352174,5,2,4,11,Loyal Customers
12479,121,4,2301.1523458939064,2,2,3,7,Potential Loyalists
12480,127,6,2946.5418242116048,2,4,4,10,Loyal Customers
12481,1,5,2845.454026878848,5,3,4,12,Loyal Customers
12482,122,5,2454.167154874985,2,3,3,8,Potential Loyalists
12483,28,4,2672.2224622228914,4,2,3,9,Potential Loyalists
12484,9,5,2148.977026882608,5,3,3,11,Loyal Customers
12485,14,6,1564.752831330139,5,4,2,11,Loyal Customers
12486,94,6,2717.119941407408,2,4,3,9,Potential Loyalists
12487,27,10,4190.819364259554,4,5,5,14,Champions
12488,320,2,913.6673291716407,1,1,1,3,Lost
12489,10,5,2055.5017013601114,5,3,2,10,Loyal Customers
12490,19,8,3051.722114324987,5,5,4,14,Champions
12491,15,3,206.97576034200543,5,1,1,7,Potential Loyalists
12492,178,2,388.68397787021297,1,1,1,3,Lost
12493,164,6,1933.1110323207415,1,4,2,7,Potential Loyalists
12494,110,5,3067.5229359819023,2,3,4,9,Potential Loyalists
12495,256,3,1185.7354360605875,1,1,1,3,Lost
12496,134,3,2451.926150204861,1,1,3,5,At Risk
12497,101,4,2223.0861913481654,2,2,3,7,Potential Loyalists
12498,11,4,1587.9936095813464,5,2,2,9,Potential Loyalists
12499,128,3,1631.3040681704724,2,1,2,5,At Risk
12500,87,4,2670.742599628093,2,2,3,7,Potential Loyalists
12501,147,9,6253.90362284157,1,5,5,11,Loyal Customers
12502,219,2,1286.2432941058264,1,1,1,3,Lost
12503,122,4,2216.729087121746,2,2,3,7,Potential Loyalists
12504,86,4,524.780788933818,2,2,1,5,At Risk
12505,39,10,5846.469036605528,4,5,5,14,Champions
12506,58,4,2676.679965195023,3,2,3,8,Potential Loyalists
12507,11,5,2614.469644241237,5,3,3,11,Loyal Customers
12508,251,3,1636.5470974492184,1,1,2,4,At Risk
12509,188,6,3435.557781092197,1,4,4,9,Potential Loyalists
12510,79,5,2653.7796821567204,2,3,3,8,Potential Loyalists
12511,124,5,2017.386558886314,2,3,2,7,Potential Loyalists
12512,16,12,6396.92703977821,5,5,5,15,Champions
12513,69,5,3222.6532231920587,3,3,4,10,Loyal Customers
12514,94,9,4421.377400412269,2,5,5,12,Loyal Customers
12515,189,5,1745.6217368321174,1,3,2,6,At Risk
12516,128,3,1723.7984616034616,2,1,2,5,At Risk
12517,11,3,1219.4649141252623,5,1,1,7,Potential Loyalists
12518,16,3,1945.415779436926,5,1,2,8,Potential Loyalists
12519,185,3,1620.8243722794944,1,1,2,4,At Risk
12520,143,5,3465.4102243026064,1,3,4,8,Potential Loyalists
12521,37,7,3416.92869617579,4,4,4,12,Loyal Customers
12522,171,4,1666.102925118671,1,2,2,5,At Risk
12523,4,2,144.4010763529945,5,1,1,7,Potential Loyalists
12524,85,6,3513.5731063104085,2,4,4,10,Loyal Customers
12525,3,8,2992.820594087,5,5,4,14,Champions
12526,53,7,4164.442614673184,3,4,5,12,Loyal Customers
12527,37,7,3092.2325146582607,4,4,4,12,Loyal Customers
12529,396,1,771.1374595340786,1,1,1,3,Lost
12530,64,9,4197.528981936718,3,5,5,13,Champions
12531,164,3,2763.861682241742,1,1,4,6,At Risk
12532,10,5,2347.5913648748515,5,3,3,11,Loyal Customers
12533,69,4,1969.1269229943948,3,2,2,7,Potential Loyalists
12534,17,9,6737.499569445835,5,5,5,15,Champions
12535,69,7,4454.354264325893,3,4,5,12,Loyal Customers
12536,24,5,1485.747506779747,4,3,2,9,Potential Loyalists
12537,113,5,3085.5288317685145,2,3,4,9,Potential Loyalists
12538,16,6,2698.041225608152,5,4,3,12,Loyal Customers
12539,8,8,5146.048472226565,5,5,5,15,Champions
12540,43,6,3641.517824532682,4,4,5,13,Champions
12541,43,3,1748.4623739311137,4,1,2,7,Potential Loyalists
12542,102,2,222.251976679903,2,1,1,4,At Risk
12543,25,6,3737.366596222536,4,4,5,13,Champions
12544,11,6,2627.290166513397,5,4,3,12,Loyal Customers
12545,30,5,2923.263955221349,4,3,4,11,Loyal Customers
12546,4,5,2487.7008427658457,5,3,3,11,Loyal Customers
12547,32,6,3422.54451519808,4,4,4,12,Loyal Customers
12548,57,5,2131.4397524093265,3,3,3,9,Potential Loyalists
12549,36,8,4288.679292720223,4,5,5,14,Champions
12550,337,1,23.13683670884308,1,1,1,3,Lost
12551,19,6,2510.2411466126,5,4,3,12,Loyal Customers
12552,17,8,5104.195277517103,5,5,5,15,Champions
12553,4,6,5003.541348645396,5,4,5,14,Champions
12554,46,5,2563.676074579538,3,3,3,9,Potential Loyalists
12555,183,1,803.4981977747842,1,1,1,3,Lost
12556,16,8,2822.481553170549,5,5,4,14,Champions
12557,52,5,2788.794672099279,3,3,4,10,Loyal Customers
12558,34,5,3075.423774583906,4,3,4,11,Loyal Customers
12559,44,4,2213.068683150774,3,2,3,8,Potential Loyalists
12560,205,3,1846.001520457956,1,1,2,4,At Risk
12561,79,9,5210.09694826038,2,5,5,12,Loyal Customers
12562,4,2,503.0799990075705,5,1,1,7,Potential Loyalists
12563,28,9,4194.479470908738,4,5,5,14,Champions
12564,68,7,2404.4608120355992,3,4,3,10,Loyal Customers
12565,4,2,1173.7957226283174,5,1,1,7,Potential Loyalists
12566,138,4,1392.321303773812,1,2,1,4,At Risk
12567,5,5,2444.1846053759814,5,3,3,11,Loyal Customers
12568,11,9,5343.608396031373,5,5,5,15,Champions
12569,10,8,3955.227151645208,5,5,5,15,Champions
12570,199,9,4393.64425056476,1,5,5,11,Loyal Customers
12571,146,5,2887.703434026256,1,3,4,8,Potential Loyalists
12572,144,3,2027.8444725380184,1,1,2,4,At Risk
12573,157,5,3202.305197107101,1,3,4,8,Potential Loyalists
12574,1,5,4382.355897316926,5,3,5,13,Champions
12575,69,2,1112.410158972395,3,1,1,5,At Risk
12576,3,5,3312.646232167698,5,3,4,12,Loyal Customers
12577,43,4,2456.6757396163684,4,2,3,9,Potential Loyalists
12578,121,6,4932.126989696901,2,4,5,11,Loyal Customers
12579,144,5,2537.6993523063616,1,3,3,7,Potential Loyalists
12580,48,1,878.6590843984744,3,1,1,5,At Risk
12581,44,5,2455.979083619736,3,3,3,9,Potential Loyalists
12582,45,7,4300.583748619965,3,4,5,12,Loyal Customers
12583,68,5,668.3023735973677,3,3,1,7,Potential Loyalists
12584,21,4,3231.372212456231,4,2,4,10,Loyal Customers
12585,58,6,2696.4193817327496,3,4,3,10,Loyal Customers
12586,249,2,633.3380028717082,1,1,1,3,Lost
12587,78,8,3788.428429734487,2,5,5,12,Loyal Customers
12588,5,6,1892.7603587215692,5,4,2,11,Loyal Customers
12589,1,5,2174.187242016626,5,3,3,11,Loyal Customers
12590,85,9,6391.1514466442295,2,5,5,12,Loyal Customers
12591,18,8,4146.042747829603,5,5,5,15,Champions
12592,129,7,4916.43932961217,2,4,5,11,Loyal Customers
12593,81,3,1906.809551142407,2,1,2,5,At Risk
12594,113,5,3195.0695432123425,2,3,4,9,Potential Loyalists
12595,77,7,3027.926956717314,2,4,4,10,Loyal Customers
12596,33,5,3083.623354435544,4,3,4,11,Loyal Customers
12597,19,6,3592.53761708883,5,4,5,14,Champions
12598,113,8,4303.960041921118,2,5,5,12,Loyal Customers
12599,28,6,2500.766368096721,4,4,3,11,Loyal Customers
12600,94,4,2847.0502059976843,2,2,4,8,Potential Loyalists
12601,33,8,3697.3917740693378,4,5,5,14,Champions
12602,140,4,1770.0483765106233,1,2,2,5,At Risk
12603,18,3,1244.2232240594146,5,1,1,7,Potential Loyalists
12604,95,7,4126.729460828622,2,4,5,11,Loyal Customers
12605,169,4,2173.1795058540743,1,2,3,6,At Risk
12606,92,3,454.1814606111893,2,1,1,4,At Risk
12607,105,5,2297.3280374731426,2,3,3,8,Potential Loyalists
12608,60,8,2839.304384176232,3,5,4,12,Loyal Customers
12609,161,2,287.40991941074856,1,1,1,3,Lost
12610,7,8,4509.865648602849,5,5,5,15,Champions
12611,70,4,2444.0402735242064,3,2,3,8,Potential Loyalists
12612,24,3,1811.899374914929,4,1,2,7,Potential Loyalists
12613,18,10,3605.363456350202,5,5,5,15,Champions
12614,9,6,2712.7953245643566,5,4,3,12,Loyal Customers
12615,108,5,2868.0052443238387,2,3,4,9,Potential Loyalists
12616,62,4,1499.121692669096,3,2,2,7,Potential Loyalists
12617,114,1,641.058543351407,2,1,1,4,At Risk
12618,84,5,1517.3565714586252,2,3,2,7,Potential Loyalists
12619,112,3,1429.621588448932,2,1,2,5,At Risk
12620,15,4,2027.8838290545573,5,2,2,9,Potential Loyalists
12621,19,7,3181.372337861659,5,4,4,13,Champions
12622,2,9,5841.439079774997,5,5,5,15,Champions
12623,230,3,1566.3245325701394,1,1,2,4,At Risk
12624,23,5,3123.9776056327264,4,3,4,11,Loyal Customers
12625,28,3,1867.78300457827,4,1,2,7,Potential Loyalists
12626,12,4,2666.859335212269,5,2,3,10,Loyal Customers
12627,26,5,2703.137733459361,4,3,3,10,Loyal Customers
12628,96,5,2096.6812680236417,2,3,3,8,Potential Loyalists
12629,6,8,5466.052192329475,5,5,5,15,Champions
12630,139,2,970.0003742189782,1,1,1,3,Lost
12631,124,4,2270.5583032892705,2,2,3,7,Potential Loyalists
12632,60,8,5997.220861782491,3,5,5,13,Champions
12633,109,4,2474.0319583787573,2,2,3,7,Potential Loyalists
12634,138,5,1923.9774011363484,1,3,2,6,At Risk
12635,18,6,2550.3253410835664,5,4,3,12,Loyal Customers
12636,136,4,1609.5764668128086,1,2,2,5,At Risk
12637,309,2,1617.2682337241854,1,1,2,4,At Risk
12638,26,3,1305.2641253412094,4,1,1,6,At Risk
12639,29,2,817.1025792066948,4,1,1,6,At Risk
12640,22,6,3909.8244012393775,4,4,5,13,Champions
12641,33,7,2460.3407482321622,4,4,3,11,Loyal Customers
12642,201,2,1585.463611843691,1,1,2,4,At Risk
12643,120,4,1759.7395256471232,2,2,2,6,At Risk
12644,77,2,1227.6785468927928,2,1,1,4,At Risk
12645,170,2,1101.8783785882,1,1,1,3,Lost
12646,86,7,2113.8195516318715,2,4,3,9,Potential Loyalists
12647,7,6,2046.8670896081985,5,4,2,11,Loyal Customers
12648,15,4,2189.345181434493,5,2,3,10,Loyal Customers
12649,45,5,2506.621315930224,3,3,3,9,Potential Loyalists
12650,128,3,2173.606007248801,2,1,3,6,At Risk
12651,195,3,1902.1983970851572,1,1,2,4,At Risk
12652,64,5,1935.8253904664512,3,3,2,8,Potential Loyalists
12653,33,2,1283.2750927672375,4,1,1,6,At Risk
12654,16,8,3335.848803579218,5,5,4,14,Champions
12655,21,6,3151.7544299843003,4,4,4,12,Loyal Customers
12656,80,9,3933.785431893836,2,5,5,12,Loyal Customers
12657,84,4,2746.011845670981,2,2,4,8,Potential Loyalists
12658,29,5,2335.477021668757,4,3,3,10,Loyal Customers
12659,9,5,2758.5395391679717,5,3,4,12,Loyal Customers
12660,35,4,1475.3975656457335,4,2,2,8,Potential Loyalists
12661,110,5,2920.931730368509,2,3,4,9,Potential Loyalists
12662,24,8,4908.484205467721,4,5,5,14,Champions
12663,42,5,3051.3311850362606,4,3,4,11,Loyal Customers
12664,71,5,2548.766786468038,3,3,3,9,Potential Loyalists
12665,196,2,187.36640711697024,1,1,1,3,Lost
12666,22,11,3608.561039826969,4,5,5,14,Champions
12667,22,5,2803.307654783603,4,3,4,11,Loyal Customers
12668,299,4,1977.964482478636,1,2,2,5,At Risk
12669,11,5,2257.093926354911,5,3,3,11,Loyal Customers
12670,95,5,4120.80503183685,2,3,5,10,Loyal Customers
12671,87,8,5847.032093016028,2,5,5,12,Loyal Customers
12672,22,3,1907.35100907924,4,1,2,7,Potential Loyalists
12673,107,5,2938.899904308098,2,3,4,9,Potential Loyalists
12674,65,5,1866.6329777124745,3,3,2,8,Potential Loyalists
12675,156,6,4448.156483497454,1,4,5,10,Loyal Customers
12676,164,8,5039.728992408534,1,5,5,11,Loyal Customers
12677,144,4,2247.204323138691,1,2,3,6,At Risk
12678,60,6,3528.8967993764963,3,4,4,11,Loyal Customers
12679,35,4,2506.702262872237,4,2,3,9,Potential Loyalists
12680,191,5,3441.187205933768,1,3,4,8,Potential Loyalists
12681,324,2,1328.9572493994656,1,1,1,3,Lost
12682,49,7,4094.0715117800655,3,4,5,12,Loyal Customers
12683,121,2,1051.5612938160148,2,1,1,4,At Risk
12684,108,2,264.48115961689507,2,1,1,4,At Risk
12685,25,3,2073.151786981244,4,1,2,7,Potential Loyalists
12686,8,7,4170.139720569669,5,4,5,14,Champions
12687,10,8,3715.500080445802,5,5,5,15,Champions
12688,66,6,1192.9832652613773,3,4,1,8,Potential Loyalists
12689,181,2,963.832222663382,1,1,1,3,Lost
12690,137,6,3115.665645480516,1,4,4,9,Potential Loyalists
12691,14,5,2276.541126943866,5,3,3,11,Loyal Customers
12692,73,7,2870.7218521538093,3,4,4,11,Loyal Customers
12693,63,4,1405.5890066482918,3,2,1,6,At Risk
12694,29,7,3952.628233811359,4,4,5,13,Champions
12695,53,5,3017.5657376119443,3,3,4,10,Loyal Customers
12696,12,5,3390.780787946739,5,3,4,12,Loyal Customers
12697,22,7,2427.0073910247606,4,4,3,11,Loyal Customers
12698,232,3,2180.806854061338,1,1,3,5,At Risk
12699,31,5,2164.5532510009525,4,3,3,10,Loyal Customers
12700,56,6,2401.792014483957,3,4,3,10,Loyal Customers
12701,59,6,1812.2983424442443,3,4,2,9,Potential Loyalists
12702,70,5,1576.88935649034,3,3,2,8,Potential Loyalists
12703,10,7,2897.844970892944,5,4,4,13,Champions
12704,299,5,1997.90639465802,1,3,2,6,At Risk
12705,45,6,3556.8061352824325,3,4,5,12,Loyal Customers
12706,78,7,3202.312793741757,2,4,4,10,Loyal Customers
12707,71,3,1304.7744026915332,3,1,1,5,At Risk
12708,53,3,1458.096434876272,3,1,2,6,At Risk
12709,4,8,5129.663521309301,5,5,5,15,Champions
12710,184,6,2743.480225161733,1,4,4,9,Potential Loyalists
12711,7,3,1009.1314453427416,5,1,1,7,Potential Loyalists
12712,68,11,4417.717191316165,3,5,5,13,Champions
12713,100,4,2369.0656986005943,2,2,3,7,Potential Loyalists
12714,5,6,3293.3186053926406,5,4,4,13,Champions
12715,189,5,2089.7658807712305,1,3,3,7,Potential Loyalists
12716,135,4,2817.9228529437514,1,2,4,7,Potential Loyalists
12717,56,5,1407.0439687241742,3,3,1,7,Potential Loyalists
12718,147,4,2505.272556559138,1,2,3,6,At Risk
12719,148,3,1372.2343099554082,1,1,1,3,Lost
12720,83,6,3360.108387684328,2,4,4,10,Loyal Customers
12721,81,6,2414.7542373316464,2,4,3,9,Potential Loyalists
12722,62,6,3090.049253536896,3,4,4,11,Loyal Customers
12723,59,5,1855.895970787537,3,3,2,8,Potential Loyalists
12724,154,4,2676.473628193323,1,2,3,6,At Risk
12725,27,3,1528.587539596065,4,1,2,7,Potential Loyalists
12726,22,5,3286.894325931098,4,3,4,11,Loyal Customers
12728,22,6,3275.032603526415,4,4,4,12,Loyal Customers
12729,77,9,5191.131415838494,2,5,5,12,Loyal Customers
12730,177,3,1848.8781931094304,1,1,2,4,At Risk
12731,228,2,1045.8339901984166,1,1,1,3,Lost
12732,89,6,1879.7119391987408,2,4,2,8,Potential Loyalists
12733,74,6,1653.3805446367933,3,4,2,9,Potential Loyalists
12734,18,6,3059.7406697371466,5,4,4,13,Champions
12735,1,7,2392.1682715057414,5,4,3,12,Loyal Customers
12736,16,7,3051.877744358105,5,4,4,13,Champions
12737,33,5,3538.7521104752386,4,3,4,11,Loyal Customers
12738,14,4,975.7461081986828,5,2,1,8,Potential Loyalists
12739,179,7,3089.189161577645,1,4,4,9,Potential Loyalists
12740,11,7,3433.92605531762,5,4,4,13,Champions
12741,21,3,1781.7334511816057,4,1,2,7,Potential Loyalists
12742,37,4,2890.779362359205,4,2,4,10,Loyal Customers
12743,50,4,3075.292905527829,3,2,4,9,Potential Loyalists
12744,46,5,3321.987460515643,3,3,4,10,Loyal Customers
12745,38,5,2842.1843504725484,4,3,4,11,Loyal Customers
12746,43,8,3462.715899767317,4,5,4,13,Champions
12747,141,2,941.2943531886935,1,1,1,3,Lost
12748,14,8,3218.241038371004,5,5,4,14,Champions
12749,22,5,3373.222710333607,4,3,4,11,Loyal Customers
12750,40,9,5555.195384672757,4,5,5,14,Champions
12751,73,6,3060.9563474874126,3,4,4,11,Loyal Customers
12752,13,5,3237.857569626336,5,3,4,12,Loyal Customers
12753,33,2,1054.820816452658,4,1,1,6,At Risk
12754,12,6,2048.2794595453056,5,4,2,11,Loyal Customers
12755,48,5,2859.08008063324,3,3,4,10,Loyal Customers
12756,83,8,4023.435573967176,2,5,5,12,Loyal Customers
12757,26,2,1456.067355068922,4,1,2,7,Potential Loyalists
12758,254,3,994.140335185594,1,1,1,3,Lost
12759,6,4,1296.6996196236232,5,2,1,8,Potential Loyalists
12760,40,4,1382.24316998659,4,2,1,7,Potential Loyalists
12761,136,3,882.0517310810031,1,1,1,3,Lost
12762,51,3,832.131101531442,3,1,1,5,At Risk
12763,106,3,1510.3799439313327,2,1,2,5,At Risk
12764,11,6,2042.282243214823,5,4,2,11,Loyal Customers
12765,45,3,1623.0687426551938,3,1,2,6,At Risk
12766,10,6,1823.6113200783727,5,4,2,11,Loyal Customers
12767,77,4,3284.1341646222813,2,2,4,8,Potential Loyalists
12768,21,2,649.8243620150733,4,1,1,6,At Risk
12769,13,10,4865.7406945623725,5,5,5,15,Champions
12770,196,4,2036.7728087149733,1,2,2,5,At Risk
12771,54,7,2687.727525321154,3,4,3,10,Loyal Customers
12772,113,4,1821.41873027253,2,2,2,6,At Risk
12773,42,4,2112.4442999600537,4,2,3,9,Potential Loyalists
12774,40,8,5274.162467396042,4,5,5,14,Champions
12775,58,8,3359.2074033414665,3,5,4,12,Loyal Customers
12776,52,7,2539.5646083610995,3,4,3,10,Loyal Customers
12777,142,3,1202.876318675153,1,1,1,3,Lost
12778,90,3,524.6022911540283,2,1,1,4,At Risk
12779,15,5,3821.607391216367,5,3,5,13,Champions
12780,9,9,4078.294559521056,5,5,5,15,Champions
12781,31,7,4032.809418031669,4,4,5,13,Champions
12782,49,7,2876.243232022144,3,4,4,11,Loyal Customers
12783,298,4,1193.5545145524538,1,2,1,4,At Risk
12784,37,4,2256.133930150091,4,2,3,9,Potential Loyalists
12785,27,4,1961.112850024694,4,2,2,8,Potential Loyalists
12786,36,6,2675.8594587437324,4,4,3,11,Loyal Customers
12787,6,8,4571.534363609406,5,5,5,15,Champions
12788,2,6,2425.84171757173,5,4,3,12,Loyal Customers
12789,66,5,3514.543110158364,3,3,4,10,Loyal Customers
12790,58,4,2172.106861228573,3,2,3,8,Potential Loyalists
12791,47,7,3191.7403199658497,3,4,4,11,Loyal Customers
12792,279,1,646.2242199275797,1,1,1,3,Lost
12793,67,6,3461.742590623602,3,4,4,11,Loyal Customers
12794,23,5,2378.046186870307,4,3,3,10,Loyal Customers
12795,130,3,1909.355416349714,2,1,2,5,At Risk
12796,58,5,1711.981002402428,3,3,2,8,Potential Loyalists
12797,54,6,2251.975212880914,3,4,3,10,Loyal Customers
12798,231,4,1618.12493490549,1,2,2,5,At Risk
12799,25,4,2985.3040728423766,4,2,4,10,Loyal Customers
12800,99,3,1597.8406864898311,2,1,2,5,At Risk
12801,39,12,5700.683586729919,4,5,5,14,Champions
12802,79,4,1545.6154700595032,2,2,2,6,At Risk
12803,11,6,3604.032599916948,5,4,5,14,Champions
12804,10,10,4598.913421224825,5,5,5,15,Champions
12805,74,7,3868.0652569010986,3,4,5,12,Loyal Customers
12806,323,3,1786.3575650540588,1,1,2,4,At Risk
12807,67,5,2735.8232651524168,3,3,3,9,Potential Loyalists
12808,5,6,3329.9937193624164,5,4,4,13,Champions
12809,3,11,4622.983741396453,5,5,5,15,Champions
12810,59,5,2107.5654288970045,3,3,3,9,Potential Loyalists
12811,20,7,2994.597846960676,4,4,4,12,Loyal Customers
12812,43,8,5188.70753453873,4,5,5,14,Champions
12813,18,6,4026.5213302636143,5,4,5,14,Champions
12814,167,2,1569.1901879754228,1,1,2,4,At Risk
12815,76,5,2800.560943348134,3,3,4,10,Loyal Customers
12816,74,7,4916.560140101346,3,4,5,12,Loyal Customers
12817,35,7,3164.6365191296445,4,4,4,12,Loyal Customers
12818,50,8,4332.578792383525,3,5,5,13,Champions
12819,26,6,1734.5943848137226,4,4,2,10,Loyal Customers
12820,13,8,3158.214388118011,5,5,4,14,Champions
12821,287,3,1944.1210951581104,1,1,2,4,At Risk
12822,80,6,2949.9111194418138,2,4,4,10,Loyal Customers
12823,22,7,4750.3816371610665,4,4,5,13,Champions
12824,59,8,4471.174392161191,3,5,5,13,Champions
12825,85,9,3842.0831680832575,2,5,5,12,Loyal Customers
12826,50,5,3192.913282108032,3,3,4,10,Loyal Customers
12827,39,3,2068.179077805996,4,1,2,7,Potential Loyalists
12828,52,4,1672.861124956325,3,2,2,7,Potential Loyalists
12829,135,7,3312.9670844161747,1,4,4,9,Potential Loyalists
12830,136,4,2573.6945568858764,1,2,3,6,At Risk
12831,173,1,238.11354435395657,1,1,1,3,Lost
12832,72,4,2699.290010643999,3,2,3,8,Potential Loyalists
12833,104,9,4425.336626791176,2,5,5,12,Loyal Customers
12834,77,2,1424.797630809211,2,1,2,5,At Risk
12835,243,4,2954.055245007036,1,2,4,7,Potential Loyalists
12836,101,5,1883.914830272765,2,3,2,7,Potential Loyalists
12837,29,4,2271.407087081322,4,2,3,9,Potential Loyalists
12838,14,4,1928.882005908837,5,2,2,9,Potential Loyalists
12839,4,6,3262.970588300972,5,4,4,13,Champions
12840,206,7,3717.031332866334,1,4,5,10,Loyal Customers
12841,14,4,1484.149014532642,5,2,2,9,Potential Loyalists
12842,17,9,4673.074529117296,5,5,5,15,Champions
12843,170,4,3041.247652047129,1,2,4,7,Potential Loyalists
12844,34,7,3347.151183842512,4,4,4,12,Loyal Customers
12845,51,5,1766.46344548326,3,3,2,8,Potential Loyalists
12846,110,4,2897.0549899285143,2,2,4,8,Potential Loyalists
12847,54,9,5287.624895863028,3,5,5,13,Champions
12848,63,6,2940.5153254318698,3,4,4,11,Loyal Customers
12849,33,2,218.94034759476037,4,1,1,6,At Risk
12850,185,6,3099.6226817393617,1,4,4,9,Potential Loyalists
12851,107,6,2000.5091316895296,2,4,2,8,Potential Loyalists
12852,132,2,1448.1088072574703,2,1,2,5,At Risk
12853,16,5,2733.0639924940488,5,3,3,11,Loyal Customers
12854,198,3,1501.6784707984348,1,1,2,4,At Risk
12855,93,3,1920.5424707629284,2,1,2,5,At Risk
12856,174,4,1747.5694276042182,1,2,2,5,At Risk
12857,12,4,3192.1619056953327,5,2,4,11,Loyal Customers
12858,118,4,1610.869951805901,2,2,2,6,At Risk
12859,25,2,491.9781480103888,4,1,1,6,At Risk
12860,147,5,2874.9164746798338,1,3,4,8,Potential Loyalists
12861,34,6,3027.828786896861,4,4,4,12,Loyal Customers
12862,7,5,2630.9047147579263,5,3,3,11,Loyal Customers
12863,3,3,1114.2338160347322,5,1,1,7,Potential Loyalists
12864,29,2,748.8687855968695,4,1,1,6,At Risk
12865,102,6,3026.635581521379,2,4,4,10,Loyal Customers
12866,36,3,1904.658045749505,4,1,2,7,Potential Loyalists
12867,51,9,4755.524957194126,3,5,5,13,Champions
12868,42,2,1325.034896612091,4,1,1,6,At Risk
12869,284,2,835.8408958779761,1,1,1,3,Lost
12870,19,4,1243.4850455390929,5,2,1,8,Potential Loyalists
12871,24,5,4125.159868388602,4,3,5,12,Loyal Customers
12872,19,6,3316.6046831704653,5,4,4,13,Champions
12873,193,3,1623.4358459526047,1,1,2,4,At Risk
12874,38,5,1772.4219511623692,4,3,2,9,Potential Loyalists
12875,112,1,552.7610315238069,2,1,1,4,At Risk
12876,32,4,2206.598655364209,4,2,3,9,Potential Loyalists
12877,12,3,1750.9105240293284,5,1,2,8,Potential Loyalists
12878,45,3,668.1558882798842,3,1,1,5,At Risk
12879,78,5,2911.9322221676643,2,3,4,9,Potential Loyalists
12880,240,2,1220.2187849946763,1,1,1,3,Lost
12881,5,2,740.0449051210455,5,1,1,7,Potential Loyalists
12882,73,6,2638.12261996654,3,4,3,10,Loyal Customers
12883,6,6,2297.178699383085,5,4,3,12,Loyal Customers
12884,113,6,2918.935682568739,2,4,4,10,Loyal Customers
12885,175,6,2782.4703821779885,1,4,4,9,Potential Loyalists
12887,2,10,3916.490019067716,5,5,5,15,Champions
12888,28,5,2936.4427350607943,4,3,4,11,Loyal Customers
12889,41,3,570.1833311805224,4,1,1,6,At Risk
12890,140,4,1535.344142821999,1,2,2,5,At Risk
12891,118,4,2969.696258521993,2,2,4,8,Potential Loyalists
12892,134,4,1305.8782043796136,1,2,1,4,At Risk
12893,39,6,3934.5764472109386,4,4,5,13,Champions
12895,9,6,3745.911880023744,5,4,5,14,Champions
12896,35,7,3650.531296035872,4,4,5,13,Champions
12897,97,5,2579.194490465229,2,3,3,8,Potential Loyalists
12898,231,5,2281.277868968443,1,3,3,7,Potential Loyalists
12899,62,5,2821.2684855632465,3,3,4,10,Loyal Customers
12900,89,4,1069.1894765367122,2,2,1,5,At Risk
12901,76,2,1715.0874143534877,3,1,2,6,At Risk
12902,42,3,1449.4756334946928,4,1,2,7,Potential Loyalists
12903,17,5,2105.576946978367,5,3,3,11,Loyal Customers
12904,41,3,609.6762088427809,4,1,1,6,At Risk
12905,34,4,3146.690076823168,4,2,4,10,Loyal Customers
12906,27,4,1922.5045054944503,4,2,2,8,Potential Loyalists
12907,15,5,2625.455097139245,5,3,3,11,Loyal Customers
12908,146,1,174.82528665410194,1,1,1,3,Lost
12909,164,4,1430.349244391186,1,2,2,5,At Risk
12910,217,2,788.4407517603175,1,1,1,3,Lost
12911,37,6,1899.826965502522,4,4,2,10,Loyal Customers
12912,12,6,2677.875645896744,5,4,3,12,Loyal Customers
12913,59,5,3723.034837514711,3,3,5,11,Loyal Customers
12914,94,3,1539.7501682699524,2,1,2,5,At Risk
12915,175,5,2011.9288426623527,1,3,2,6,At Risk
12916,150,3,1454.700844373849,1,1,2,4,At Risk
12917,62,3,1381.4806017364533,3,1,1,5,At Risk
12918,47,7,4103.135273108908,3,4,5,12,Loyal Customers
12919,295,2,786.9378622480089,1,1,1,3,Lost
12920,20,5,2994.267252043928,4,3,4,11,Loyal Customers
12921,56,4,1822.6979335403776,3,2,2,7,Potential Loyalists
12922,16,11,5280.8758240610805,5,5,5,15,Champions
12923,1,6,2430.875383591835,5,4,3,12,Loyal Customers
12924,119,6,2987.9796762362957,2,4,4,10,Loyal Customers
12925,32,4,2241.724045741151,4,2,3,9,Potential Loyalists
12926,13,14,6094.09765896163,5,5,5,15,Champions
12927,17,6,2193.1570882407045,5,4,3,12,Loyal Customers
12928,86,4,1835.9085245407844,2,2,2,6,At Risk
12929,57,4,1823.5016717446488,3,2,2,7,Potential Loyalists
12930,3,3,1826.7391121406688,5,1,2,8,Potential Loyalists
12931,18,5,2443.7922666337818,5,3,3,11,Loyal Customers
12932,5,4,2165.4683126894547,5,2,3,10,Loyal Customers
12933,112,3,1766.9365658824925,2,1,2,5,At Risk
12934,65,9,4052.95801939562,3,5,5,13,Champions
12935,76,12,4456.784734365608,3,5,5,13,Champions
12936,76,4,1768.8545291447,3,2,2,7,Potential Loyalists
12937,177,6,1402.6473224403308,1,4,1,6,At Risk
12938,360,1,845.7964284609185,1,1,1,3,Lost
12939,70,6,4437.723990997499,3,4,5,12,Loyal Customers
12940,31,10,3337.9401382529013,4,5,4,13,Champions
12941,129,7,3026.356384915636,2,4,4,10,Loyal Customers
12942,82,4,2010.2326938345764,2,2,2,6,At Risk
12943,6,3,2004.6130269728485,5,1,2,8,Potential Loyalists
12944,30,4,2227.7426760408903,4,2,3,9,Potential Loyalists
12945,66,9,5941.335743634912,3,5,5,13,Champions
12946,26,8,4984.713283908935,4,5,5,14,Champions
12947,66,8,3187.788235336889,3,5,4,12,Loyal Customers
12948,17,2,963.906484696328,5,1,1,7,Potential Loyalists
12949,52,6,2989.007364551529,3,4,4,11,Loyal Customers
12950,5,4,2270.778227169377,5,2,3,10,Loyal Customers
12951,115,2,1379.6480244533898,2,1,1,4,At Risk
12952,1,7,3568.4293003490297,5,4,5,14,Champions
12953,90,6,3581.902074663501,2,4,5,11,Loyal Customers
12954,5,5,2522.9714361700326,5,3,3,11,Loyal Customers
12955,5,2,1053.8444282754344,5,1,1,7,Potential Loyalists
12956,10,4,2329.7893916400217,5,2,3,10,Loyal Customers
12957,23,3,1439.1075455856544,4,1,2,7,Potential Loyalists
12958,72,3,1426.430885217952,3,1,2,6,At Risk
12959,36,4,2294.4262313228787,4,2,3,9,Potential Loyalists
12960,72,4,1184.060250384275,3,2,1,6,At Risk
12961,64,4,1787.4886937426138,3,2,2,7,Potential Loyalists
12962,16,3,1289.3747833234895,5,1,1,7,Potential Loyalists
12963,9,8,3418.9506512659405,5,5,4,14,Champions
12964,22,5,2620.355213521213,4,3,3,10,Loyal Customers
12965,14,8,2492.484161208341,5,5,3,13,Champions
12966,293,2,1129.1178962641477,1,1,1,3,Lost
12967,89,5,1326.537731125995,2,3,1,6,At Risk
12968,23,5,2901.589329574599,4,3,4,11,Loyal Customers
12969,53,3,1531.120563110073,3,1,2,6,At Risk
12970,18,1,990.1667406130896,5,1,1,7,Potential Loyalists
12971,60,5,2375.8635884215287,3,3,3,9,Potential Loyalists
12972,66,7,4370.837115384975,3,4,5,12,Loyal Customers
12973,77,5,2119.634004143639,2,3,3,8,Potential Loyalists
12974,222,3,1363.0998725464517,1,1,1,3,Lost
12975,8,5,3035.720687430903,5,3,4,12,Loyal Customers
12976,125,5,2849.7173626997364,2,3,4,9,Potential Loyalists
12977,33,6,2736.0621320356545,4,4,3,11,Loyal Customers
12978,61,6,2604.756619533301,3,4,3,10,Loyal Customers
12979,56,7,3065.878894021213,3,4,4,11,Loyal Customers
12980,98,6,3396.818321869062,2,4,4,10,Loyal Customers
12981,69,2,338.0615801590348,3,1,1,5,At Risk
12982,144,4,1872.8270280960423,1,2,2,5,At Risk
12983,162,1,889.8106132944333,1,1,1,3,Lost
12984,37,8,3628.0580447368734,4,5,5,14,Champions
12985,13,4,1589.0257411324392,5,2,2,9,Potential Loyalists
12986,9,9,5307.720462219366,5,5,5,15,Champions
12987,57,5,2116.2583448880378,3,3,3,9,Potential Loyalists
12988,6,4,1156.1231878502635,5,2,1,8,Potential Loyalists
12989,40,5,2502.8853315764195,4,3,3,10,Loyal Customers
12990,96,8,4073.321299988159,2,5,5,12,Loyal Customers
12991,33,7,3551.3791099490163,4,4,5,13,Champions
12992,19,4,1645.0059931715984,5,2,2,9,Potential Loyalists
12994,40,6,4373.037265468448,4,4,5,13,Champions
12995,80,6,3578.1535224913378,2,4,5,11,Loyal Customers
12996,35,8,2750.92603901003,4,5,4,13,Champions
12997,104,3,1019.9228046368776,2,1,1,4,At Risk
12998,91,4,2997.748358139755,2,2,4,8,Potential Loyalists
12999,272,2,1092.9343554205034,1,1,1,3,Lost
13000,203,3,1405.234008884874,1,1,1,3,Lost
13001,27,1,52.63756500326504,4,1,1,6,At Risk
13002,153,2,1133.472873431769,1,1,1,3,Lost
13003,220,1,436.9997271444868,1,1,1,3,Lost
13004,412,2,1398.0413252319645,1,1,1,3,Lost
13005,9,3,1462.381532118442,5,1,2,8,Potential Loyalists
13006,9,8,5065.726294845841,5,5,5,15,Champions
13007,139,9,4074.1241548340536,1,5,5,11,Loyal Customers
13008,259,6,4143.94980426211,1,4,5,10,Loyal Customers
13009,59,4,1566.7518396795,3,2,2,7,Potential Loyalists
13010,6,4,2512.7675345637635,5,2,3,10,Loyal Customers
13011,32,3,1457.7966710940943,4,1,2,7,Potential Loyalists
13012,84,3,1313.8719729514569,2,1,1,4,At Risk
13013,2,8,4763.112170133329,5,5,5,15,Champions
13014,60,5,3566.5431870647853,3,3,5,11,Loyal Customers
13015,75,4,1594.5839008976195,3,2,2,7,Potential Loyalists
13016,36,7,4537.417202092893,4,4,5,13,Champions
13017,32,5,1685.2936587269255,4,3,2,9,Potential Loyalists
13018,75,5,2251.6240850575546,3,3,3,9,Potential Loyalists
13019,115,4,1692.8158792235577,2,2,2,6,At Risk
13020,20,6,3515.2924530806145,4,4,4,12,Loyal Customers
13021,23,5,3175.732779752302,4,3,4,11,Loyal Customers
13022,41,3,1266.0918045880585,4,1,1,6,At Risk
13023,12,8,3710.67402012812,5,5,5,15,Champions
13024,4,6,2817.567884674377,5,4,4,13,Champions
13025,67,4,2341.000309637372,3,2,3,8,Potential Loyalists
13026,114,2,695.5976582400397,2,1,1,4,At Risk
13027,92,5,3275.70350480288,2,3,4,9,Potential Loyalists
13028,59,4,2538.9986129763342,3,2,3,8,Potential Loyalists
13029,162,2,941.7890063236684,1,1,1,3,Lost
13030,180,4,1708.2000545363087,1,2,2,5,At Risk
13031,98,5,3004.746330848967,2,3,4,9,Potential Loyalists
13032,415,1,807.9455355671207,1,1,1,3,Lost
13033,10,8,4545.422859051035,5,5,5,15,Champions
13034,30,6,3120.651197984558,4,4,4,12,Loyal Customers
13035,91,5,1563.8778421321329,2,3,2,7,Potential Loyalists
13036,2,2,716.3212391404045,5,1,1,7,Potential Loyalists
13037,46,8,3583.532291886046,3,5,5,13,Champions
13038,52,4,2183.3398442656303,3,2,3,8,Potential Loyalists
13039,12,6,3243.3233959505237,5,4,4,13,Champions
13040,35,7,4757.744350892516,4,4,5,13,Champions
13041,251,1,5.65323885199351,1,1,1,3,Lost
13042,52,7,3531.353848114132,3,4,4,11,Loyal Customers
13043,42,6,3233.722276569869,4,4,4,12,Loyal Customers
13044,29,5,3042.8442913730178,4,3,4,11,Loyal Customers
13045,92,8,3468.257276681972,2,5,4,11,Loyal Customers
13046,46,6,2554.1396996210874,3,4,3,10,Loyal Customers
13047,6,8,4991.840935750536,5,5,5,15,Champions
13048,5,5,2778.060075180872,5,3,4,12,Loyal Customers
13049,52,8,3462.885937016485,3,5,4,12,Loyal Customers
13050,31,6,4019.8665975371255,4,4,5,13,Champions
13051,39,2,1061.110618537302,4,1,1,6,At Risk
13052,31,11,5570.190715548392,4,5,5,14,Champions
13053,1,8,3670.1987168616647,5,5,5,15,Champions
13055,88,2,1378.0289765198042,2,1,1,4,At Risk
13056,25,7,3625.781956959817,4,4,5,13,Champions
13057,83,4,1563.51517821295,2,2,2,6,At Risk
13058,4,4,2788.225938931117,5,2,4,11,Loyal Customers
13059,2,3,1669.2933726437884,5,1,2,8,Potential Loyalists
13060,144,3,1410.9679122100956,1,1,1,3,Lost
13061,131,4,2438.788834287225,2,2,3,7,Potential Loyalists
13062,116,5,3190.736740175628,2,3,4,9,Potential Loyalists
13063,105,7,3663.674880790161,2,4,5,11,Loyal Customers
13064,247,4,3050.397038996159,1,2,4,7,Potential Loyalists
13065,14,4,1356.242925324566,5,2,1,8,Potential Loyalists
13066,47,9,4273.375852465733,3,5,5,13,Champions
13067,29,5,3318.5474540489245,4,3,4,11,Loyal Customers
13068,56,4,2512.7294343983267,3,2,3,8,Potential Loyalists
13069,126,1,387.5927607082298,2,1,1,4,At Risk
13070,95,5,1509.8952945213086,2,3,2,7,Potential Loyalists
13071,39,3,1639.2820442000257,4,1,2,7,Potential Loyalists
13072,245,3,1419.509307915628,1,1,2,4,At Risk
13073,38,8,4200.602984783173,4,5,5,14,Champions
13074,57,3,666.5702435281798,3,1,1,5,At Risk
13075,7,4,1742.046332752247,5,2,2,9,Potential Loyalists
13076,25,5,1212.9410436613014,4,3,1,8,Potential Loyalists
13077,89,3,1766.858279342087,2,1,2,5,At Risk
13079,4,9,3416.373706302172,5,5,4,14,Champions
13080,20,6,2643.886895316321,4,4,3,11,Loyal Customers
13081,28,6,3178.1388302901823,4,4,4,12,Loyal Customers
13082,36,11,6583.205285268998,4,5,5,14,Champions
13083,73,3,1849.09980050922,3,1,2,6,At Risk
13084,2,12,4923.022923597008,5,5,5,15,Champions
13085,62,5,2278.824113140525,3,3,3,9,Potential Loyalists
13086,109,2,921.0055387021544,2,1,1,4,At Risk
13087,45,7,4083.637370196149,3,4,5,12,Loyal Customers
13088,97,5,1343.4388125621156,2,3,1,6,At Risk
13089,20,7,3342.755857485973,4,4,4,12,Loyal Customers
13090,143,4,2566.035447190796,1,2,3,6,At Risk
13091,134,2,1622.7465375654374,1,1,2,4,At Risk
13092,67,6,1935.9093203956647,3,4,2,9,Potential Loyalists
13093,35,7,3192.822027222772,4,4,4,12,Loyal Customers
13094,67,7,3161.3543088978777,3,4,4,11,Loyal Customers
13095,71,6,2606.3354836177014,3,4,3,10,Loyal Customers
13096,45,3,1273.5610835249158,3,1,1,5,At Risk
13097,118,8,4146.921950216955,2,5,5,12,Loyal Customers
13098,43,11,5549.441340167297,4,5,5,14,Champions
13099,58,7,2463.3575170850368,3,4,3,10,Loyal Customers
13100,10,4,1064.6162802691683,5,2,1,8,Potential Loyalists
13101,246,3,1205.7003827806257,1,1,1,3,Lost
13102,82,5,2401.454024431941,2,3,3,8,Potential Loyalists
13103,126,4,1507.358655695886,2,2,2,6,At Risk
13104,89,4,2681.4147397350757,2,2,3,7,Potential Loyalists
13105,33,4,1418.496431823267,4,2,1,7,Potential Loyalists
13106,282,2,150.00246075975593,1,1,1,3,Lost
13107,269,2,1132.094152151063,1,1,1,3,Lost
13108,182,6,1831.738947926636,1,4,2,7,Potential Loyalists
13109,46,3,2090.557554428917,3,1,3,7,Potential Loyalists
13110,37,6,3464.28852527876,4,4,4,12,Loyal Customers
13111,4,9,4281.750610338919,5,5,5,15,Champions
13112,33,4,1635.952488624126,4,2,2,8,Potential Loyalists
13113,61,3,1719.219491685115,3,1,2,6,At Risk
13114,53,2,1069.7732233189272,3,1,1,5,At Risk
13115,11,6,1961.803928251796,5,4,2,11,Loyal Customers
13116,412,1,942.8165158119092,1,1,1,3,Lost
13117,1,6,3057.5665614185987,5,4,4,13,Champions
13118,251,4,2230.734992411546,1,2,3,6,At Risk
13119,98,5,1786.6735540550908,2,3,2,7,Potential Loyalists
13120,63,6,3979.6367381061655,3,4,5,12,Loyal Customers
13121,32,4,1741.1145016650162,4,2,2,8,Potential Loyalists
13122,156,4,1885.879184742928,1,2,2,5,At Risk
13123,4,5,3066.069349775546,5,3,4,12,Loyal Customers
13124,91,8,4399.794780858234,2,5,5,12,Loyal Customers
13125,68,6,2575.2246157363647,3,4,3,10,Loyal Customers
13126,83,5,2748.111447653768,2,3,4,9,Potential Loyalists
13127,50,5,2332.281463205847,3,3,3,9,Potential Loyalists
13128,251,2,958.3361607275792,1,1,1,3,Lost
13129,1,6,3237.7176364210063,5,4,4,13,Champions
13130,25,8,5286.195705800908,4,5,5,14,Champions
13131,12,5,2776.5092231252825,5,3,4,12,Loyal Customers
13132,85,3,1962.2733245961756,2,1,2,5,At Risk
13133,154,2,856.6629042825064,1,1,1,3,Lost
13134,46,9,3815.139333308436,3,5,5,13,Champions
13135,130,7,2670.3181039553574,2,4,3,9,Potential Loyalists
13136,11,6,3856.836360126084,5,4,5,14,Champions
13137,88,2,1725.311550121727,2,1,2,5,At Risk
13138,55,3,1484.445403308493,3,1,2,6,At Risk
13139,31,11,6639.947756491911,4,5,5,14,Champions
13140,50,4,1493.395598774467,3,2,2,7,Potential Loyalists
13141,11,6,3293.205441968751,5,4,4,13,Champions
13142,84,5,1938.100457490446,2,3,2,7,Potential Loyalists
13143,15,2,873.7003494224454,5,1,1,7,Potential Loyalists
13144,206,3,2313.2535461176103,1,1,3,5,At Risk
13145,79,7,3961.0355464768177,2,4,5,11,Loyal Customers
13146,96,6,3540.118732460547,2,4,4,10,Loyal Customers
13147,65,3,2043.6420805429043,3,1,2,6,At Risk
13148,16,8,3971.2340959389703,5,5,5,15,Champions
13149,54,8,3628.013755583702,3,5,5,13,Champions
13150,14,3,1312.1767569044378,5,1,1,7,Potential Loyalists
13151,101,3,1160.0952633788793,2,1,1,4,At Risk
13152,143,4,2635.402572989536,1,2,3,6,At Risk
13153,109,2,453.4111599699347,2,1,1,4,At Risk
13154,156,3,2417.014796965469,1,1,3,5,At Risk
13155,4,2,1027.353362847976,5,1,1,7,Potential Loyalists
13156,18,9,5731.308329964238,5,5,5,15,Champions
13157,39,2,1456.576983685483,4,1,2,7,Potential Loyalists
13158,120,8,5719.484830997057,2,5,5,12,Loyal Customers
13159,64,5,1388.4002297725715,3,3,1,7,Potential Loyalists
13160,5,6,2694.664496377789,5,4,3,12,Loyal Customers
13161,93,5,1076.9467012957878,2,3,1,6,At Risk
13162,160,4,2543.406708268627,1,2,3,6,At Risk
13163,6,8,3697.521356670327,5,5,5,15,Champions
13164,142,6,3420.780284041421,1,4,4,9,Potential Loyalists
13165,1,4,1258.538827961639,5,2,1,8,Potential Loyalists
13166,56,4,1128.071817978357,3,2,1,6,At Risk
13167,31,8,4452.062932901292,4,5,5,14,Champions
13168,28,5,3622.2654845974816,4,3,5,12,Loyal Customers
13169,348,3,2200.1236089345894,1,1,3,5,At Risk
13170,88,4,1223.3996066812006,2,2,1,5,At Risk
13171,158,6,2650.575309034392,1,4,3,8,Potential Loyalists
13172,45,3,1762.5933718937397,3,1,2,6,At Risk
13173,55,3,912.7253278053964,3,1,1,5,At Risk
13174,219,3,1330.9564437694562,1,1,1,3,Lost
13175,53,9,3166.500729911004,3,5,4,12,Loyal Customers
13176,38,3,2052.981424192979,4,1,2,7,Potential Loyalists
13177,116,8,3895.280236906395,2,5,5,12,Loyal Customers
13178,8,8,3834.497039557182,5,5,5,15,Champions
13179,182,8,3675.828398120928,1,5,5,11,Loyal Customers
13180,55,5,2806.346237830919,3,3,4,10,Loyal Customers
13181,111,4,1758.729900749914,2,2,2,6,At Risk
13182,84,2,941.205804432097,2,1,1,4,At Risk
13183,114,8,3575.9002063930798,2,5,5,12,Loyal Customers
13184,121,6,3398.142571007256,2,4,4,10,Loyal Customers
13186,2,11,5185.672265414783,5,5,5,15,Champions
13187,23,3,1862.7806707858967,4,1,2,7,Potential Loyalists
13188,189,2,610.4627827627087,1,1,1,3,Lost
13189,101,5,3023.212308263781,2,3,4,9,Potential Loyalists
13190,328,1,626.2640882219932,1,1,1,3,Lost
13191,76,7,4089.772129426096,3,4,5,12,Loyal Customers
13192,14,6,3327.0680755759554,5,4,4,13,Champions
13193,10,4,2215.7208846897583,5,2,3,10,Loyal Customers
13194,65,2,1027.138544615097,3,1,1,5,At Risk
13195,277,2,1205.3684013044465,1,1,1,3,Lost
13196,63,6,2878.1611552790605,3,4,4,11,Loyal Customers
13197,45,7,3485.8384688971423,3,4,4,11,Loyal Customers
13198,62,5,3047.602546811918,3,3,4,10,Loyal Customers
13199,3,6,2453.208855098036,5,4,3,12,Loyal Customers
13200,156,6,2599.422184893853,1,4,3,8,Potential Loyalists
13201,61,5,2551.355977772462,3,3,3,9,Potential Loyalists
13202,43,8,5364.029389410838,4,5,5,14,Champions
13203,44,4,447.76964382950194,3,2,1,6,At Risk
13204,114,6,2362.6797387908177,2,4,3,9,Potential Loyalists
13205,57,5,1628.6398320073738,3,3,2,8,Potential Loyalists
13206,54,7,3530.5812411633474,3,4,4,11,Loyal Customers
13207,4,6,4355.926278839756,5,4,5,14,Champions
13208,32,6,2735.6896801266385,4,4,3,11,Loyal Customers
13209,77,4,2367.743318870085,2,2,3,7,Potential Loyalists
13210,75,2,967.6606888650268,3,1,1,5,At Risk
13211,131,3,1442.3216756703218,2,1,2,5,At Risk
13212,7,2,703.0358275657126,5,1,1,7,Potential Loyalists
13213,4,9,3604.832728878159,5,5,5,15,Champions
13214,93,3,2020.16767656743,2,1,2,5,At Risk
13215,265,1,149.31101088908818,1,1,1,3,Lost
13216,50,6,3073.408882115917,3,4,4,11,Loyal Customers
13217,119,7,3459.1846004214303,2,4,4,10,Loyal Customers
13218,108,5,2741.42244565704,2,3,4,9,Potential Loyalists
13219,135,1,856.3996266374961,1,1,1,3,Lost
13220,107,4,2571.238783086016,2,2,3,7,Potential Loyalists
13221,169,3,1000.7892086332912,1,1,1,3,Lost
13222,36,5,2129.121176983115,4,3,3,10,Loyal Customers
13223,12,2,434.18393092559614,5,1,1,7,Potential Loyalists
13224,29,6,3156.39540626658,4,4,4,12,Loyal Customers
13225,29,4,818.0965642381777,4,2,1,7,Potential Loyalists
13226,15,4,2516.335730794772,5,2,3,10,Loyal Customers
13227,35,5,2544.195803317464,4,3,3,10,Loyal Customers
13228,35,3,1843.5448910130704,4,1,2,7,Potential Loyalists
13229,67,10,4026.319752036817,3,5,5,13,Champions
13230,23,6,3295.558207336795,4,4,4,12,Loyal Customers
13231,108,3,1102.2619057171123,2,1,1,4,At Risk
13232,88,6,3019.8087196853157,2,4,4,10,Loyal Customers
13233,75,5,2648.099792384609,3,3,3,9,Potential Loyalists
13234,4,6,2818.351157620479,5,4,4,13,Champions
13235,106,4,1822.3864897397843,2,2,2,6,At Risk
13236,25,4,2031.2634248649515,4,2,2,8,Potential Loyalists
13237,132,4,2641.0054381450677,2,2,3,7,Potential Loyalists
13238,16,7,3651.396717298936,5,4,5,14,Champions
13239,16,11,5187.8582278966405,5,5,5,15,Champions
13240,42,9,3731.474764542662,4,5,5,14,Champions
13241,23,10,4676.382952298893,4,5,5,14,Champions
13242,14,5,2811.5851011012483,5,3,4,12,Loyal Customers
13243,131,2,1017.9440898395608,2,1,1,4,At Risk
13244,66,5,3019.3472728647303,3,3,4,10,Loyal Customers
13245,43,7,4436.512245101303,4,4,5,13,Champions
13246,62,4,967.2469144389052,3,2,1,6,At Risk
13247,208,4,2528.1444240174355,1,2,3,6,At Risk
13248,3,7,3582.034796122497,5,4,5,14,Champions
13249,156,3,1820.4488346756632,1,1,2,4,At Risk
13250,158,6,2784.793426404617,1,4,4,9,Potential Loyalists
13251,60,6,2602.1202510047165,3,4,3,10,Loyal Customers
13252,89,6,3026.762675662783,2,4,4,10,Loyal Customers
13253,99,6,3188.975621816372,2,4,4,10,Loyal Customers
13254,53,4,2524.736299466039,3,2,3,8,Potential Loyalists
13255,71,7,2720.301204467485,3,4,3,10,Loyal Customers
13256,45,6,2781.20646968859,3,4,4,11,Loyal Customers
13257,75,6,2398.286996529392,3,4,3,10,Loyal Customers
13258,64,7,2701.1200732117386,3,4,3,10,Loyal Customers
13259,103,7,4290.8531909632775,2,4,5,11,Loyal Customers
13260,34,7,3787.587056701916,4,4,5,13,Champions
13261,156,6,4289.4718250796295,1,4,5,10,Loyal Customers
13262,7,7,3237.2983395835176,5,4,4,13,Champions
13263,23,7,4232.674192436067,4,4,5,13,Champions
13265,84,6,2115.194890025725,2,4,3,9,Potential Loyalists
13267,78,7,3973.484543278852,2,4,5,11,Loyal Customers
13268,19,6,2584.428317280788,5,4,3,12,Loyal Customers
13269,97,5,1960.67137247382,2,3,2,7,Potential Loyalists
13270,101,5,3564.224454111637,2,3,5,10,Loyal Customers
13271,167,2,801.0733078311647,1,1,1,3,Lost
13272,30,5,2870.1494161010523,4,3,4,11,Loyal Customers
13273,91,2,1341.2903096425443,2,1,1,4,At Risk
13274,91,7,2960.333142219152,2,4,4,10,Loyal Customers
13275,197,4,1774.4153496396602,1,2,2,5,At Risk
13276,5,5,1465.257650428833,5,3,2,10,Loyal Customers
13277,7,5,3155.531090530515,5,3,4,12,Loyal Customers
13278,122,6,2781.162935989944,2,4,4,10,Loyal Customers
13279,66,4,2299.143159029656,3,2,3,8,Potential Loyalists
13280,62,1,662.6642592140549,3,1,1,5,At Risk
13281,119,4,2584.918136965714,2,2,3,7,Potential Loyalists
13282,31,5,3411.031015188229,4,3,4,11,Loyal Customers
13283,71,4,1466.4561356629035,3,2,2,7,Potential Loyalists
13284,6,7,3104.680013299249,5,4,4,13,Champions
13285,70,4,1392.7616756873244,3,2,1,6,At Risk
13286,13,8,4966.2503853899525,5,5,5,15,Champions
13287,65,5,2706.217265355669,3,3,3,9,Potential Loyalists
13288,192,3,1030.7781904535257,1,1,1,3,Lost
13289,377,1,25.61032245759585,1,1,1,3,Lost
13290,230,4,2575.3199129976683,1,2,3,6,At Risk
13291,119,4,2227.429486081462,2,2,3,7,Potential Loyalists
13292,25,10,5930.218985718248,4,5,5,14,Champions
13293,11,4,2460.2090105871225,5,2,3,10,Loyal Customers
13294,12,6,3726.143556060181,5,4,5,14,Champions
13295,141,7,5357.369443007092,1,4,5,10,Loyal Customers
13296,297,2,534.9092715087213,1,1,1,3,Lost
13297,91,6,2854.228929833583,2,4,4,10,Loyal Customers
13298,84,4,1700.1945718521165,2,2,2,6,At Risk
13299,84,1,657.7117259413536,2,1,1,4,At Risk
13300,108,4,1674.5637384440197,2,2,2,6,At Risk
13301,97,6,3646.879213351144,2,4,5,11,Loyal Customers
13302,31,6,3407.691039960477,4,4,4,12,Loyal Customers
13303,25,6,4462.5157204804855,4,4,5,13,Champions
13304,131,5,3146.384747614772,2,3,4,9,Potential Loyalists
13305,130,1,505.0358463417192,2,1,1,4,At Risk
13306,44,8,4240.81947900643,3,5,5,13,Champions
13307,132,5,2196.58152666008,2,3,3,8,Potential Loyalists
13308,125,6,3533.9766596876907,2,4,4,10,Loyal Customers
13309,208,3,2440.948361335386,1,1,3,5,At Risk
13310,6,6,4157.076740994252,5,4,5,14,Champions
13311,110,6,4394.67087139137,2,4,5,11,Loyal Customers
13312,19,6,2722.7497097721925,5,4,3,12,Loyal Customers
13313,54,5,2385.7926259891246,3,3,3,9,Potential Loyalists
13314,38,3,1464.3709005964522,4,1,2,7,Potential Loyalists
13315,49,5,2394.6299198059305,3,3,3,9,Potential Loyalists
13316,213,3,716.3095593432229,1,1,1,3,Lost
13317,2,4,1262.4604645348766,5,2,1,8,Potential Loyalists
13318,37,5,2590.943581018092,4,3,3,10,Loyal Customers
13319,35,5,2189.307866220642,4,3,3,10,Loyal Customers
13320,2,5,3188.864341005231,5,3,4,12,Loyal Customers
13321,7,7,3475.848544238975,5,4,4,13,Champions
13322,116,5,2874.5607309484585,2,3,4,9,Potential Loyalists
13323,86,3,2206.50564249767,2,1,3,6,At Risk
13324,6,6,2380.93585732394,5,4,3,12,Loyal Customers
13325,38,11,6898.434419131632,4,5,5,14,Champions
13326,36,5,2214.5710343167502,4,3,3,10,Loyal Customers
13327,3,4,1305.4598679991236,5,2,1,8,Potential Loyalists
13328,86,4,2658.337606885497,2,2,3,7,Potential Loyalists
13329,1,5,1316.1140415452876,5,3,1,9,Potential Loyalists
13330,151,5,1850.605574952404,1,3,2,6,At Risk
13331,162,5,2935.5378941549925,1,3,4,8,Potential Loyalists
13332,189,10,5175.3282428310185,1,5,5,11,Loyal Customers
13333,64,6,3917.6280103160634,3,4,5,12,Loyal Customers
13334,145,4,2493.0406613252344,1,2,3,6,At Risk
13335,128,4,1345.3535189901152,2,2,1,5,At Risk
13336,108,2,715.4141167921259,2,1,1,4,At Risk
13337,25,5,2293.6038241761344,4,3,3,10,Loyal Customers
13338,103,4,1142.974247144539,2,2,1,5,At Risk
13339,106,6,1836.7102393577884,2,4,2,8,Potential Loyalists
13340,185,3,1670.7778951307132,1,1,2,4,At Risk
13341,30,9,4710.631283059288,4,5,5,14,Champions
13342,171,4,1850.3525787224971,1,2,2,5,At Risk
13343,28,8,5096.968589408674,4,5,5,14,Champions
13344,53,13,8058.228177435664,3,5,5,13,Champions
13345,24,4,1382.613112595131,4,2,1,7,Potential Loyalists
13346,23,8,4607.184388665707,4,5,5,14,Champions
13347,156,5,3148.898708785437,1,3,4,8,Potential Loyalists
13348,11,6,2690.2734671998,5,4,3,12,Loyal Customers
13349,107,4,1950.237636629948,2,2,2,6,At Risk
13350,41,8,2700.832332886237,4,5,3,12,Loyal Customers
13351,22,4,1104.9532939238195,4,2,1,7,Potential Loyalists
13352,65,4,2631.010187872466,3,2,3,8,Potential Loyalists
13353,361,2,670.2310930973779,1,1,1,3,Lost
13354,128,2,1583.2573745540358,2,1,2,5,At Risk
13355,80,4,2397.340039761345,2,2,3,7,Potential Loyalists
13356,16,6,2666.342154012368,5,4,3,12,Loyal Customers
13357,73,7,4550.492210820354,3,4,5,12,Loyal Customers
13358,8,5,2735.791137996724,5,3,3,11,Loyal Customers
13359,4,8,2866.3043671528435,5,5,4,14,Champions
13360,166,6,1868.252839266329,1,4,2,7,Potential Loyalists
13361,120,5,3738.31100856942,2,3,5,10,Loyal Customers
13362,30,6,2791.9623477233554,4,4,4,12,Loyal Customers
13363,76,4,2806.9327516732437,3,2,4,9,Potential Loyalists
13364,11,4,2894.3410868398178,5,2,4,11,Loyal Customers
13365,115,4,2817.0779450975024,2,2,4,8,Potential Loyalists
13366,64,6,3432.8924583760445,3,4,4,11,Loyal Customers
13367,29,5,3778.243722588176,4,3,5,12,Loyal Customers
13368,120,7,3157.0840104353765,2,4,4,10,Loyal Customers
13369,83,7,2750.2235860013475,2,4,4,10,Loyal Customers
13370,156,3,901.7083207540236,1,1,1,3,Lost
13371,27,6,2546.100738870393,4,4,3,11,Loyal Customers
13372,71,9,6477.146707127321,3,5,5,13,Champions
13373,93,5,2639.761220099854,2,3,3,8,Potential Loyalists
13374,270,4,1339.949660862569,1,2,1,4,At Risk
13375,24,8,4409.701598521428,4,5,5,14,Champions
13376,122,1,575.3677417225753,2,1,1,4,At Risk
13377,77,5,2557.5544956855456,2,3,3,8,Potential Loyalists
13378,101,4,1961.0605543072231,2,2,2,6,At Risk
13379,31,3,858.5098128560757,4,1,1,6,At Risk
13380,6,5,2728.251720803561,5,3,3,11,Loyal Customers
13381,194,5,2518.982352682892,1,3,3,7,Potential Loyalists
13382,3,4,1560.0063024531112,5,2,2,9,Potential Loyalists
13383,332,3,671.8769528099485,1,1,1,3,Lost
13384,34,2,594.7109878080835,4,1,1,6,At Risk
13385,75,6,2137.2170285638767,3,4,3,10,Loyal Customers
13386,50,5,2720.3538664005773,3,3,3,9,Potential Loyalists
13387,96,2,1682.1396899433432,2,1,2,5,At Risk
13388,13,4,994.2517542749166,5,2,1,8,Potential Loyalists
13389,94,4,2741.584793701769,2,2,4,8,Potential Loyalists
13390,19,7,3461.5267006950608,5,4,4,13,Champions
13391,4,10,3426.370136359964,5,5,4,14,Champions
13392,90,6,3596.4192516920302,2,4,5,11,Loyal Customers
13393,91,7,3337.7186371003795,2,4,4,10,Loyal Customers
13394,110,3,516.3392355937268,2,1,1,4,At Risk
13395,11,3,1364.65058139487,5,1,1,7,Potential Loyalists
13396,89,6,2447.8166665440936,2,4,3,9,Potential Loyalists
13397,174,1,434.0685821397125,1,1,1,3,Lost
13398,159,5,3041.802428760033,1,3,4,8,Potential Loyalists
13399,32,6,2115.1353620684317,4,4,3,11,Loyal Customers
13400,211,4,2640.270913824894,1,2,3,6,At Risk
13401,59,5,2197.649848475121,3,3,3,9,Potential Loyalists
13402,9,3,1453.1922886654677,5,1,2,8,Potential Loyalists
13403,198,3,2076.6509396159627,1,1,2,4,At Risk
13404,72,4,1923.5589103155037,3,2,2,7,Potential Loyalists
13405,29,3,1728.937651490863,4,1,2,7,Potential Loyalists
13406,135,4,1662.9160246906936,1,2,2,5,At Risk
13407,38,9,4192.581287488161,4,5,5,14,Champions
13408,199,5,3335.421616416087,1,3,4,8,Potential Loyalists
13409,33,4,2375.8742871774607,4,2,3,9,Potential Loyalists
13410,1,4,1117.4140741145595,5,2,1,8,Potential Loyalists
13411,23,6,3905.305174784191,4,4,5,13,Champions
13412,5,9,5704.404217854126,5,5,5,15,Champions
13413,81,7,3565.820104366575,2,4,5,11,Loyal Customers
13414,8,5,2352.204454391428,5,3,3,11,Loyal Customers
13415,37,7,2448.410443689127,4,4,3,11,Loyal Customers
13416,9,6,2507.2325378680107,5,4,3,12,Loyal Customers
13417,37,3,1023.7375578280196,4,1,1,6,At Risk
13418,53,7,3911.6528720133847,3,4,5,12,Loyal Customers
13420,84,2,797.6279531196096,2,1,1,4,At Risk
13421,27,10,4581.555562621727,4,5,5,14,Champions
13422,9,6,3176.987280065825,5,4,4,13,Champions
13423,76,4,2681.914575061272,3,2,3,8,Potential Loyalists
13424,45,6,2875.052994148971,3,4,4,11,Loyal Customers
13425,85,6,3461.6388915823472,2,4,4,10,Loyal Customers
13427,67,5,2417.65871326976,3,3,3,9,Potential Loyalists
13428,27,3,784.1003841583765,4,1,1,6,At Risk
13429,28,5,2214.0410493226696,4,3,3,10,Loyal Customers
13430,18,6,3802.641406232876,5,4,5,14,Champions
13431,14,4,2388.690230050029,5,2,3,10,Loyal Customers
13432,144,1,172.57278820835768,1,1,1,3,Lost
13433,46,8,4277.32529687565,3,5,5,13,Champions
13434,29,4,2801.505862358318,4,2,4,10,Loyal Customers
13435,103,3,366.14982502214815,2,1,1,4,At Risk
13436,14,7,4579.124617602299,5,4,5,14,Champions
13437,84,4,1371.2837867766816,2,2,1,5,At Risk
13438,219,1,503.2110105397782,1,1,1,3,Lost
13439,101,2,1336.129443264805,2,1,1,4,At Risk
13440,10,5,2408.844455025419,5,3,3,11,Loyal Customers
13441,55,7,2720.4718697518256,3,4,3,10,Loyal Customers
13442,163,2,430.4294657809059,1,1,1,3,Lost
13443,45,6,3383.4872021304373,3,4,4,11,Loyal Customers
13444,46,4,1679.8531103329703,3,2,2,7,Potential Loyalists
13445,11,4,2127.305014626433,5,2,3,10,Loyal Customers
13446,10,3,1102.5354346268218,5,1,1,7,Potential Loyalists
13447,86,8,4644.007385998059,2,5,5,12,Loyal Customers
13448,31,7,4224.102858198189,4,4,5,13,Champions
13449,192,2,1248.1801195905414,1,1,1,3,Lost
13450,41,4,1861.7375922326648,4,2,2,8,Potential Loyalists
13451,118,4,1919.6571694094769,2,2,2,6,At Risk
13452,8,4,3163.748533672069,5,2,4,11,Loyal Customers
13453,159,5,1971.9115855213963,1,3,2,6,At Risk
13454,49,4,2299.992732346731,3,2,3,8,Potential Loyalists
13455,5,9,5492.617403534468,5,5,5,15,Champions
13456,145,4,1863.8191578099995,1,2,2,5,At Risk
13457,27,8,4459.0516265206015,4,5,5,14,Champions
13458,16,7,3658.3758719968505,5,4,5,14,Champions
13459,118,4,2769.405700192143,2,2,4,8,Potential Loyalists
13460,25,7,3540.729380336224,4,4,4,12,Loyal Customers
13461,69,7,2347.842651330276,3,4,3,10,Loyal Customers
13462,37,1,237.5447727528341,4,1,1,6,At Risk
13463,13,7,4266.840807165663,5,4,5,14,Champions
13464,43,3,2204.410751802448,4,1,3,8,Potential Loyalists
13465,82,5,3014.108462119446,2,3,4,9,Potential Loyalists
13466,116,5,3381.570008047676,2,3,4,9,Potential Loyalists
13467,161,5,1881.5910567277551,1,3,2,6,At Risk
13468,6,3,1161.402394768067,5,1,1,7,Potential Loyalists
13469,14,6,3293.0341572741586,5,4,4,13,Champions
13470,27,5,1795.0245161903645,4,3,2,9,Potential Loyalists
13471,53,4,2194.5614216648664,3,2,3,8,Potential Loyalists
13472,61,3,1479.9433147864595,3,1,2,6,At Risk
13473,39,8,3027.3796998829025,4,5,4,13,Champions
13474,36,3,1470.9665534795508,4,1,2,7,Potential Loyalists
13475,185,6,2649.641617151949,1,4,3,8,Potential Loyalists
13476,38,8,5546.307708966885,4,5,5,14,Champions
13477,155,4,1045.571834297258,1,2,1,4,At Risk
13478,10,6,2616.872023719367,5,4,3,12,Loyal Customers
13479,6,5,2228.244485119028,5,3,3,11,Loyal Customers
13480,190,4,2297.5014590022724,1,2,3,6,At Risk
13481,60,5,3227.5817720333107,3,3,4,10,Loyal Customers
13482,14,9,3959.441718860801,5,5,5,15,Champions
13483,5,5,2208.140215404716,5,3,3,11,Loyal Customers
13484,6,9,4625.000456179229,5,5,5,15,Champions
13485,27,4,1555.2688801618524,4,2,2,8,Potential Loyalists
13486,283,2,1193.6179817443442,1,1,1,3,Lost
13487,14,10,4032.8963419092975,5,5,5,15,Champions
13488,30,8,5512.885865069204,4,5,5,14,Champions
13489,154,5,3047.7370089623946,1,3,4,8,Potential Loyalists
13490,2,7,2891.2906575416973,5,4,4,13,Champions
13491,16,12,5132.956240040763,5,5,5,15,Champions
13492,106,7,3859.596074323345,2,4,5,11,Loyal Customers
13493,60,6,2846.556491723936,3,4,4,11,Loyal Customers
13494,33,5,1548.7638575703445,4,3,2,9,Potential Loyalists
13495,7,3,2213.6222461740376,5,1,3,9,Potential Loyalists
13496,63,4,2171.984099435861,3,2,3,8,Potential Loyalists
13497,61,9,5316.0933501052905,3,5,5,13,Champions
13498,12,5,1882.083587729448,5,3,2,10,Loyal Customers
13499,113,6,1522.451072058412,2,4,2,8,Potential Loyalists
13500,4,5,2593.002943767596,5,3,3,11,Loyal Customers
13501,26,7,3072.711391911295,4,4,4,12,Loyal Customers
13502,56,10,5133.247076161211,3,5,5,13,Champions
13504,189,5,2602.124681976636,1,3,3,7,Potential Loyalists
13505,150,8,4463.0125607125465,1,5,5,11,Loyal Customers
13506,93,8,3434.620429714701,2,5,4,11,Loyal Customers
13507,65,4,1524.672037513575,3,2,2,7,Potential Loyalists
13508,27,3,1515.1159029254002,4,1,2,7,Potential Loyalists
13509,80,4,1874.6021389187035,2,2,2,6,At Risk
13510,8,3,1230.9388448984716,5,1,1,7,Potential Loyalists
13511,31,6,2467.918042464717,4,4,3,11,Loyal Customers
13512,168,5,3460.0760217117518,1,3,4,8,Potential Loyalists
13513,30,4,2829.277486348717,4,2,4,10,Loyal Customers
13514,39,6,3837.411755652949,4,4,5,13,Champions
13515,2,6,2877.1202569886627,5,4,4,13,Champions
13516,7,5,2351.9568996868065,5,3,3,11,Loyal Customers
13517,56,5,2923.437910978118,3,3,4,10,Loyal Customers
13518,49,6,2214.027208315976,3,4,3,10,Loyal Customers
13519,189,6,2907.862692048846,1,4,4,9,Potential Loyalists
13520,50,2,654.096582226704,3,1,1,5,At Risk
13521,7,7,3191.9704200417286,5,4,4,13,Champions
13522,105,4,2038.487094800164,2,2,2,6,At Risk
13523,81,6,3501.275674329198,2,4,4,10,Loyal Customers
13524,53,5,3308.861736360055,3,3,4,10,Loyal Customers
13525,64,2,293.8660125745282,3,1,1,5,At Risk
13526,196,3,2317.242068855825,1,1,3,5,At Risk
13527,113,4,1486.303457992156,2,2,2,6,At Risk
13528,6,8,2769.2750523108457,5,5,4,14,Champions
13529,297,3,1757.435990493721,1,1,2,4,At Risk
13530,8,4,2169.592790364117,5,2,3,10,Loyal Customers
13531,53,5,2792.182755642834,3,3,4,10,Loyal Customers
13532,167,4,2677.054055840996,1,2,3,6,At Risk
13533,168,5,2516.0996697702108,1,3,3,7,Potential Loyalists
13534,38,5,3283.791645607348,4,3,4,11,Loyal Customers
13535,16,13,6767.427675743141,5,5,5,15,Champions
13536,70,5,3147.570725306728,3,3,4,10,Loyal Customers
13537,2,8,4872.5352587213765,5,5,5,15,Champions
13538,5,4,1312.8246294841151,5,2,1,8,Potential Loyalists
13539,52,1,39.17289675805921,3,1,1,5,At Risk
13540,42,5,2253.744248747432,4,3,3,10,Loyal Customers
13541,26,5,2629.1564752530644,4,3,3,10,Loyal Customers
13542,145,3,1148.0770207947646,1,1,1,3,Lost
13543,69,2,462.9594625288541,3,1,1,5,At Risk
13544,97,4,1557.0714638811403,2,2,2,6,At Risk
13545,73,6,4321.763772905488,3,4,5,12,Loyal Customers
13546,131,2,93.0563871344618,2,1,1,4,At Risk
13547,12,4,2335.5881096093194,5,2,3,10,Loyal Customers
13548,134,3,1930.1281757367544,1,1,2,4,At Risk
13549,62,4,2400.1528733701334,3,2,3,8,Potential Loyalists
13550,22,8,4757.25797822122,4,5,5,14,Champions
13551,251,3,1164.3346508050572,1,1,1,3,Lost
13552,31,7,3083.4640461650906,4,4,4,12,Loyal Customers
13553,85,7,2880.403763263855,2,4,4,10,Loyal Customers
13554,28,7,3147.9862196913173,4,4,4,12,Loyal Customers
13555,23,5,2857.092460053402,4,3,4,11,Loyal Customers
13556,201,4,2704.9018887047714,1,2,3,6,At Risk
13557,157,5,1809.577666400012,1,3,2,6,At Risk
13558,88,7,2862.701393698992,2,4,4,10,Loyal Customers
13559,31,8,3456.786672854066,4,5,4,13,Champions
13560,281,4,2207.0452880318107,1,2,3,6,At Risk
13561,172,8,3864.3351609433553,1,5,5,11,Loyal Customers
13562,48,10,6242.984507170166,3,5,5,13,Champions
13563,16,6,3916.825674299662,5,4,5,14,Champions
13564,32,5,3406.451946954636,4,3,4,11,Loyal Customers
13565,77,2,562.0416499018677,2,1,1,4,At Risk
13566,138,2,755.0155322125381,1,1,1,3,Lost
13567,98,8,4482.116499868996,2,5,5,12,Loyal Customers
13568,72,5,1345.2414692632892,3,3,1,7,Potential Loyalists
13569,44,4,2428.659056105908,3,2,3,8,Potential Loyalists
13570,136,5,3021.555839205997,1,3,4,8,Potential Loyalists
13571,8,5,1845.952370110841,5,3,2,10,Loyal Customers
13572,91,5,2489.7780700420844,2,3,3,8,Potential Loyalists
13573,113,3,336.5970335753226,2,1,1,4,At Risk
13574,144,5,3099.875019072344,1,3,4,8,Potential Loyalists
13575,35,9,6450.348832298519,4,5,5,14,Champions
13576,163,5,2620.0576563311715,1,3,3,7,Potential Loyalists
13577,8,6,3796.456615976625,5,4,5,14,Champions
13578,57,6,2955.027651927241,3,4,4,11,Loyal Customers
13579,45,2,1705.3055053658184,3,1,2,6,At Risk
13580,41,4,1437.7018933295933,4,2,2,8,Potential Loyalists
13581,144,3,1959.8733786794537,1,1,2,4,At Risk
13582,49,4,1620.837515444472,3,2,2,7,Potential Loyalists
13583,11,3,1616.438638209068,5,1,2,8,Potential Loyalists
13584,213,3,1500.1916722115684,1,1,2,4,At Risk
13585,36,6,3025.0664098790544,4,4,4,12,Loyal Customers
13586,70,2,734.5449554970346,3,1,1,5,At Risk
13587,134,4,2327.436476155638,1,2,3,6,At Risk
13588,46,6,3056.444454831164,3,4,4,11,Loyal Customers
13589,115,4,2191.5538675209464,2,2,3,7,Potential Loyalists
13590,61,5,2532.3264453778283,3,3,3,9,Potential Loyalists
13591,4,8,4381.087726233064,5,5,5,15,Champions
13592,26,6,4177.560993066173,4,4,5,13,Champions
13593,16,4,2321.5499420175584,5,2,3,10,Loyal Customers
13594,37,2,1047.1340327057558,4,1,1,6,At Risk
13595,230,3,749.1643452366138,1,1,1,3,Lost
13596,26,5,2548.0996848223326,4,3,3,10,Loyal Customers
13597,207,3,1461.7332533156623,1,1,2,4,At Risk
13598,253,6,2979.449223412886,1,4,4,9,Potential Loyalists
13599,46,8,4608.168060088639,3,5,5,13,Champions
13600,68,3,1057.1360453004493,3,1,1,5,At Risk
13601,3,10,5209.825376464693,5,5,5,15,Champions
13602,155,2,729.7464797534208,1,1,1,3,Lost
13603,21,7,2665.288083576492,4,4,3,11,Loyal Customers
13604,7,5,2258.4381981228444,5,3,3,11,Loyal Customers
13605,47,5,3717.3982732038176,3,3,5,11,Loyal Customers
13606,208,4,2109.7175808428874,1,2,3,6,At Risk
13607,22,6,3739.01953756429,4,4,5,13,Champions
13608,99,4,2045.676786499063,2,2,2,6,At Risk
13609,24,6,3261.6877558132865,4,4,4,12,Loyal Customers
13610,15,3,1146.8047981124214,5,1,1,7,Potential Loyalists
13611,21,5,2863.185662053259,4,3,4,11,Loyal Customers
13612,90,6,3822.883107640926,2,4,5,11,Loyal Customers
13613,68,6,2631.2319693829118,3,4,3,10,Loyal Customers
13614,260,5,2937.411289791288,1,3,4,8,Potential Loyalists
13615,9,5,1974.3684026578696,5,3,2,10,Loyal Customers
13616,259,2,1154.280829264623,1,1,1,3,Lost
13617,22,3,2178.3837198879905,4,1,3,8,Potential Loyalists
13618,194,3,1579.4877842925116,1,1,2,4,At Risk
13619,107,6,2068.1334862800795,2,4,2,8,Potential Loyalists
13620,90,5,2202.886467490318,2,3,3,8,Potential Loyalists
13621,21,5,2983.963685662305,4,3,4,11,Loyal Customers
13622,107,10,4186.583771113206,2,5,5,12,Loyal Customers
13623,114,5,2355.664793153061,2,3,3,8,Potential Loyalists
13624,72,2,1578.0917412658828,3,1,2,6,At Risk
13625,27,6,2568.343304354686,4,4,3,11,Loyal Customers
13626,39,6,2224.3295841588824,4,4,3,11,Loyal Customers
13627,120,4,2819.069040113661,2,2,4,8,Potential Loyalists
13628,172,6,3254.7007639730045,1,4,4,9,Potential Loyalists
13629,80,6,2342.7496120143624,2,4,3,9,Potential Loyalists
13630,54,7,2718.200352903766,3,4,3,10,Loyal Customers
13631,61,9,3190.435100043728,3,5,4,12,Loyal Customers
13632,250,3,1694.810124297658,1,1,2,4,At Risk
13633,23,4,2684.562165947934,4,2,3,9,Potential Loyalists
13634,109,4,1095.567245241723,2,2,1,5,At Risk
13635,48,3,1940.187163264317,3,1,2,6,At Risk
13636,230,2,1314.7873787196709,1,1,1,3,Lost
13637,17,5,2916.4393164164862,5,3,4,12,Loyal Customers
13638,139,4,2461.9768023733664,1,2,3,6,At Risk
13639,54,6,2835.2105138267298,3,4,4,11,Loyal Customers
13640,21,4,1919.8610307175431,4,2,2,8,Potential Loyalists
13641,20,3,2257.65641121878,4,1,3,8,Potential Loyalists
13642,82,6,2325.716837181203,2,4,3,9,Potential Loyalists
13643,21,8,3602.870533757272,4,5,5,14,Champions
13644,335,2,976.0695027836374,1,1,1,3,Lost
13645,65,9,4719.1638400722495,3,5,5,13,Champions
13646,69,4,2701.8201636444264,3,2,3,8,Potential Loyalists
13647,12,8,4591.460472369396,5,5,5,15,Champions
13648,3,4,2077.23627313807,5,2,2,9,Potential Loyalists
13649,30,5,3215.018432346397,4,3,4,11,Loyal Customers
13650,196,7,4714.66309888771,1,4,5,10,Loyal Customers
13651,149,4,1995.3712527800249,1,2,2,5,At Risk
13652,25,7,3725.142177672551,4,4,5,13,Champions
13653,125,2,910.1195695461446,2,1,1,4,At Risk
13654,47,4,2025.0214874326864,3,2,2,7,Potential Loyalists
13655,5,6,3068.094746028235,5,4,4,13,Champions
13656,30,9,4029.532089495608,4,5,5,14,Champions
13657,126,6,3263.603472892196,2,4,4,10,Loyal Customers
13658,119,4,796.831442529225,2,2,1,5,At Risk
13659,202,5,1683.8700330643685,1,3,2,6,At Risk
13660,62,11,4934.263010454443,3,5,5,13,Champions
13661,162,2,187.34035444574212,1,1,1,3,Lost
13662,1,5,1948.2273924549456,5,3,2,10,Loyal Customers
13663,62,7,3871.053629783712,3,4,5,12,Loyal Customers
13664,12,4,1577.9212003926457,5,2,2,9,Potential Loyalists
13665,83,7,2515.138431439278,2,4,3,9,Potential Loyalists
13666,142,8,3435.055917565037,1,5,4,10,Loyal Customers
13667,280,3,1960.9521682130137,1,1,2,4,At Risk
13668,8,7,3820.3182737744046,5,4,5,14,Champions
13669,229,2,1174.7035395963971,1,1,1,3,Lost
13670,16,7,3729.3047338689175,5,4,5,14,Champions
13671,28,7,3079.55109453526,4,4,4,12,Loyal Customers
13672,83,5,1181.172099363635,2,3,1,6,At Risk
13673,30,10,5430.40547607257,4,5,5,14,Champions
13674,35,3,1990.589256283671,4,1,2,7,Potential Loyalists
13675,98,7,4124.263707996616,2,4,5,11,Loyal Customers
13676,36,9,5950.7625356971685,4,5,5,14,Champions
13677,56,7,3000.2292594428222,3,4,4,11,Loyal Customers
13678,76,4,1772.4113272174209,3,2,2,7,Potential Loyalists
13679,1,6,3405.5767108526543,5,4,4,13,Champions
13680,196,8,4350.070186959423,1,5,5,11,Loyal Customers
13681,9,7,4077.285368689895,5,4,5,14,Champions
13682,18,6,2927.910319045296,5,4,4,13,Champions
13683,12,4,2084.7238584063057,5,2,3,10,Loyal Customers
13684,11,8,2811.09627616132,5,5,4,14,Champions
13685,89,3,1939.679705685395,2,1,2,5,At Risk
13686,1,5,2868.7140502871503,5,3,4,12,Loyal Customers
13687,39,6,2998.267408689888,4,4,4,12,Loyal Customers
13688,17,6,2366.4727286204657,5,4,3,12,Loyal Customers
13689,18,5,2762.519829487169,5,3,4,12,Loyal Customers
13690,146,3,2243.279292812884,1,1,3,5,At Risk
13691,85,6,3803.665693238237,2,4,5,11,Loyal Customers
13692,50,2,542.1121331095019,3,1,1,5,At Risk
13693,31,6,3920.827300136359,4,4,5,13,Champions
13694,92,2,1470.6261470493257,2,1,2,5,At Risk
13695,103,2,1236.1107446447222,2,1,1,4,At Risk
13696,3,4,1569.2511310863656,5,2,2,9,Potential Loyalists
13697,4,7,3200.691243438132,5,4,4,13,Champions
13698,89,2,694.9178017829194,2,1,1,4,At Risk
13700,61,6,3524.187774885383,3,4,4,11,Loyal Customers
13701,185,4,2979.0596096398617,1,2,4,7,Potential Loyalists
13702,129,6,3249.579910469637,2,4,4,10,Loyal Customers
13703,84,3,1766.13340694743,2,1,2,5,At Risk
13704,184,3,1915.4339188950269,1,1,2,4,At Risk
13705,109,4,1610.2283585578216,2,2,2,6,At Risk
13706,18,4,2331.6056763735546,5,2,3,10,Loyal Customers
13707,40,4,1852.451369692667,4,2,2,8,Potential Loyalists
13709,12,6,3151.5196503895127,5,4,4,13,Champions
13710,9,9,5112.933683221117,5,5,5,15,Champions
13711,22,2,602.2360613129,4,1,1,6,At Risk
13712,213,3,1911.0451670760249,1,1,2,4,At Risk
13713,14,6,3139.658129513201,5,4,4,13,Champions
13714,91,4,1060.9285349510528,2,2,1,5,At Risk
13715,183,5,2325.6563444091234,1,3,3,7,Potential Loyalists
13716,35,2,224.6148461751654,4,1,1,6,At Risk
13717,46,6,3586.978193086214,3,4,5,12,Loyal Customers
13718,28,3,2864.9288047243163,4,1,4,9,Potential Loyalists
13719,40,12,3439.426414651997,4,5,4,13,Champions
13720,28,11,6044.312318620346,4,5,5,14,Champions
13721,58,3,969.1883205812572,3,1,1,5,At Risk
13722,93,6,3524.759475753286,2,4,4,10,Loyal Customers
13723,126,10,3854.505274828573,2,5,5,12,Loyal Customers
13724,78,7,4303.353998942703,2,4,5,11,Loyal Customers
13725,53,6,2370.905811112285,3,4,3,10,Loyal Customers
13726,113,3,964.8758767749944,2,1,1,4,At Risk
13727,56,8,4204.313966560752,3,5,5,13,Champions
13728,14,8,4220.003401541044,5,5,5,15,Champions
13729,41,5,2235.158782374411,4,3,3,10,Loyal Customers
13730,30,8,3583.4236002762877,4,5,5,14,Champions
13731,45,8,5697.831543318773,3,5,5,13,Champions
13732,51,7,3865.430982228034,3,4,5,12,Loyal Customers
13733,131,1,366.6470283831847,2,1,1,4,At Risk
13734,9,6,3120.135626822572,5,4,4,13,Champions
13735,193,5,2760.438782193225,1,3,4,8,Potential Loyalists
13736,115,5,2403.15443477864,2,3,3,8,Potential Loyalists
13737,3,4,2563.9391119442657,5,2,3,10,Loyal Customers
13738,127,2,1312.1562509775972,2,1,1,4,At Risk
13739,81,4,2413.210514861408,2,2,3,7,Potential Loyalists
13740,124,2,883.2454961311721,2,1,1,4,At Risk
13741,84,6,2716.8439091579635,2,4,3,9,Potential Loyalists
13742,27,8,4290.619075496837,4,5,5,14,Champions
13743,60,5,3038.718655160216,3,3,4,10,Loyal Customers
13744,10,5,1953.7598050108545,5,3,2,10,Loyal Customers
13745,145,5,1937.7030101851683,1,3,2,6,At Risk
13746,65,5,2407.6528421193934,3,3,3,9,Potential Loyalists
13747,88,2,853.2586543648957,2,1,1,4,At Risk
13748,52,9,4537.809869018224,3,5,5,13,Champions
13749,5,9,4787.446435121588,5,5,5,15,Champions
13750,12,7,4203.942642723866,5,4,5,14,Champions
13751,27,5,2413.2910787300143,4,3,3,10,Loyal Customers
13752,104,4,1881.349126409105,2,2,2,6,At Risk
13753,38,5,2827.826185891407,4,3,4,11,Loyal Customers
13754,33,1,361.2802123470787,4,1,1,6,At Risk
13755,99,7,3757.139433118631,2,4,5,11,Loyal Customers
13756,159,3,1273.756532792796,1,1,1,3,Lost
13757,22,7,3075.6951638895684,4,4,4,12,Loyal Customers
13758,72,6,1461.1029124238576,3,4,2,9,Potential Loyalists
13759,245,4,2312.303213894087,1,2,3,6,At Risk
13760,38,6,2663.8003745484984,4,4,3,11,Loyal Customers
13761,12,4,1879.1067348033675,5,2,2,9,Potential Loyalists
13762,7,3,1393.515754532016,5,1,1,7,Potential Loyalists
13763,20,4,1311.4724536353972,4,2,1,7,Potential Loyalists
13764,28,8,2627.746657268849,4,5,3,12,Loyal Customers
13765,88,7,3400.381773594735,2,4,4,10,Loyal Customers
13766,101,3,1267.7381923393802,2,1,1,4,At Risk
13767,42,8,4085.095532708615,4,5,5,14,Champions
13768,15,6,3203.837815944071,5,4,4,13,Champions
13769,35,7,4628.225370502358,4,4,5,13,Champions
13770,33,4,1707.1907026763197,4,2,2,8,Potential Loyalists
13771,33,7,3804.749888768263,4,4,5,13,Champions
13772,6,9,4645.299335993765,5,5,5,15,Champions
13773,78,7,5134.515197627612,2,4,5,11,Loyal Customers
13774,110,5,2094.8452108500423,2,3,3,8,Potential Loyalists
13775,70,6,4506.764250931031,3,4,5,12,Loyal Customers
13776,56,9,4192.817458059555,3,5,5,13,Champions
13778,14,6,3446.939605682103,5,4,4,13,Champions
13779,40,6,4241.705714694498,4,4,5,13,Champions
13780,77,3,1395.318793836232,2,1,1,4,At Risk
13781,171,1,691.7343271677714,1,1,1,3,Lost
13782,38,6,3404.066021268364,4,4,4,12,Loyal Customers
13783,19,6,1936.3094473502756,5,4,2,11,Loyal Customers
13784,9,3,1479.892050499917,5,1,2,8,Potential Loyalists
13785,84,3,1198.9078038119371,2,1,1,4,At Risk
13786,137,4,2056.9710855481026,1,2,2,5,At Risk
13787,77,5,3327.5172446596907,2,3,4,9,Potential Loyalists
13788,54,3,1962.7082290837636,3,1,2,6,At Risk
13789,40,3,1854.245666410486,4,1,2,7,Potential Loyalists
13790,40,1,871.0031728954814,4,1,1,6,At Risk
13791,25,4,1187.4522255222912,4,2,1,7,Potential Loyalists
13792,75,7,4397.908241528781,3,4,5,12,Loyal Customers
13793,33,5,1617.097030909012,4,3,2,9,Potential Loyalists
13794,18,7,3071.5928267805025,5,4,4,13,Champions
13795,35,5,3157.764903269751,4,3,4,11,Loyal Customers
13796,52,3,1382.9784458259796,3,1,1,5,At Risk
13797,22,8,3335.4292728116297,4,5,4,13,Champions
13798,75,5,2677.7850966764013,3,3,3,9,Potential Loyalists
13800,250,1,509.7572325110585,1,1,1,3,Lost
13801,88,5,2912.115585635594,2,3,4,9,Potential Loyalists
13802,1,7,3440.290315124376,5,4,4,13,Champions
13803,241,3,1108.8372456668828,1,1,1,3,Lost
13804,186,3,1140.3520372346038,1,1,1,3,Lost
13805,209,2,898.2779783580936,1,1,1,3,Lost
13806,39,6,3520.006734666111,4,4,4,12,Loyal Customers
13807,190,4,1714.166872896296,1,2,2,5,At Risk
13808,41,10,4653.1781346464095,4,5,5,14,Champions
13809,102,9,4237.1142582548,2,5,5,12,Loyal Customers
13810,17,8,4154.916347757324,5,5,5,15,Champions
13811,41,8,3257.925918009713,4,5,4,13,Champions
13812,26,7,2825.6044234200717,4,4,4,12,Loyal Customers
13813,117,5,3235.3425265254014,2,3,4,9,Potential Loyalists
13814,71,4,2694.719798918104,3,2,3,8,Potential Loyalists
13815,1,4,2237.887782805601,5,2,3,10,Loyal Customers
13816,111,7,3438.348268752442,2,4,4,10,Loyal Customers
13817,8,8,4860.550513213917,5,5,5,15,Champions
13818,65,5,1958.3026452958693,3,3,2,8,Potential Loyalists
13819,31,4,1636.6471508609611,4,2,2,8,Potential Loyalists
13820,43,6,2559.302221673662,4,4,3,11,Loyal Customers
13821,26,6,2957.482605320594,4,4,4,12,Loyal Customers
13822,35,4,2612.9997771365533,4,2,3,9,Potential Loyalists
13823,272,4,1347.5418622200816,1,2,1,4,At Risk
13824,64,6,3717.320488703844,3,4,5,12,Loyal Customers
13825,21,3,1898.374744272638,4,1,2,7,Potential Loyalists
13826,3,4,1847.7733051540629,5,2,2,9,Potential Loyalists
13827,71,1,483.49166811697546,3,1,1,5,At Risk
13828,11,7,4806.8359852486665,5,5,5,15,Champions
13829,6,5,1430.2464106416303,5,3,2,10,Loyal Customers
13830,283,1,154.95169071681516,1,1,1,3,Lost
13831,25,6,4111.469373707986,4,4,5,13,Champions
13832,108,5,2793.2512917184854,2,3,4,9,Potential Loyalists
13833,20,5,2902.064423436788,4,3,4,11,Loyal Customers
13834,11,2,579.2443123742546,5,1,1,7,Potential Loyalists
13835,96,3,455.0045081082104,2,1,1,4,At Risk
13836,30,4,1897.9572541335383,4,2,2,8,Potential Loyalists
13837,230,2,853.1162658765127,1,1,1,3,Lost
13838,277,5,1984.0066841802568,1,3,2,6,At Risk
13839,2,4,1701.9415030053642,5,2,2,9,Potential Loyalists
13840,16,5,3920.744018784564,5,3,5,13,Champions
13841,92,2,874.3242945770144,2,1,1,4,At Risk
13842,36,9,4908.548784977872,4,5,5,14,Champions
13843,57,4,1398.909720250711,3,2,1,6,At Risk
13844,76,4,2349.0628128029207,3,2,3,8,Potential Loyalists
13845,66,6,2455.1135443561893,3,4,3,10,Loyal Customers
13846,55,9,4547.103757930431,3,5,5,13,Champions
13847,198,2,451.718951554304,1,1,1,3,Lost
13848,46,4,2252.5720064265474,3,2,3,8,Potential Loyalists
13849,178,4,2269.084170883068,1,2,3,6,At Risk
13850,7,8,5941.091584029621,5,5,5,15,Champions
13851,105,6,3139.271666372375,2,4,4,10,Loyal Customers
13852,4,3,1251.445885795149,5,1,1,7,Potential Loyalists
13853,140,7,4315.1824087723135,1,5,5,11,Loyal Customers
13854,201,2,819.1457785782011,1,1,1,3,Lost
13855,6,6,3344.944481113043,5,4,4,13,Champions
13856,64,3,2604.216927832912,3,1,3,7,Potential Loyalists
13857,99,8,4386.420705857273,2,5,5,12,Loyal Customers
13858,176,3,1807.0972166767456,1,1,2,4,At Risk
13859,162,4,2616.3573883338227,1,2,3,6,At Risk
13860,184,5,2883.1488918980504,1,3,4,8,Potential Loyalists
13861,112,7,2456.703737967588,2,5,3,10,Loyal Customers
13862,196,4,1815.0120982755748,1,2,2,5,At Risk
13863,47,6,2293.0739684161285,3,4,3,10,Loyal Customers
13864,248,5,2443.290180611769,1,3,3,7,Potential Loyalists
13865,33,4,2063.8224856819807,4,2,2,8,Potential Loyalists
13866,11,8,2900.7315656295496,5,5,4,14,Champions
13867,162,8,3195.757670013804,1,5,4,10,Loyal Customers
13868,297,5,2431.189972768578,1,3,3,7,Potential Loyalists
13869,75,10,4668.819064932554,3,5,5,13,Champions
13870,100,5,2057.7487703152774,2,3,2,7,Potential Loyalists
13871,309,2,1620.5338722599515,1,1,2,4,At Risk
13872,59,5,2649.1797716093224,3,3,3,9,Potential Loyalists
13873,46,4,2862.602153733936,3,2,4,9,Potential Loyalists
13874,47,7,2635.218520296816,3,5,3,11,Loyal Customers
13875,46,5,2818.053630121497,3,3,4,10,Loyal Customers
13876,79,6,3424.176421004642,2,4,4,10,Loyal Customers
13877,88,5,1929.269050294728,2,3,2,7,Potential Loyalists
13878,339,4,3047.0726840892344,1,2,4,7,Potential Loyalists
13879,155,5,3559.1960834025804,1,3,5,9,Potential Loyalists
13880,31,3,855.2987908374944,4,1,1,6,At Risk
13881,70,5,1698.6328033453335,3,3,2,8,Potential Loyalists
13882,84,6,3033.466675326905,2,4,4,10,Loyal Customers
13883,130,3,1769.2476364024092,2,1,2,5,At Risk
13884,24,8,5762.567201323931,4,5,5,14,Champions
13885,51,5,2560.4866899996355,3,3,3,9,Potential Loyalists
13886,42,2,397.5883886530909,4,1,1,6,At Risk
13887,80,2,1002.7012265333016,2,1,1,4,At Risk
13888,121,5,1535.8883959987206,2,3,2,7,Potential Loyalists
13889,15,5,2462.596058500123,5,3,3,11,Loyal Customers
13890,137,5,2521.2669807138755,1,3,3,7,Potential Loyalists
13891,79,2,558.9945955734959,2,1,1,4,At Risk
13892,105,4,2794.439118352659,2,2,4,8,Potential Loyalists
13893,92,8,3529.1399679724286,2,5,4,11,Loyal Customers
13894,173,3,1872.0435079450815,1,1,2,4,At Risk
13895,127,6,3559.3504970130634,2,4,5,11,Loyal Customers
13896,369,2,887.8819557752743,1,1,1,3,Lost
13897,194,2,479.7826526076907,1,1,1,3,Lost
13898,8,8,3651.762647352317,5,5,5,15,Champions
13899,145,5,1339.4449972987538,1,3,1,5,At Risk
13900,403,1,871.2476416559537,1,1,1,3,Lost
13901,65,4,2707.9190912607,3,2,3,8,Potential Loyalists
13902,61,6,2223.0740488192782,3,4,3,10,Loyal Customers
13903,5,5,2464.550260384288,5,3,3,11,Loyal Customers
13904,96,5,2729.8969596406387,2,3,3,8,Potential Loyalists
13905,106,7,3880.090942175654,2,5,5,12,Loyal Customers
13906,89,5,3344.042033972725,2,3,4,9,Potential Loyalists
13907,191,3,2456.601610877234,1,1,3,5,At Risk
13908,12,8,3526.731579851217,5,5,4,14,Champions
13909,36,2,599.9158716152507,4,1,1,6,At Risk
13910,4,6,3322.8656230334013,5,4,4,13,Champions
13911,18,4,1355.624506259564,5,2,1,8,Potential Loyalists
13912,2,6,2746.9345241212886,5,4,4,13,Champions
13913,25,3,1069.2455126485197,4,1,1,6,At Risk
13914,44,3,1116.483521673482,3,1,1,5,At Risk
13915,50,3,1129.4965628458842,3,1,1,5,At Risk
13916,2,4,1861.2753200249776,5,2,2,9,Potential Loyalists
13917,59,4,2410.94973181996,3,2,3,8,Potential Loyalists
13918,86,4,2551.084920659574,2,2,3,7,Potential Loyalists
13919,159,2,1300.6366009734916,1,1,1,3,Lost
13920,197,4,2287.3925970761,1,2,3,6,At Risk
13921,62,6,3384.72761855976,3,4,4,11,Loyal Customers
13922,142,3,1890.0096254232892,1,1,2,4,At Risk
13923,95,3,2035.310682664656,2,1,2,5,At Risk
13924,209,4,1420.2503915235134,1,2,2,5,At Risk
13925,3,5,3269.2903472501807,5,3,4,12,Loyal Customers
13926,96,7,3784.897587059191,2,5,5,12,Loyal Customers
13927,81,5,2634.2923679838964,2,3,3,8,Potential Loyalists
13928,47,8,5134.382404215132,3,5,5,13,Champions
13929,238,2,674.3030838626466,1,1,1,3,Lost
13930,316,2,832.2011835772817,1,1,1,3,Lost
13931,135,2,566.666922204165,1,1,1,3,Lost
13932,119,1,739.5338103443562,2,1,1,4,At Risk
13933,26,9,3425.137691791018,4,5,4,13,Champions
13934,38,5,2325.4875064243565,4,3,3,10,Loyal Customers
13935,323,1,965.6495834176028,1,1,1,3,Lost
13936,67,4,2364.9012889594555,3,2,3,8,Potential Loyalists
13937,40,10,5598.877467023802,4,5,5,14,Champions
13938,24,4,1960.288368576296,4,2,2,8,Potential Loyalists
13939,99,4,724.0950529442479,2,2,1,5,At Risk
13940,21,4,1090.6573620023364,4,2,1,7,Potential Loyalists
13941,131,3,1690.8556605419144,2,1,2,5,At Risk
13942,27,5,2512.6373487504907,4,3,3,10,Loyal Customers
13943,37,5,3464.669968392768,4,3,4,11,Loyal Customers
13944,135,3,728.9730068978272,1,1,1,3,Lost
13945,39,6,3567.517930491047,4,4,5,13,Champions
13946,153,4,2562.605189039933,1,2,3,6,At Risk
13947,128,2,979.227264649718,2,1,1,4,At Risk
13948,352,2,953.4637988740176,1,1,1,3,Lost
13949,85,6,3889.5574193184766,2,4,5,11,Loyal Customers
13950,109,5,2732.659830830971,2,3,3,8,Potential Loyalists
13951,107,5,1927.8880595331443,2,3,2,7,Potential Loyalists
13952,3,7,4089.0386932533183,5,5,5,15,Champions
13953,228,3,857.493876437671,1,1,1,3,Lost
13954,83,6,4401.228189557635,2,4,5,11,Loyal Customers
13955,91,3,1179.753440842636,2,1,1,4,At Risk
13956,123,4,1989.1059005068444,2,2,2,6,At Risk
13957,47,4,1022.3358697605912,3,2,1,6,At Risk
13958,89,9,3597.670432939321,2,5,5,12,Loyal Customers
13959,11,4,879.4261835827712,5,2,1,8,Potential Loyalists
13960,41,10,4448.09743569418,4,5,5,14,Champions
13961,30,8,3099.3213956909,4,5,4,13,Champions
13962,95,2,626.267445824981,2,1,1,4,At Risk
13963,101,4,1616.850255861242,2,2,2,6,At Risk
13964,188,5,2816.206127796329,1,3,4,8,Potential Loyalists
13965,98,2,1280.7989780342857,2,1,1,4,At Risk
13966,39,6,3974.780739898026,4,4,5,13,Champions
13967,25,4,1708.7981517394926,4,2,2,8,Potential Loyalists
13968,1,5,2327.870438699384,5,3,3,11,Loyal Customers
13969,140,4,2408.864428344403,1,2,3,6,At Risk
13970,27,4,2139.240589286353,4,2,3,9,Potential Loyalists
13971,155,12,6494.577482555066,1,5,5,11,Loyal Customers
13972,139,1,325.2315175494826,1,1,1,3,Lost
13973,95,4,1218.1137316840952,2,2,1,5,At Risk
13974,30,8,4211.707318133633,4,5,5,14,Champions
13975,28,5,1742.9286783791458,4,3,2,9,Potential Loyalists
13976,78,4,1869.177034872252,2,2,2,6,At Risk
13977,79,5,2243.797085202277,2,3,3,8,Potential Loyalists
13978,80,5,2394.471897537603,2,3,3,8,Potential Loyalists
13979,3,4,3379.17994681154,5,2,4,11,Loyal Customers
13980,160,1,510.9924088812489,1,1,1,3,Lost
13981,52,5,2506.4714576342344,3,3,3,9,Potential Loyalists
13982,135,4,1102.3324216825563,1,2,1,4,At Risk
13983,35,4,2057.923121049511,4,2,2,8,Potential Loyalists
13984,1,10,5538.584144771766,5,5,5,15,Champions
13985,7,4,1491.7592537756348,5,2,2,9,Potential Loyalists
13986,149,6,3508.3677135990997,1,4,4,9,Potential Loyalists
13987,133,3,1724.2182126488865,2,1,2,5,At Risk
13988,181,3,1466.1702274054253,1,1,2,4,At Risk
13989,80,4,1942.860136777362,2,2,2,6,At Risk
13990,147,3,1513.841653933288,1,1,2,4,At Risk
13991,113,4,1400.87168837771,2,2,1,5,At Risk
13992,113,10,5432.834473914463,2,5,5,12,Loyal Customers
13993,30,4,2007.440122874584,4,2,2,8,Potential Loyalists
13994,11,7,4268.877778858956,5,5,5,15,Champions
13995,9,6,2490.398609016572,5,4,3,12,Loyal Customers
13996,165,7,3236.7049114791507,1,5,4,10,Loyal Customers
13997,29,7,3585.6566560239908,4,5,5,14,Champions
13998,55,5,1202.6014666195906,3,3,1,7,Potential Loyalists
13999,103,6,2464.842881353479,2,4,3,9,Potential Loyalists
14000,24,5,2538.612398722753,4,3,3,10,Loyal Customers
14001,45,7,3561.122230311477,3,5,5,13,Champions
14002,214,5,2839.668488469565,1,3,4,8,Potential Loyalists
14003,31,5,2228.116128246073,4,3,3,10,Loyal Customers
14004,168,5,3305.85173820744,1,3,4,8,Potential Loyalists
14005,53,6,3183.424257925169,3,4,4,11,Loyal Customers
14006,2,5,2716.6472227135487,5,3,3,11,Loyal Customers
14007,22,5,2177.399531871255,4,3,3,10,Loyal Customers
14008,2,4,2266.123482147897,5,2,3,10,Loyal Customers
14009,12,7,4430.8630663219055,5,5,5,15,Champions
14010,3,6,3068.874196317694,5,4,4,13,Champions
14011,7,5,3193.6573702765327,5,3,4,12,Loyal Customers
14012,397,2,1144.2270955045076,1,1,1,3,Lost
14013,67,4,1879.8114113916204,3,2,2,7,Potential Loyalists
14014,217,2,1260.5590306467036,1,1,1,3,Lost
14015,27,14,6252.591404327528,4,5,5,14,Champions
14016,161,4,1415.5706460427996,1,2,1,4,At Risk
14017,63,6,3099.724074241478,3,4,4,11,Loyal Customers
14018,109,4,1124.89411970154,2,2,1,5,At Risk
14019,142,8,4165.214564365811,1,5,5,11,Loyal Customers
14020,57,6,2373.591697249632,3,4,3,10,Loyal Customers
14021,82,6,1365.0991747022335,2,4,1,7,Potential Loyalists
14022,14,4,2934.2719406845063,5,2,4,11,Loyal Customers
14023,131,4,1620.8275221175925,2,2,2,6,At Risk
14024,77,6,3070.638665384417,2,4,4,10,Loyal Customers
14025,31,6,2983.701510650703,4,4,4,12,Loyal Customers
14026,23,8,5192.370797745288,4,5,5,14,Champions
14027,261,4,1560.0772260583744,1,2,2,5,At Risk
14028,33,8,3805.140857974564,4,5,5,14,Champions
14030,21,3,2069.600665579444,4,1,2,7,Potential Loyalists
14031,108,4,1764.41433502991,2,2,2,6,At Risk
14032,227,3,1944.6652215584731,1,1,2,4,At Risk
14033,320,1,147.63301463335264,1,1,1,3,Lost
14034,3,8,3877.0406881968415,5,5,5,15,Champions
14035,90,1,524.8034386097397,2,1,1,4,At Risk
14036,79,3,1385.2856251829437,2,1,1,4,At Risk
14037,5,5,2234.998769748863,5,3,3,11,Loyal Customers
14038,26,5,1147.0218170762626,4,3,1,8,Potential Loyalists
14039,12,7,3802.009256291904,5,5,5,15,Champions
14040,87,3,2240.580848671388,2,1,3,6,At Risk
14041,96,4,2061.085447269071,2,2,2,6,At Risk
14042,113,4,2052.9748602241857,2,2,2,6,At Risk
14043,73,7,3173.9661884491447,3,5,4,12,Loyal Customers
14044,134,2,1485.6627761730283,1,1,2,4,At Risk
14045,54,4,2345.6911741351337,3,2,3,8,Potential Loyalists
14046,25,3,1203.594162637508,4,1,1,6,At Risk
14047,105,3,1441.674125527486,2,1,2,5,At Risk
14048,56,5,1913.7347027059927,3,3,2,8,Potential Loyalists
14049,170,5,1321.6848001315084,1,3,1,5,At Risk
14050,22,4,2843.93907030647,4,2,4,10,Loyal Customers
14051,14,5,2236.4678589555074,5,3,3,11,Loyal Customers
14052,54,6,3683.393007099182,3,4,5,12,Loyal Customers
14053,187,6,2701.482201995322,1,4,3,8,Potential Loyalists
14054,9,7,3295.5840300885,5,5,4,14,Champions
14055,14,4,2774.467284934101,5,2,4,11,Loyal Customers
14056,63,5,3597.1994831107168,3,3,5,11,Loyal Customers
14057,108,3,1675.948238117796,2,1,2,5,At Risk
14058,200,1,536.3230910295584,1,1,1,3,Lost
14059,299,4,1925.9403102300475,1,2,2,5,At Risk
14060,92,4,2171.5233456895035,2,2,3,7,Potential Loyalists
14061,79,5,1920.7161764828888,2,3,2,7,Potential Loyalists
14062,1,5,2302.4425650859757,5,3,3,11,Loyal Customers
14063,9,8,4414.262799039678,5,5,5,15,Champions
14064,160,4,2700.5650164571225,1,2,3,6,At Risk
14065,121,4,2510.741988699005,2,2,3,7,Potential Loyalists
14066,17,5,2271.3560343835225,5,3,3,11,Loyal Customers
14067,30,5,2559.0772388826995,4,3,3,10,Loyal Customers
14068,40,9,5182.901633142989,4,5,5,14,Champions
14069,31,6,2992.092802822226,4,4,4,12,Loyal Customers
14070,45,3,1525.709699796707,3,1,2,6,At Risk
14071,10,4,1051.2165772112032,5,2,1,8,Potential Loyalists
14072,22,6,2876.1383905098737,4,4,4,12,Loyal Customers
14073,54,4,2389.17431363174,3,2,3,8,Potential Loyalists
14074,121,5,2095.6898494224006,2,3,3,8,Potential Loyalists
14075,92,2,941.0892259069255,2,1,1,4,At Risk
14076,3,10,3539.8347202619434,5,5,4,14,Champions
14077,67,5,2222.10685084996,3,3,3,9,Potential Loyalists
14078,161,5,2709.4396589594944,1,3,3,7,Potential Loyalists
14079,47,4,1541.9660997723374,3,2,2,7,Potential Loyalists
14080,49,5,2082.270197005962,3,3,2,8,Potential Loyalists
14081,26,5,1950.762857397001,4,3,2,9,Potential Loyalists
14082,155,2,1021.2751803122924,1,1,1,3,Lost
14083,163,4,2108.759483452055,1,2,3,6,At Risk
14084,94,5,2741.9697365816924,2,3,4,9,Potential Loyalists
14085,5,2,1807.111063301483,5,1,2,8,Potential Loyalists
14086,98,6,3056.0290169266887,2,4,4,10,Loyal Customers
14087,77,5,2085.469280065652,2,3,3,8,Potential Loyalists
14088,77,7,3765.71573339885,2,5,5,12,Loyal Customers
14089,97,3,2516.0653808474926,2,1,3,6,At Risk
14090,6,6,3787.2891459824255,5,4,5,14,Champions
14091,8,9,4048.565852528632,5,5,5,15,Champions
14092,151,2,1252.2106177214555,1,1,1,3,Lost
14093,130,3,865.3840390392611,2,1,1,4,At Risk
14094,108,3,1339.0921735550369,2,1,1,4,At Risk
14095,133,6,3270.579951357104,2,4,4,10,Loyal Customers
14096,339,1,634.5963981873161,1,1,1,3,Lost
14097,185,3,1907.524603637647,1,1,2,4,At Risk
14098,191,2,1494.3576249109196,1,1,2,4,At Risk
14099,104,3,968.04508361338,2,1,1,4,At Risk
14100,178,4,1564.5661091632714,1,2,2,5,At Risk
14101,40,6,4470.610351921549,4,4,5,13,Champions
14102,336,2,319.24983043635524,1,1,1,3,Lost
14103,15,7,3754.0590234647343,5,5,5,15,Champions
14104,58,7,3682.724884266025,3,5,5,13,Champions
14105,39,4,2814.7610031705512,4,2,4,10,Loyal Customers
14106,95,3,1628.908777555619,2,1,2,5,At Risk
14107,61,5,1374.8661880331797,3,3,1,7,Potential Loyalists
14108,9,6,4075.9403217709073,5,4,5,14,Champions
14109,8,3,1669.489070597493,5,1,2,8,Potential Loyalists
14110,7,6,1755.5001010571525,5,4,2,11,Loyal Customers
14111,101,5,2520.814762875575,2,3,3,8,Potential Loyalists
14112,89,4,1511.7266977044362,2,2,2,6,At Risk
14113,40,6,2066.799287028999,4,4,2,10,Loyal Customers
14114,50,5,1148.061794167992,3,3,1,7,Potential Loyalists
14115,16,8,2686.276834591239,5,5,3,13,Champions
14116,48,1,238.37155441843464,3,1,1,5,At Risk
14117,24,6,3240.729828637416,4,4,4,12,Loyal Customers
14118,99,8,4267.490085962833,2,5,5,12,Loyal Customers
14119,175,5,1718.6859757659652,1,3,2,6,At Risk
14120,253,3,1251.1146381761912,1,1,1,3,Lost
14121,94,7,4092.813480662485,2,5,5,12,Loyal Customers
14122,61,5,2923.142774059496,3,3,4,10,Loyal Customers
14123,64,4,1947.217348653613,3,2,2,7,Potential Loyalists
14124,114,4,2949.230299905957,2,2,4,8,Potential Loyalists
14125,34,7,4387.206328316291,4,5,5,14,Champions
14126,220,5,2546.0351608192577,1,3,3,7,Potential Loyalists
14127,34,3,778.7178387927189,4,1,1,6,At Risk
14128,191,5,2193.647263640991,1,3,3,7,Potential Loyalists
14130,122,4,2777.134600084833,2,2,4,8,Potential Loyalists
14131,118,5,2315.249891125992,2,3,3,8,Potential Loyalists
14132,29,8,3936.803147323858,4,5,5,14,Champions
14133,70,4,2455.3290476660472,3,2,3,8,Potential Loyalists
14134,1,10,5888.296178102556,5,5,5,15,Champions
14135,143,5,2963.6828060770317,1,3,4,8,Potential Loyalists
14136,19,7,3630.443255761391,5,5,5,15,Champions
14137,116,5,2574.533151498411,2,3,3,8,Potential Loyalists
14138,7,6,3320.930063995189,5,4,4,13,Champions
14139,39,5,1564.0322749125542,4,3,2,9,Potential Loyalists
14140,4,3,714.6677060504694,5,1,1,7,Potential Loyalists
14141,14,4,2106.1130788545247,5,2,3,10,Loyal Customers
14142,15,2,1245.9643425122022,5,1,1,7,Potential Loyalists
14143,38,7,3372.356280064906,4,5,4,13,Champions
14144,188,6,3063.89029455804,1,4,4,9,Potential Loyalists
14145,217,3,586.7268424915649,1,1,1,3,Lost
14146,8,6,2216.8902984173646,5,4,3,12,Loyal Customers
14147,14,6,2229.526100457549,5,4,3,12,Loyal Customers
14148,54,4,3229.2529876149647,3,2,4,9,Potential Loyalists
14149,308,1,314.9598786016699,1,1,1,3,Lost
14150,10,4,1343.0788825920763,5,2,1,8,Potential Loyalists
14151,61,9,4233.916597755397,3,5,5,13,Champions
14152,158,6,1810.263720355229,1,4,2,7,Potential Loyalists
14153,49,4,1861.3645582185943,3,2,2,7,Potential Loyalists
14154,192,2,1016.0081513616076,1,1,1,3,Lost
14155,5,3,607.4816336616975,5,1,1,7,Potential Loyalists
14156,41,3,1870.11351588606,4,1,2,7,Potential Loyalists
14157,67,2,1486.6672462238275,3,1,2,6,At Risk
14158,52,2,913.8921740874184,3,1,1,5,At Risk
14159,15,11,7133.58594280599,5,5,5,15,Champions
14160,19,8,3590.458458010554,5,5,5,15,Champions
14161,44,3,1802.4395345072624,3,1,2,6,At Risk
14162,63,6,3813.536103538346,3,4,5,12,Loyal Customers
14163,299,1,601.455626451408,1,1,1,3,Lost
14164,172,3,772.9599682183774,1,1,1,3,Lost
14165,61,4,1684.8742097373788,3,2,2,7,Potential Loyalists
14166,187,1,29.837802335207176,1,1,1,3,Lost
14167,49,5,2404.805637399796,3,3,3,9,Potential Loyalists
14168,15,8,4097.326034267558,5,5,5,15,Champions
14170,97,5,2345.8818058969864,2,3,3,8,Potential Loyalists
14171,27,5,1376.1722330662803,4,3,1,8,Potential Loyalists
14172,55,8,5254.915598779842,3,5,5,13,Champions
14173,28,4,1906.086518161319,4,2,2,8,Potential Loyalists
14174,78,4,1894.3139240735525,2,2,2,6,At Risk
14175,34,10,5273.293117854684,4,5,5,14,Champions
14176,8,7,3949.126610432728,5,5,5,15,Champions
14177,217,4,2844.749005490074,1,2,4,7,Potential Loyalists
14178,29,9,4111.765063065861,4,5,5,14,Champions
14179,4,6,3485.7903362007346,5,4,4,13,Champions
14180,68,4,1860.2895235069625,3,2,2,7,Potential Loyalists
14181,89,4,1766.689483767511,2,2,2,6,At Risk
14182,120,3,1220.279100244654,2,1,1,4,At Risk
14183,11,5,2340.956641503916,5,3,3,11,Loyal Customers
14184,11,7,2436.539005804332,5,5,3,13,Champions
14185,28,2,1122.1068178599644,4,1,1,6,At Risk
14186,87,4,1528.3926972476856,2,2,2,6,At Risk
14187,54,3,2232.455217592227,3,1,3,7,Potential Loyalists
14188,56,2,952.1673347768206,3,1,1,5,At Risk
14189,87,8,5206.1581104088,2,5,5,12,Loyal Customers
14190,16,3,2049.4150578794374,5,1,2,8,Potential Loyalists
14191,5,4,1072.3111699283838,5,2,1,8,Potential Loyalists
14192,39,7,3868.398900136946,4,5,5,14,Champions
14193,49,2,1592.7960181079447,3,1,2,6,At Risk
14194,170,5,1673.2279847096029,1,3,2,6,At Risk
14195,32,5,2497.0488180421426,4,3,3,10,Loyal Customers
14196,57,6,2767.385562556984,3,4,4,11,Loyal Customers
14197,113,4,2255.840775814054,2,2,3,7,Potential Loyalists
14198,87,12,6257.169393937525,2,5,5,12,Loyal Customers
14199,54,4,2059.7835552688875,3,2,2,7,Potential Loyalists
14200,216,5,1715.1942254743851,1,3,2,6,At Risk
14201,43,11,5061.561688844753,4,5,5,14,Champions
14202,29,2,1215.726062895311,4,1,1,6,At Risk
14203,181,2,1256.1518915409088,1,1,1,3,Lost
14204,227,3,1662.4144889110953,1,1,2,4,At Risk
14205,148,5,2276.3101211897,1,3,3,7,Potential Loyalists
14206,209,3,2430.5565002343724,1,1,3,5,At Risk
14207,163,6,3210.902542587489,1,4,4,9,Potential Loyalists
14208,197,2,889.1054506284142,1,1,1,3,Lost
14209,95,5,1969.9271342183324,2,3,2,7,Potential Loyalists
14210,59,3,1837.3370195913496,3,1,2,6,At Risk
14211,155,7,3931.513684697369,1,5,5,11,Loyal Customers
14212,26,5,2080.8454162388925,4,3,2,9,Potential Loyalists
14213,40,4,1366.989839032736,4,2,1,7,Potential Loyalists
14214,33,9,3125.6011763053675,4,5,4,13,Champions
14215,23,8,4690.700806597857,4,5,5,14,Champions
14216,38,5,2794.441320803796,4,3,4,11,Loyal Customers
14217,51,7,2954.6679446708044,3,5,4,12,Loyal Customers
14218,164,3,1231.9597828396895,1,1,1,3,Lost
14219,179,5,2464.672020010468,1,3,3,7,Potential Loyalists
14220,69,2,1642.2041995324075,3,1,2,6,At Risk
14221,23,6,3214.021519566527,4,4,4,12,Loyal Customers
14222,60,4,1542.6321613916175,3,2,2,7,Potential Loyalists
14223,56,4,1799.8022973012637,3,2,2,7,Potential Loyalists
14224,64,8,5604.229851313431,3,5,5,13,Champions
14225,16,5,2161.5368604004134,5,3,3,11,Loyal Customers
14226,100,9,4575.945971021887,2,5,5,12,Loyal Customers
14227,107,5,3135.295690956112,2,3,4,9,Potential Loyalists
14228,83,6,2206.476370676227,2,4,3,9,Potential Loyalists
14229,22,7,3502.374011745409,4,5,4,13,Champions
14231,273,4,2221.730943379584,1,2,3,6,At Risk
14232,103,10,5054.774360212168,2,5,5,12,Loyal Customers
14233,194,5,3028.349277600893,1,3,4,8,Potential Loyalists
14234,46,4,2333.1428855189097,3,2,3,8,Potential Loyalists
14235,68,7,2767.671767055917,3,5,4,12,Loyal Customers
14236,140,4,1645.0228520541036,1,2,2,5,At Risk
14237,42,4,1042.3309776980814,4,2,1,7,Potential Loyalists
14238,43,6,3478.6758901301328,4,4,4,12,Loyal Customers
14239,96,7,2963.153279248042,2,5,4,11,Loyal Customers
14240,1,4,2578.5412402070388,5,2,3,10,Loyal Customers
14241,19,3,1694.871875272624,5,1,2,8,Potential Loyalists
14242,147,3,2371.855069247123,1,1,3,5,At Risk
14243,33,7,4917.810616200474,4,5,5,14,Champions
14244,28,4,1196.6873316125782,4,2,1,7,Potential Loyalists
14245,124,3,2768.1156318639614,2,1,4,7,Potential Loyalists
14246,108,1,870.5794936608263,2,1,1,4,At Risk
14247,400,1,499.4507676380865,1,1,1,3,Lost
14248,39,4,2794.77848070356,4,2,4,10,Loyal Customers
14249,126,2,300.74913430585906,2,1,1,4,At Risk
14250,134,5,3341.461441027379,1,3,4,8,Potential Loyalists
14251,9,6,3355.583768324883,5,4,4,13,Champions
14252,44,4,1874.31031431022,3,2,2,7,Potential Loyalists
14253,165,1,606.8054381428291,1,1,1,3,Lost
14254,69,4,1262.265063006845,3,2,1,6,At Risk
14255,96,4,2386.370840688827,2,2,3,7,Potential Loyalists
14256,44,5,2412.4539050227127,3,3,3,9,Potential Loyalists
14257,53,2,1736.8438834326553,3,1,2,6,At Risk
14258,38,6,2363.891423328484,4,4,3,11,Loyal Customers
14259,25,4,1563.8011761669434,4,2,2,8,Potential Loyalists
14260,106,5,2445.77876033132,2,3,3,8,Potential Loyalists
14261,24,5,2786.744815953384,4,3,4,11,Loyal Customers
14262,134,8,4276.349272446502,1,5,5,11,Loyal Customers
14263,40,7,5425.209688164481,4,5,5,14,Champions
14264,179,8,3327.1336858819013,1,5,4,10,Loyal Customers
14265,175,4,2729.3568868126504,1,2,3,6,At Risk
14266,61,1,375.7186135299048,3,1,1,5,At Risk
14267,30,6,2917.473658427725,4,4,4,12,Loyal Customers
14268,354,2,1946.27250392643,1,1,2,4,At Risk
14269,3,7,3565.243585425618,5,5,5,15,Champions
14270,130,3,2149.1942975547395,2,1,3,6,At Risk
14271,103,11,6889.631923114589,2,5,5,12,Loyal Customers
14272,132,5,2451.4202710577347,2,3,3,8,Potential Loyalists
14273,17,6,3567.390636186253,5,4,5,14,Champions
14274,161,2,956.218330167245,1,1,1,3,Lost
14275,71,6,3888.928137396237,3,4,5,12,Loyal Customers
14276,145,5,2041.07470720041,1,3,2,6,At Risk
14277,51,3,1705.8072009117182,3,1,2,6,At Risk
14278,233,4,1519.883754903742,1,2,2,5,At Risk
14279,149,3,1628.229364955252,1,1,2,4,At Risk
14280,145,1,169.04777701101537,1,1,1,3,Lost
14281,99,2,1533.2680981309925,2,1,2,5,At Risk
14282,168,3,1407.569458678563,1,1,1,3,Lost
14283,38,4,2011.3622918444817,4,2,2,8,Potential Loyalists
14284,241,3,1513.2196064710688,1,1,2,4,At Risk
14285,5,6,2506.149311885727,5,4,3,12,Loyal Customers
14286,73,4,2334.3359358146768,3,2,3,8,Potential Loyalists
14287,45,4,2708.262023787967,3,2,3,8,Potential Loyalists
14288,102,7,3259.916672151345,2,5,4,11,Loyal Customers
14289,2,7,2314.184379301524,5,5,3,13,Champions
14290,18,6,2752.3855191712105,5,4,4,13,Champions
14291,30,7,3128.413623459902,4,5,4,13,Champions
14292,77,4,2029.6800959582897,2,2,2,6,At Risk
14293,64,3,1355.4998172839175,3,1,1,5,At Risk
14294,78,5,3035.8226880345965,2,3,4,9,Potential Loyalists
14295,32,7,4340.6795550761535,4,5,5,14,Champions
14296,173,3,1712.32134223014,1,1,2,4,At Risk
14297,31,5,2445.5740482041133,4,3,3,10,Loyal Customers
14298,69,6,2592.9452553164733,3,4,3,10,Loyal Customers
14299,1,7,3133.271548444415,5,5,4,14,Champions
14300,76,5,3135.6838322789777,3,3,4,10,Loyal Customers
14301,58,8,4511.188671839783,3,5,5,13,Champions
14302,91,5,3395.511368689835,2,3,4,9,Potential Loyalists
14303,26,8,6209.617018028455,4,5,5,14,Champions
14304,27,2,693.907091394695,4,1,1,6,At Risk
14305,242,4,2268.243305373742,1,2,3,6,At Risk
14306,252,4,2173.9743721805635,1,2,3,6,At Risk
14307,21,5,1635.5494360451926,4,3,2,9,Potential Loyalists
14308,121,5,1553.1848884876372,2,3,2,7,Potential Loyalists
14309,104,2,1193.0698728665827,2,1,1,4,At Risk
14310,40,7,3998.8993701285417,4,5,5,14,Champions
14311,133,8,3698.646491651082,2,5,5,12,Loyal Customers
14312,4,6,1499.2497260306025,5,4,2,11,Loyal Customers
14313,7,7,4702.320143768261,5,5,5,15,Champions
14314,32,7,3313.094790280607,4,5,4,13,Champions
14315,41,7,2748.647138872247,4,5,4,13,Champions
14316,90,6,3264.717794053639,2,4,4,10,Loyal Customers
14317,2,4,2336.9517919482446,5,2,3,10,Loyal Customers
14318,25,5,3022.454296444818,4,3,4,11,Loyal Customers
14319,63,6,3607.110807764687,3,4,5,12,Loyal Customers
14320,104,5,2566.708619395325,2,3,3,8,Potential Loyalists
14321,39,7,2417.8722090713013,4,5,3,12,Loyal Customers
14322,332,6,2253.568739811412,1,4,3,8,Potential Loyalists
14323,66,4,1835.206203963725,3,2,2,7,Potential Loyalists
14324,60,6,3223.4997397296183,3,4,4,11,Loyal Customers
14325,11,4,3445.3128826623333,5,2,4,11,Loyal Customers
14326,71,5,3048.3933353275124,3,3,4,10,Loyal Customers
14327,21,9,4388.702793856446,4,5,5,14,Champions
14328,152,3,1745.5566543385598,1,1,2,4,At Risk
14329,35,6,3539.858256867101,4,4,4,12,Loyal Customers
14330,167,5,2081.277462039139,1,3,2,6,At Risk
14331,44,7,3624.6752720159816,3,5,5,13,Champions
14332,3,3,1877.3002986277368,5,1,2,8,Potential Loyalists
14333,25,6,1920.6405079365104,4,4,2,10,Loyal Customers
14334,52,5,2188.047889887216,3,3,3,9,Potential Loyalists
14335,90,2,360.37722088009633,2,1,1,4,At Risk
14336,59,6,3530.366333356235,3,4,4,11,Loyal Customers
14337,221,2,1085.5873050791624,1,1,1,3,Lost
14338,78,4,1679.66292306204,2,2,2,6,At Risk
14339,16,4,1858.7611414245343,5,2,2,9,Potential Loyalists
14340,82,5,1702.583726072265,2,3,2,7,Potential Loyalists
14341,37,7,3843.634915014418,4,5,5,14,Champions
14342,17,6,3725.983352020061,5,4,5,14,Champions
14343,62,7,3990.6013362635927,3,5,5,13,Champions
14344,97,3,1252.5707632826188,2,1,1,4,At Risk
14345,2,5,2050.807968254737,5,3,2,10,Loyal Customers
14346,94,6,2287.514902132557,2,4,3,9,Potential Loyalists
14347,130,2,736.9758439377948,2,1,1,4,At Risk
14348,323,1,581.0041315170579,1,1,1,3,Lost
14349,119,4,1780.376639175794,2,2,2,6,At Risk
14350,157,7,2259.7620194126066,1,5,3,9,Potential Loyalists
14351,10,8,3076.5569270506367,5,5,4,14,Champions
14352,62,2,424.7419685899687,3,1,1,5,At Risk
14353,79,5,2891.95536870174,2,3,4,9,Potential Loyalists
14354,27,5,3575.384639262524,4,3,5,12,Loyal Customers
14355,21,7,4425.002886946593,4,5,5,14,Champions
14356,25,7,2636.79759287027,4,5,3,12,Loyal Customers
14357,61,4,1430.5399125279357,3,2,2,7,Potential Loyalists
14358,144,6,2897.470329523009,1,4,4,9,Potential Loyalists
14359,22,8,4944.732474640631,4,5,5,14,Champions
14360,181,1,305.4849513898941,1,1,1,3,Lost
14361,43,5,2574.669445649124,4,3,3,10,Loyal Customers
14362,182,5,2457.7264251137185,1,3,3,7,Potential Loyalists
14363,17,7,4209.739119258965,5,5,5,15,Champions
14364,21,4,2040.0996131886272,4,2,2,8,Potential Loyalists
14365,144,6,2392.0767876871187,1,4,3,8,Potential Loyalists
14366,6,6,4640.178927211973,5,4,5,14,Champions
14367,28,4,2665.699095011892,4,2,3,9,Potential Loyalists
14368,32,5,2516.2451241489757,4,3,3,10,Loyal Customers
14369,66,9,5465.923673673353,3,5,5,13,Champions
14370,18,5,1990.1742485733505,5,3,2,10,Loyal Customers
14371,44,11,4706.283379818695,3,5,5,13,Champions
14372,20,1,585.7165080831429,4,1,1,6,At Risk
14373,45,6,2656.5214005920807,3,4,3,10,Loyal Customers
14374,32,5,1372.3943142850355,4,3,1,8,Potential Loyalists
14375,182,4,1703.7149197029762,1,2,2,5,At Risk
14376,63,2,546.1599511232398,3,1,1,5,At Risk
14377,18,5,3197.475990139153,5,3,4,12,Loyal Customers
14378,13,3,2280.5339157099347,5,1,3,9,Potential Loyalists
14379,16,12,6083.756335317523,5,5,5,15,Champions
14380,51,6,3131.1796367433944,3,4,4,11,Loyal Customers
14381,45,9,4637.850691812205,3,5,5,13,Champions
14382,92,5,2938.958281763996,2,3,4,9,Potential Loyalists
14383,119,5,1809.6274885251628,2,3,2,7,Potential Loyalists
14384,45,9,3853.7206458951114,3,5,5,13,Champions
14385,367,1,66.52748693473022,1,1,1,3,Lost
14386,5,5,2937.467976387089,5,3,4,12,Loyal Customers
14387,1,5,2833.977378795921,5,3,4,12,Loyal Customers
14388,197,3,1423.4092353339536,1,1,2,4,At Risk
14389,5,5,1703.2860916522022,5,3,2,10,Loyal Customers
14390,182,6,2116.373243566408,1,4,3,8,Potential Loyalists
14391,41,5,2120.3216477744545,4,3,3,10,Loyal Customers
14392,168,2,1194.5095273054148,1,1,1,3,Lost
14393,11,5,3957.0934030325807,5,3,5,13,Champions
14394,74,2,499.6708911544077,3,1,1,5,At Risk
14395,40,5,3539.7490582590112,4,3,4,11,Loyal Customers
14396,17,3,842.5999963525585,5,1,1,7,Potential Loyalists
14397,49,5,2160.6014576877924,3,3,3,9,Potential Loyalists
14398,155,5,2219.4707469648965,1,3,3,7,Potential Loyalists
14399,104,6,3472.577000961954,2,4,4,10,Loyal Customers
14400,29,5,2876.7359009496054,4,3,4,11,Loyal Customers
14401,8,4,1191.0498770998367,5,2,1,8,Potential Loyalists
14402,156,2,598.4077282214232,1,1,1,3,Lost
14403,3,6,2624.422581062282,5,4,3,12,Loyal Customers
14404,110,5,2592.6981497276797,2,3,3,8,Potential Loyalists
14405,229,1,490.8786491132567,1,1,1,3,Lost
14406,139,3,1464.2219208509482,1,1,2,4,At Risk
14407,20,7,2635.390509139479,4,5,3,12,Loyal Customers
14408,33,4,2516.071162899466,4,2,3,9,Potential Loyalists
14409,5,4,2849.1863994588034,5,2,4,11,Loyal Customers
14410,15,7,3478.7866503856967,5,5,4,14,Champions
14411,165,2,1427.6428016286688,1,1,2,4,At Risk
14412,42,2,1118.183148652713,4,1,1,6,At Risk
14413,7,6,3050.651567232133,5,4,4,13,Champions
14414,93,3,1625.869693946308,2,1,2,5,At Risk
14415,35,4,3027.705537700206,4,2,4,10,Loyal Customers
14416,25,4,1801.6475520461788,4,2,2,8,Potential Loyalists
14417,12,6,2410.694384253688,5,4,3,12,Loyal Customers
14418,17,5,1831.9371900882345,5,3,2,10,Loyal Customers
14419,53,5,2365.118069584295,3,3,3,9,Potential Loyalists
14420,105,3,1667.1821897280463,2,1,2,5,At Risk
14421,86,3,1648.6491930402765,2,1,2,5,At Risk
14422,269,2,303.64896889299894,1,1,1,3,Lost
14423,140,6,2474.9519843589246,1,4,3,8,Potential Loyalists
14424,32,3,2589.416502430478,4,1,3,8,Potential Loyalists
14425,41,3,887.6811368442493,4,1,1,6,At Risk
14426,124,4,2594.1436678007217,2,2,3,7,Potential Loyalists
14427,5,8,3583.1555973745326,5,5,5,15,Champions
14428,39,4,2410.3449212969854,4,2,3,9,Potential Loyalists
14429,90,5,2941.948907576295,2,3,4,9,Potential Loyalists
14430,76,3,1023.5824564864216,3,1,1,5,At Risk
14431,48,4,2607.932920325288,3,2,3,8,Potential Loyalists
14432,48,8,4182.494757322169,3,5,5,13,Champions
14433,130,5,2160.622527714006,2,3,3,8,Potential Loyalists
14434,12,8,4836.181369402346,5,5,5,15,Champions
14435,277,3,891.6468860775663,1,1,1,3,Lost
14436,30,7,3767.468573094777,4,5,5,14,Champions
14437,20,6,2846.756877851219,4,4,4,12,Loyal Customers
14438,157,2,1043.8700312980054,1,1,1,3,Lost
14439,123,7,3517.795889984375,2,5,4,11,Loyal Customers
14440,51,6,4075.764148260536,3,4,5,12,Loyal Customers
14441,21,4,1283.2940898852503,4,2,1,7,Potential Loyalists
14442,348,1,493.02607621521753,1,1,1,3,Lost
14443,92,4,3375.5035343087097,2,2,4,8,Potential Loyalists
14444,3,9,4347.99131589158,5,5,5,15,Champions
14445,44,9,5613.756444578104,3,5,5,13,Champions
14446,16,9,4487.804721830238,5,5,5,15,Champions
14447,47,4,2098.465173265141,3,2,3,8,Potential Loyalists
14448,343,1,71.92072127961055,1,1,1,3,Lost
14450,104,1,111.97502487893428,2,1,1,4,At Risk
14451,68,5,3112.815258155925,3,3,4,10,Loyal Customers
14452,105,8,4182.100295864789,2,5,5,12,Loyal Customers
14453,15,8,5174.6365511911645,5,5,5,15,Champions
14454,75,5,2432.615308895422,3,3,3,9,Potential Loyalists
14455,1,5,1636.3729861880138,5,3,2,10,Loyal Customers
14456,29,2,1156.739328975655,4,1,1,6,At Risk
14457,40,5,1713.0957471061995,4,3,2,9,Potential Loyalists
14458,34,7,3500.2174814529208,4,5,4,13,Champions
14459,44,6,2300.8141724127736,3,4,3,10,Loyal Customers
14460,140,7,2970.0207948902007,1,5,4,10,Loyal Customers
14461,222,5,2553.756053666878,1,3,3,7,Potential Loyalists
14462,7,4,1343.580446444471,5,2,1,8,Potential Loyalists
14463,69,7,2853.2389267244826,3,5,4,12,Loyal Customers
14464,84,2,1658.8543117431595,2,1,2,5,At Risk
14465,391,2,1171.611122537727,1,1,1,3,Lost
14466,5,4,3573.0730592115506,5,2,5,12,Loyal Customers
14467,3,4,2567.266665823263,5,2,3,10,Loyal Customers
14468,71,4,1840.4888923942683,3,2,2,7,Potential Loyalists
14469,42,6,2928.0506140838847,4,4,4,12,Loyal Customers
14470,151,3,986.9768111411224,1,1,1,3,Lost
14471,170,7,4004.4738640615087,1,5,5,11,Loyal Customers
14472,25,6,3219.6667771829216,4,4,4,12,Loyal Customers
14473,99,3,1234.8037050772714,2,1,1,4,At Risk
14474,52,6,3042.1026730047515,3,4,4,11,Loyal Customers
14475,98,6,3674.7955022114734,2,4,5,11,Loyal Customers
14476,200,1,988.8361481139666,1,1,1,3,Lost
14477,71,3,1461.0371498496197,3,1,2,6,At Risk
14478,63,8,4563.4211910964,3,5,5,13,Champions
14479,3,5,748.3658134259135,5,3,1,9,Potential Loyalists
14480,1,4,2339.5181067633584,5,2,3,10,Loyal Customers
14481,39,3,1059.946727582461,4,1,1,6,At Risk
14482,152,4,2588.246252501963,1,2,3,6,At Risk
14483,65,10,6372.545341935997,3,5,5,13,Champions
14484,262,5,2387.5329879364344,1,3,3,7,Potential Loyalists
14485,248,2,1265.1534904749678,1,1,1,3,Lost
14486,170,5,2965.4962336574235,1,3,4,8,Potential Loyalists
14487,14,4,2011.7277837229567,5,2,2,9,Potential Loyalists
14488,38,4,1228.591730777079,4,2,1,7,Potential Loyalists
14489,84,5,1602.482149278885,2,3,2,7,Potential Loyalists
14490,69,6,4480.101923936287,3,4,5,12,Loyal Customers
14491,1,7,3251.598148837738,5,5,4,14,Champions
14492,6,9,5683.595492909363,5,5,5,15,Champions
14493,122,9,4980.456008202791,2,5,5,12,Loyal Customers
14494,82,7,3340.726266799753,2,5,4,11,Loyal Customers
14495,18,7,3205.625710465751,5,5,4,14,Champions
14496,175,4,2183.7009024711824,1,2,3,6,At Risk
14497,82,7,3475.1938898384765,2,5,4,11,Loyal Customers
14498,93,7,4545.656374426021,2,5,5,12,Loyal Customers
14499,124,2,973.3074170992631,2,1,1,4,At Risk
14500,37,5,3135.2593063417653,4,3,4,11,Loyal Customers
14501,1,4,1908.736427731188,5,2,2,9,Potential Loyalists
14502,2,9,4202.12956426931,5,5,5,15,Champions
14503,21,9,4789.84157878083,4,5,5,14,Champions
14504,164,3,1831.5333792477384,1,1,2,4,At Risk
14505,267,3,2046.3371774547727,1,1,2,4,At Risk
14506,110,4,1638.1558896528595,2,2,2,6,At Risk
14507,161,3,2078.8686125297954,1,1,2,4,At Risk
14508,19,13,4975.770526636142,5,5,5,15,Champions
14509,288,2,502.77055400675215,1,1,1,3,Lost
14510,74,6,3161.7451561314824,3,4,4,11,Loyal Customers
14511,24,4,3120.166597313206,4,2,4,10,Loyal Customers
14512,58,7,4080.141581391996,3,5,5,13,Champions
14513,15,8,4618.202754974442,5,5,5,15,Champions
14514,284,3,1517.214942477127,1,1,2,4,At Risk
14515,74,2,715.4647168386036,3,1,1,5,At Risk
14516,129,2,1545.846058209554,2,1,2,5,At Risk
14517,8,6,2665.055293012876,5,4,3,12,Loyal Customers
14518,112,5,2395.66723951361,2,3,3,8,Potential Loyalists
14519,139,2,1067.6027623304558,1,1,1,3,Lost
14521,154,2,693.890987144522,1,1,1,3,Lost
14522,56,10,6155.491859562424,3,5,5,13,Champions
14523,77,4,2789.0042834882147,2,2,4,8,Potential Loyalists
14524,135,7,3866.788810746301,1,5,5,11,Loyal Customers
14525,77,6,3598.699566064963,2,4,5,11,Loyal Customers
14526,63,4,1081.5113970599784,3,2,1,6,At Risk
14527,30,5,2500.5112257229293,4,3,3,10,Loyal Customers
14528,199,3,1328.907175539832,1,1,1,3,Lost
14529,11,3,1454.1417281526683,5,1,2,8,Potential Loyalists
14530,9,5,1988.4893781772687,5,3,2,10,Loyal Customers
14531,29,7,2488.651226931651,4,5,3,12,Loyal Customers
14532,29,3,1654.9691891855773,4,1,2,7,Potential Loyalists
14533,80,2,1282.6622572624676,2,1,1,4,At Risk
14534,43,10,6420.675411709968,4,5,5,14,Champions
14535,92,4,2939.9634258408146,2,2,4,8,Potential Loyalists
14536,53,5,715.6093663942684,3,3,1,7,Potential Loyalists
14537,153,4,2987.502367639686,1,2,4,7,Potential Loyalists
14538,72,5,1977.1980481650928,3,3,2,8,Potential Loyalists
14539,91,7,3926.82803425062,2,5,5,12,Loyal Customers
14540,106,3,1294.2183190015944,2,1,1,4,At Risk
14541,48,5,1734.659997438014,3,3,2,8,Potential Loyalists
14542,49,8,3406.5779769429846,3,5,4,12,Loyal Customers
14543,103,6,2858.23533495207,2,4,4,10,Loyal Customers
14544,38,5,3201.524691573621,4,3,4,11,Loyal Customers
14545,20,5,2915.117834360617,4,3,4,11,Loyal Customers
14546,114,7,2949.5922384984706,2,5,4,11,Loyal Customers
14547,49,3,1789.3203605923586,3,1,2,6,At Risk
14548,239,7,4542.2601337814285,1,5,5,11,Loyal Customers
14549,43,5,1812.6333916458989,4,3,2,9,Potential Loyalists
14550,36,4,2469.3260141754517,4,2,3,9,Potential Loyalists
14551,309,3,1243.003524633004,1,1,1,3,Lost
14552,6,3,1607.9289505005495,5,1,2,8,Potential Loyalists
14553,50,8,5446.633202606679,3,5,5,13,Champions
14554,46,5,1614.132069902797,3,3,2,8,Potential Loyalists
14555,58,3,1231.1707996893274,3,1,1,5,At Risk
14556,8,9,3992.673160716556,5,5,5,15,Champions
14557,65,1,286.8208847437641,3,1,1,5,At Risk
14558,25,4,2968.016599855688,4,2,4,10,Loyal Customers
14559,13,5,1372.3267250003848,5,3,1,9,Potential Loyalists
14560,89,8,4355.316667207847,2,5,5,12,Loyal Customers
14561,312,1,156.94521869983828,1,1,1,3,Lost
14562,62,6,4088.757407389105,3,4,5,12,Loyal Customers
14563,128,5,2166.2550404602293,2,3,3,8,Potential Loyalists
14564,49,3,1068.6059574556705,3,1,1,5,At Risk
14565,61,4,2632.7455469089914,3,2,3,8,Potential Loyalists
14566,15,3,841.4299151000547,5,1,1,7,Potential Loyalists
14567,62,8,4886.82269196185,3,5,5,13,Champions
14568,19,6,3325.9186299605008,5,4,4,13,Champions
14569,102,5,4059.8520493744127,2,3,5,10,Loyal Customers
14570,59,2,684.1803177581623,3,1,1,5,At Risk
14571,27,11,5715.828891036484,4,5,5,14,Champions
14572,51,6,3549.780808046063,3,4,5,12,Loyal Customers
14573,21,3,867.4158716843303,4,1,1,6,At Risk
14574,41,4,2413.0843205195647,4,2,3,9,Potential Loyalists
14575,1,4,2559.235302392485,5,2,3,10,Loyal Customers
14576,211,3,1054.9706909592064,1,1,1,3,Lost
14577,65,9,4675.035374298393,3,5,5,13,Champions
14578,179,2,1087.058451811028,1,1,1,3,Lost
14579,9,6,2507.232875360166,5,4,3,12,Loyal Customers
14580,89,2,1609.2510668203108,2,1,2,5,At Risk
14582,44,5,2139.532927047944,3,3,3,9,Potential Loyalists
14583,206,4,2546.100038848196,1,2,3,6,At Risk
14584,45,5,2428.2243826028657,3,3,3,9,Potential Loyalists
14585,25,6,3330.8623475328704,4,4,4,12,Loyal Customers
14586,126,5,1940.6794777319496,2,3,2,7,Potential Loyalists
14587,51,3,1603.43995640485,3,1,2,6,At Risk
14588,46,8,4230.981629852399,3,5,5,13,Champions
14589,140,3,1704.0927577282134,1,1,2,4,At Risk
14590,7,7,3816.458807117093,5,5,5,15,Champions
14591,14,8,3103.529984235949,5,5,4,14,Champions
14592,235,4,1856.3800213489817,1,2,2,5,At Risk
14593,83,7,1797.5546351803782,2,5,2,9,Potential Loyalists
14594,148,5,2581.270190583521,1,3,3,7,Potential Loyalists
14595,119,5,3327.8636858045547,2,3,4,9,Potential Loyalists
14596,36,5,2129.208156893469,4,3,3,10,Loyal Customers
14597,43,4,2533.6970514758577,4,2,3,9,Potential Loyalists
14598,81,4,2047.906963592019,2,2,2,6,At Risk
14599,27,4,1336.910492560151,4,2,1,7,Potential Loyalists
14600,99,8,3576.6006176341048,2,5,5,12,Loyal Customers
14601,101,3,1813.4225053242824,2,1,2,5,At Risk
14602,109,3,1817.317567652032,2,1,2,5,At Risk
14603,150,4,2384.43094912153,1,2,3,6,At Risk
14604,36,5,2593.616296476178,4,3,3,10,Loyal Customers
14605,34,7,4033.023357155189,4,5,5,14,Champions
14606,61,2,1452.3898727994342,3,1,2,6,At Risk
14607,255,3,1571.3917429873457,1,1,2,4,At Risk
14608,29,6,3573.0339464368467,4,4,5,13,Champions
14609,150,3,1515.0895569569825,1,1,2,4,At Risk
14610,55,1,790.0751856544045,3,1,1,5,At Risk
14611,51,4,2430.604411405949,3,2,3,8,Potential Loyalists
14612,38,8,4130.407171092344,4,5,5,14,Champions
14613,5,8,3366.8343414747446,5,5,4,14,Champions
14614,78,3,1300.8885931922982,2,1,1,4,At Risk
14615,272,2,1285.489562675615,1,1,1,3,Lost
14616,90,4,2246.790862622628,2,2,3,7,Potential Loyalists
14617,1,8,3968.9739313615055,5,5,5,15,Champions
14618,90,3,615.4435586548474,2,1,1,4,At Risk
14619,2,5,3977.64231064244,5,3,5,13,Champions
14620,125,3,972.340578114277,2,1,1,4,At Risk
14621,12,4,2537.977787315254,5,2,3,10,Loyal Customers
14622,43,5,2439.080029511074,4,3,3,10,Loyal Customers
14623,166,2,296.8125462866729,1,1,1,3,Lost
14624,132,5,2955.558726634345,2,3,4,9,Potential Loyalists
14625,4,6,3899.104068805973,5,4,5,14,Champions
14626,52,4,1140.761934908594,3,2,1,6,At Risk
14627,98,8,4086.251252499497,2,5,5,12,Loyal Customers
14628,3,4,1890.342582521132,5,2,2,9,Potential Loyalists
14629,76,6,2923.034286360397,3,4,4,11,Loyal Customers
14630,111,7,3754.9832431515056,2,5,5,12,Loyal Customers
14631,189,4,2657.253293920271,1,2,3,6,At Risk
14632,61,4,1763.3020719577376,3,2,2,7,Potential Loyalists
14633,78,4,3562.845711895923,2,2,5,9,Potential Loyalists
14634,74,8,3184.037807785025,3,5,4,12,Loyal Customers
14635,9,3,1537.0070234551636,5,1,2,8,Potential Loyalists
14636,208,6,3404.9234962171663,1,4,4,9,Potential Loyalists
14637,56,6,3499.768636705599,3,4,4,11,Loyal Customers
14638,49,10,4986.631439713084,3,5,5,13,Champions
14639,101,3,2385.7357192294194,2,1,3,6,At Risk
14640,343,1,961.2184532556734,1,1,1,3,Lost
14641,18,4,2800.5179833307584,5,2,4,11,Loyal Customers
14642,39,3,756.02947781221,4,1,1,6,At Risk
14643,53,7,3964.1333753238814,3,5,5,13,Champions
14644,41,4,975.4186205771904,4,2,1,7,Potential Loyalists
14645,18,4,2120.3935460094035,5,2,3,10,Loyal Customers
14646,142,5,2960.687161996577,1,3,4,8,Potential Loyalists
14647,56,4,1872.445747569834,3,2,2,7,Potential Loyalists
14648,9,6,3572.792060713869,5,4,5,14,Champions
14649,88,8,3419.8621294895506,2,5,4,11,Loyal Customers
14650,11,5,2393.412532682392,5,3,3,11,Loyal Customers
14651,23,6,3243.578914060702,4,4,4,12,Loyal Customers
14652,49,5,2886.8974716349385,3,3,4,10,Loyal Customers
14653,57,9,3218.2521333935133,3,5,4,12,Loyal Customers
14654,158,4,1218.694237051939,1,2,1,4,At Risk
14655,75,8,3135.6793734995385,3,5,4,12,Loyal Customers
14656,25,8,3290.287517600029,4,5,4,13,Champions
14657,63,6,4142.988911193152,3,4,5,12,Loyal Customers
14658,381,1,903.189335805506,1,1,1,3,Lost
14659,13,6,2890.5150824719594,5,4,4,13,Champions
14660,59,5,2749.697919586924,3,3,4,10,Loyal Customers
14661,142,2,141.38735861724302,1,1,1,3,Lost
14662,9,10,4161.877466414621,5,5,5,15,Champions
14663,8,4,1570.8544159929193,5,2,2,9,Potential Loyalists
14664,48,3,1231.322431594482,3,1,1,5,At Risk
14665,83,7,3319.618661059412,2,5,4,11,Loyal Customers
14666,155,5,2449.214476845771,1,3,3,7,Potential Loyalists
14667,36,6,3480.0822905628165,4,4,4,12,Loyal Customers
14668,30,4,2711.209562985589,4,2,3,9,Potential Loyalists
14669,317,4,1601.5940958413223,1,2,2,5,At Risk
14670,137,4,1501.9159272188176,1,2,2,5,At Risk
14671,6,10,6128.780530270974,5,5,5,15,Champions
14672,65,4,2495.302633106141,3,2,3,8,Potential Loyalists
14674,9,5,1897.9337458065647,5,3,2,10,Loyal Customers
14675,54,10,5896.727117208901,3,5,5,13,Champions
14676,1,11,5303.682003852482,5,5,5,15,Champions
14677,12,4,3323.18688260629,5,2,4,11,Loyal Customers
14678,2,10,3978.118371410365,5,5,5,15,Champions
14679,23,4,2354.882367012121,4,2,3,9,Potential Loyalists
14680,298,1,163.20849652911537,1,1,1,3,Lost
14681,44,6,4271.79551890292,3,4,5,12,Loyal Customers
14682,73,6,2727.074028396294,3,4,3,10,Loyal Customers
14683,3,7,3877.6472061939457,5,5,5,15,Champions
14684,1,8,5152.3725718141295,5,5,5,15,Champions
14685,106,3,1923.5209057212533,2,1,2,5,At Risk
14686,134,1,129.22535503700058,1,1,1,3,Lost
14687,39,3,1705.8304150401952,4,1,2,7,Potential Loyalists
14688,25,7,4998.730528780861,4,5,5,14,Champions
14689,140,5,2576.681458007586,1,3,3,7,Potential Loyalists
14690,104,2,1400.0055527865957,2,1,1,4,At Risk
14691,72,9,4282.969246496771,3,5,5,13,Champions
14692,21,6,3746.767591108209,4,4,5,13,Champions
14693,214,3,1138.5170862507462,1,1,1,3,Lost
14694,102,3,1854.0945618817584,2,1,2,5,At Risk
14695,38,6,3540.018439343356,4,4,4,12,Loyal Customers
14696,153,8,2234.691445857336,1,5,3,9,Potential Loyalists
14697,39,3,731.442963354638,4,1,1,6,At Risk
14698,31,6,2906.4071493875967,4,4,4,12,Loyal Customers
14699,129,4,2703.191206321102,2,2,3,7,Potential Loyalists
14700,48,4,2954.822033037069,3,2,4,9,Potential Loyalists
14701,76,3,841.2356534726229,3,1,1,5,At Risk
14702,57,5,2199.1257109177795,3,3,3,9,Potential Loyalists
14703,123,5,1587.633402900393,2,3,2,7,Potential Loyalists
14704,9,7,3836.847131588547,5,5,5,15,Champions
14705,60,4,2532.819810632136,3,2,3,8,Potential Loyalists
14706,131,6,2397.970852204764,2,4,3,9,Potential Loyalists
14707,43,3,812.18993331549,4,1,1,6,At Risk
14708,155,2,1485.7855265574944,1,1,2,4,At Risk
14709,22,5,3742.386854127036,4,3,5,12,Loyal Customers
14710,177,4,2145.9570769785064,1,2,3,6,At Risk
14711,71,6,2145.708024050489,3,4,3,10,Loyal Customers
14712,29,5,3164.399511316329,4,3,4,11,Loyal Customers
14713,203,2,1499.4543242060988,1,1,2,4,At Risk
14714,2,7,2779.346927385193,5,5,4,14,Champions
14715,85,6,3505.790163179104,2,4,4,10,Loyal Customers
14716,17,6,3813.417029464876,5,4,5,14,Champions
14717,3,3,1422.1813456280647,5,1,2,8,Potential Loyalists
14718,79,6,3328.304740728876,2,4,4,10,Loyal Customers
14719,60,5,1653.6541350840982,3,3,2,8,Potential Loyalists
14720,24,10,4929.715973927353,4,5,5,14,Champions
14721,121,4,2369.247740569824,2,2,3,7,Potential Loyalists
14722,35,7,3544.00725375045,4,5,4,13,Champions
14723,93,9,5933.801523662016,2,5,5,12,Loyal Customers
14724,32,8,4428.7212412923045,4,5,5,14,Champions
14725,17,2,666.5981756597622,5,1,1,7,Potential Loyalists
14726,165,3,655.5506788997643,1,1,1,3,Lost
14727,47,5,3224.7683013544392,3,3,4,10,Loyal Customers
14728,108,4,2546.148676434961,2,2,3,7,Potential Loyalists
14729,4,8,2783.2329834517345,5,5,4,14,Champions
14730,75,8,4851.657593498267,3,5,5,13,Champions
14731,351,2,668.8830205321855,1,1,1,3,Lost
14732,6,5,2607.014907987439,5,3,3,11,Loyal Customers
14733,3,9,4105.769861569816,5,5,5,15,Champions
14734,106,4,1939.0825623411124,2,2,2,6,At Risk
14735,51,9,5974.070640325575,3,5,5,13,Champions
14736,33,7,4047.4978748427447,4,5,5,14,Champions
14737,109,7,2838.0297331938923,2,5,4,11,Loyal Customers
14738,81,5,2892.3912348503222,2,3,4,9,Potential Loyalists
14739,1,4,1769.2752690136942,5,2,2,9,Potential Loyalists
14740,129,3,1641.877316295435,2,1,2,5,At Risk
14741,394,1,115.15629333080174,1,1,1,3,Lost
14742,38,5,2650.2175572417145,4,3,3,10,Loyal Customers
14743,112,2,1028.087451236771,2,1,1,4,At Risk
14744,229,2,1437.3469105074828,1,1,2,4,At Risk
14745,32,6,2533.907021810779,4,4,3,11,Loyal Customers
14746,47,4,2369.6180076240557,3,2,3,8,Potential Loyalists
14747,52,3,1997.2762620168164,3,1,2,6,At Risk
14748,82,6,3513.6118734945057,2,4,4,10,Loyal Customers
14749,18,5,2954.129862309195,5,3,4,12,Loyal Customers
14750,13,6,2469.692965873607,5,4,3,12,Loyal Customers
14751,43,5,2778.104975166005,4,3,4,11,Loyal Customers
14752,103,2,580.8251952340361,2,1,1,4,At Risk
14753,66,5,2832.3124759415723,3,3,4,10,Loyal Customers
14754,52,7,2867.782870376965,3,5,4,12,Loyal Customers
14755,315,3,588.8787959434621,1,1,1,3,Lost
14756,71,5,1982.1621233445503,3,3,2,8,Potential Loyalists
14757,66,6,2578.006554552676,3,4,3,10,Loyal Customers
14758,22,9,4863.770596852665,4,5,5,14,Champions
14759,28,6,3134.7456478486297,4,4,4,12,Loyal Customers
14760,6,6,2869.575568182399,5,4,4,13,Champions
14761,183,6,2915.938224026061,1,4,4,9,Potential Loyalists
14762,66,7,4230.1352728765705,3,5,5,13,Champions
14763,86,3,1839.2856548168177,2,1,2,5,At Risk
14764,19,5,1511.3515377687015,5,3,2,10,Loyal Customers
14765,51,4,2347.419285799493,3,2,3,8,Potential Loyalists
14766,244,4,1412.8949813731183,1,2,1,4,At Risk
14767,66,7,4188.871810407032,3,5,5,13,Champions
14768,34,6,3010.2360785655906,4,4,4,12,Loyal Customers
14769,19,7,1743.4583213196825,5,5,2,12,Loyal Customers
14770,135,5,1378.5395118820502,1,3,1,5,At Risk
14771,41,4,2303.824917583689,4,2,3,9,Potential Loyalists
14772,53,2,1059.7694354156256,3,1,1,5,At Risk
14774,90,5,1859.9025453428208,2,3,2,7,Potential Loyalists
14775,134,4,1093.0827171059495,1,2,1,4,At Risk
14776,146,3,1524.4068184235143,1,1,2,4,At Risk
14777,27,5,3109.3729246858284,4,3,4,11,Loyal Customers
14778,99,7,4128.003203933759,2,5,5,12,Loyal Customers
14779,44,8,5103.570052583418,3,5,5,13,Champions
14780,46,5,1997.000692952984,3,3,2,8,Potential Loyalists
14781,21,13,7599.4987810863695,4,5,5,14,Champions
14782,122,3,1407.2753662158657,2,1,1,4,At Risk
14783,221,5,1846.620381650968,1,3,2,6,At Risk
14784,88,4,2638.37202344208,2,2,3,7,Potential Loyalists
14785,91,7,3997.005991817541,2,5,5,12,Loyal Customers
14786,72,3,1549.4901459855914,3,1,2,6,At Risk
14787,71,5,2057.968431952116,3,3,2,8,Potential Loyalists
14788,5,3,2089.982925795629,5,1,3,9,Potential Loyalists
14789,128,2,1297.691780507304,2,1,1,4,At Risk
14790,75,6,2131.550764419294,3,4,3,10,Loyal Customers
14791,67,4,2030.4028547688915,3,2,2,7,Potential Loyalists
14792,65,3,1496.3238993818277,3,1,2,6,At Risk
14793,136,3,2116.1991639168355,1,1,3,5,At Risk
14794,175,2,1075.9705565497557,1,1,1,3,Lost
14795,92,3,1510.8593129416763,2,1,2,5,At Risk
14796,26,6,3844.382707963836,4,4,5,13,Champions
14797,103,7,3971.707223816647,2,5,5,12,Loyal Customers
14798,231,7,2922.040262915126,1,5,4,10,Loyal Customers
14799,129,7,2882.030718014829,2,5,4,11,Loyal Customers
14800,9,5,1864.564436315954,5,3,2,10,Loyal Customers
14801,149,3,1616.7736833003469,1,1,2,4,At Risk
14802,131,6,2566.503873340568,2,4,3,9,Potential Loyalists
14803,149,8,3364.791928004725,1,5,4,10,Loyal Customers
14804,35,5,3527.023039510017,4,3,4,11,Loyal Customers
14805,40,8,2840.605095355784,4,5,4,13,Champions
14806,224,3,921.4164389646526,1,1,1,3,Lost
14807,30,7,4371.597852098055,4,5,5,14,Champions
14808,159,4,1548.5315164101182,1,2,2,5,At Risk
14809,41,9,4461.420816586036,4,5,5,14,Champions
14810,83,2,1080.3782682734156,2,1,1,4,At Risk
14811,46,2,929.0022513547166,3,1,1,5,At Risk
14812,152,3,707.0952761587697,1,1,1,3,Lost
14813,135,3,1216.6123089367445,1,1,1,3,Lost
14814,96,3,1994.6676763106336,2,1,2,5,At Risk
14815,120,9,5336.017635868746,2,5,5,12,Loyal Customers
14816,21,6,2144.058614186529,4,4,3,11,Loyal Customers
14817,1,5,2766.583731493279,5,3,4,12,Loyal Customers
14818,16,3,2476.86314631779,5,1,3,9,Potential Loyalists
14819,16,3,1767.4100102562352,5,1,2,8,Potential Loyalists
14820,20,7,3092.4679356675133,4,5,4,13,Champions
14821,4,4,1674.6382953591806,5,2,2,9,Potential Loyalists
14822,36,6,3935.632093857797,4,4,5,13,Champions
14823,178,4,2735.100494298403,1,2,3,6,At Risk
14824,13,6,2635.810400661513,5,4,3,12,Loyal Customers
14825,41,3,1524.9555289546688,4,1,2,7,Potential Loyalists
14826,45,4,2513.382288579337,3,2,3,8,Potential Loyalists
14827,232,3,1775.0071862884215,1,1,2,4,At Risk
14828,2,5,2277.883108216844,5,3,3,11,Loyal Customers
14829,290,2,1542.7048566840083,1,1,2,4,At Risk
14830,150,4,1762.966734059222,1,2,2,5,At Risk
14831,94,6,2547.447607802991,2,4,3,9,Potential Loyalists
14832,8,4,1427.1250514315425,5,2,2,9,Potential Loyalists
14833,115,3,553.236600919399,2,1,1,4,At Risk
14834,22,6,2448.1621342284297,4,4,3,11,Loyal Customers
14835,30,7,3794.8930565674864,4,5,5,14,Champions
14836,34,8,3676.365703385904,4,5,5,14,Champions
14837,181,3,2476.0346614166865,1,1,3,5,At Risk
14838,16,8,4372.390089570604,5,5,5,15,Champions
14839,38,6,3546.093073917068,4,4,4,12,Loyal Customers
14840,31,8,3794.274390868881,4,5,5,14,Champions
14841,62,6,4302.437027382339,3,4,5,12,Loyal Customers
14842,45,12,7003.5215158283845,3,5,5,13,Champions
14843,144,4,2011.1437599931812,1,2,2,5,At Risk
14844,6,3,460.4077957044092,5,1,1,7,Potential Loyalists
14845,349,1,858.0821381251093,1,1,1,3,Lost
14846,83,2,724.4519725646243,2,1,1,4,At Risk
14847,16,7,3484.183158745553,5,5,4,14,Champions
14848,185,3,2372.146151750061,1,1,3,5,At Risk
14849,130,5,2448.8094820028714,2,3,3,8,Potential Loyalists
14850,109,5,2682.42325257262,2,3,3,8,Potential Loyalists
14851,365,1,703.6909125084491,1,1,1,3,Lost
14852,11,2,607.4324587682956,5,1,1,7,Potential Loyalists
14853,35,8,3321.146682795115,4,5,4,13,Champions
14854,3,5,3079.6302171047746,5,3,4,12,Loyal Customers
14855,68,6,3055.877408391094,3,4,4,11,Loyal Customers
14856,4,3,1911.9357947796543,5,1,2,8,Potential Loyalists
14857,44,6,3023.106412008253,3,4,4,11,Loyal Customers
14858,53,7,3670.454460857963,3,5,5,13,Champions
14859,123,5,2419.5203944422437,2,3,3,8,Potential Loyalists
14860,128,2,1234.3363869419877,2,1,1,4,At Risk
14861,67,8,3993.439098261575,3,5,5,13,Champions
14862,36,6,2236.5265908438587,4,4,3,11,Loyal Customers
14863,8,10,5137.545096369889,5,5,5,15,Champions
14864,276,2,634.4518541414405,1,1,1,3,Lost
14865,27,8,2606.695498595953,4,5,3,12,Loyal Customers
14866,2,7,4209.831475069914,5,5,5,15,Champions
14867,20,9,4018.24315868708,4,5,5,14,Champions
14868,227,4,2653.116998318128,1,2,3,6,At Risk
14869,74,4,2252.797278546471,3,2,3,8,Potential Loyalists
14870,124,7,1523.1618438371192,2,5,2,9,Potential Loyalists
14871,193,4,1936.750715535717,1,2,2,5,At Risk
14872,335,1,836.1157924964024,1,1,1,3,Lost
14873,7,3,2454.086371796725,5,1,3,9,Potential Loyalists
14874,2,5,2389.0467500186887,5,3,3,11,Loyal Customers
14875,8,4,1662.697418804541,5,2,2,9,Potential Loyalists
14876,36,5,2745.8241421892176,4,3,4,11,Loyal Customers
14877,5,10,3980.877705608481,5,5,5,15,Champions
14878,229,3,1858.2087232080517,1,1,2,4,At Risk
14879,220,4,1621.1199161436311,1,2,2,5,At Risk
14880,184,3,2172.77305932914,1,1,3,5,At Risk
14881,55,7,3979.515895422084,3,5,5,13,Champions
14882,38,7,4159.8013031112,4,5,5,14,Champions
14883,10,8,4245.3653156727305,5,5,5,15,Champions
14884,4,3,1244.3655933993057,5,1,1,7,Potential Loyalists
14886,63,3,1147.0635281685916,3,1,1,5,At Risk
14887,117,5,1955.636279862086,2,3,2,7,Potential Loyalists
14888,2,11,6366.406004099889,5,5,5,15,Champions
14889,9,6,2704.499311416655,5,4,3,12,Loyal Customers
14890,239,3,1636.6415868952115,1,1,2,4,At Risk
14891,28,4,2303.570535004419,4,2,3,9,Potential Loyalists
14892,26,7,3000.936437352333,4,5,4,13,Champions
14893,16,4,2579.1539043148177,5,2,3,10,Loyal Customers
14894,75,8,4118.761285106511,3,5,5,13,Champions
14895,277,2,903.97804239124,1,1,1,3,Lost
14896,111,4,2548.096171955745,2,2,3,7,Potential Loyalists
14897,73,3,1241.657096745871,3,1,1,5,At Risk
14898,27,5,2949.8206772394624,4,3,4,11,Loyal Customers
14899,46,5,2346.272632021717,3,3,3,9,Potential Loyalists
14900,6,5,3850.778210624521,5,3,5,13,Champions
14901,247,2,1158.5359757509834,1,1,1,3,Lost
14902,49,5,2896.776050125112,3,3,4,10,Loyal Customers
14903,182,4,777.4471713644707,1,2,1,4,At Risk
14904,117,2,429.7424047828247,2,1,1,4,At Risk
14905,26,6,3588.819812123541,4,4,5,13,Champions
14906,39,4,2081.242412661622,4,2,2,8,Potential Loyalists
14907,92,8,3194.2862957597386,2,5,4,11,Loyal Customers
14908,68,6,2833.320139123776,3,4,4,11,Loyal Customers
14909,36,6,3586.6857848793898,4,4,5,13,Champions
14910,22,8,3300.0113718562097,4,5,4,13,Champions
14911,23,5,1509.2297991147443,4,3,2,9,Potential Loyalists
14912,111,7,2845.6223213877875,2,5,4,11,Loyal Customers
14913,43,3,1527.983597622337,4,1,2,7,Potential Loyalists
14914,67,2,748.6209819392604,3,1,1,5,At Risk
14915,59,4,1581.7632259975587,3,2,2,7,Potential Loyalists
14916,196,2,1746.7048505482126,1,1,2,4,At Risk
14917,29,6,2706.3877585576306,4,4,3,11,Loyal Customers
14918,34,5,2826.2216019178986,4,3,4,11,Loyal Customers
14919,51,3,1561.932423429378,3,1,2,6,At Risk
14920,39,4,1827.113955090933,4,2,2,8,Potential Loyalists
14921,7,7,3827.327066977268,5,5,5,15,Champions
14922,37,4,1508.5347372139158,4,2,2,8,Potential Loyalists
14923,33,8,4027.0499553234768,4,5,5,14,Champions
14924,113,8,4108.894008712408,2,5,5,12,Loyal Customers
14925,153,3,1076.4047322693343,1,1,1,3,Lost
14926,33,10,4436.5898050720825,4,5,5,14,Champions
14927,27,9,4425.547261858501,4,5,5,14,Champions
14928,16,6,4506.690376827445,5,4,5,14,Champions
14929,39,10,5247.055492341985,4,5,5,14,Champions
14930,5,7,4333.708639426652,5,5,5,15,Champions
14931,57,9,5664.514635978845,3,5,5,13,Champions
14932,17,6,3291.3072275642053,5,4,4,13,Champions
14933,92,3,2321.357939089972,2,1,3,6,At Risk
14934,25,4,2692.450657057989,4,2,3,9,Potential Loyalists
14935,34,9,5619.384530430254,4,5,5,14,Champions
14936,105,4,1955.8599866880295,2,2,2,6,At Risk
14937,33,6,2976.291875522297,4,4,4,12,Loyal Customers
14938,28,7,4874.886058699575,4,5,5,14,Champions
14939,154,6,1384.7219297440904,1,4,1,6,At Risk
14940,203,8,3450.876392870051,1,5,4,10,Loyal Customers
14941,96,4,2205.9155910132745,2,2,3,7,Potential Loyalists
14942,38,7,2770.500319765312,4,5,4,13,Champions
14943,78,12,5164.181165096099,2,5,5,12,Loyal Customers
14944,158,6,2598.431158396332,1,4,3,8,Potential Loyalists
14945,37,7,3424.1091640912314,4,5,4,13,Champions
14946,215,7,3207.480890203264,1,5,4,10,Loyal Customers
14947,84,8,5031.508585103698,2,5,5,12,Loyal Customers
14948,117,4,3440.6827128913915,2,2,4,8,Potential Loyalists
14949,246,5,2622.803276620348,1,3,3,7,Potential Loyalists
14950,3,3,1760.8432566157512,5,1,2,8,Potential Loyalists
14951,74,3,1926.8628845096,3,1,2,6,At Risk
14952,60,6,3421.5558035804474,3,4,4,11,Loyal Customers
14953,28,3,1961.5660182226552,4,1,2,7,Potential Loyalists
14954,6,6,2492.8889421099743,5,4,3,12,Loyal Customers
14955,168,4,1235.5726001692385,1,2,1,4,At Risk
14956,202,3,787.8092788285086,1,1,1,3,Lost
14957,68,5,2798.4888816078023,3,3,4,10,Loyal Customers
14958,100,7,4930.438390296066,2,5,5,12,Loyal Customers
14959,8,7,2196.314040368308,5,5,3,13,Champions
14960,103,4,2327.2876811865053,2,2,3,7,Potential Loyalists
14961,19,5,1625.6168599098146,5,3,2,10,Loyal Customers
14962,61,5,1917.627092381544,3,3,2,8,Potential Loyalists
14963,192,3,1348.1040999358563,1,1,1,3,Lost
14964,11,6,4023.692190466541,5,4,5,14,Champions
14965,82,6,3234.736120555312,2,4,4,10,Loyal Customers
14966,163,2,1269.6495164813962,1,1,1,3,Lost
14967,17,5,1878.884012355884,5,3,2,10,Loyal Customers
14968,232,3,1052.4035621809544,1,1,1,3,Lost
14969,7,8,4054.782091197312,5,5,5,15,Champions
14970,84,3,1093.9190279762377,2,1,1,4,At Risk
14971,30,4,1635.2768606837583,4,2,2,8,Potential Loyalists
14972,42,10,4323.091710510959,4,5,5,14,Champions
14973,33,2,769.0237931702737,4,1,1,6,At Risk
14974,89,5,1672.931833872335,2,3,2,7,Potential Loyalists
14975,55,5,1910.3402143232693,3,3,2,8,Potential Loyalists
14976,38,4,991.3270432758096,4,2,1,7,Potential Loyalists
14977,4,5,3632.233218951325,5,3,5,13,Champions
14978,275,1,841.7843491585957,1,1,1,3,Lost
14979,104,5,4144.190612502489,2,3,5,10,Loyal Customers
14980,167,5,3184.6950672313874,1,3,4,8,Potential Loyalists
14981,151,5,1580.2819229703723,1,3,2,6,At Risk
14982,61,2,1803.476821982526,3,1,2,6,At Risk
14983,191,3,1160.178810601093,1,1,1,3,Lost
14984,124,5,2106.0464925518954,2,3,3,8,Potential Loyalists
14985,162,3,1452.9177265122714,1,1,2,4,At Risk
14986,55,3,2329.703500358982,3,1,3,7,Potential Loyalists
14987,156,5,1928.3443250678004,1,3,2,6,At Risk
14988,34,7,3292.447780619684,4,5,4,13,Champions
14989,26,3,2033.0614968719888,4,1,2,7,Potential Loyalists
14990,55,3,1276.4503985912693,3,1,1,5,At Risk
14991,8,2,418.5174562615129,5,1,1,7,Potential Loyalists
14992,26,9,5692.918901794276,4,5,5,14,Champions
14993,23,6,2347.0857420629536,4,4,3,11,Loyal Customers
14994,52,7,3204.517826871891,3,5,4,12,Loyal Customers
14995,54,8,3743.515498498992,3,5,5,13,Champions
14996,43,2,1182.096635984438,4,1,1,6,At Risk
14997,49,8,5151.0458631277725,3,5,5,13,Champions
14998,4,3,1076.616999081779,5,1,1,7,Potential Loyalists
14999,24,3,2269.5133538830696,4,1,3,8,Potential Loyalists
15000,12,7,2742.262406702714,5,5,4,14,Champions
15001,119,4,2078.47859779117,2,2,2,6,At Risk
15002,62,3,1753.8311537290947,3,1,2,6,At Risk
15003,221,5,2780.841440552508,1,3,4,8,Potential Loyalists
15004,93,7,3078.534699187117,2,5,4,11,Loyal Customers
15005,96,9,4389.217780611511,2,5,5,12,Loyal Customers
15006,8,5,2382.084887996638,5,3,3,11,Loyal Customers
15007,3,4,1478.495315769878,5,2,2,9,Potential Loyalists
15008,11,2,1377.8067310194367,5,1,1,7,Potential Loyalists
15009,48,8,4279.8378882127145,3,5,5,13,Champions
15010,122,4,2336.063398268746,2,2,3,7,Potential Loyalists
15011,223,3,726.6052841973265,1,1,1,3,Lost
15012,138,3,939.0052829684328,1,1,1,3,Lost
15013,201,3,1518.436089835002,1,1,2,4,At Risk
15014,51,3,1959.174644670328,3,1,2,6,At Risk
15015,126,5,1715.794382038569,2,3,2,7,Potential Loyalists
15016,26,6,2837.582208665029,4,4,4,12,Loyal Customers
15017,18,7,3126.725306631564,5,5,4,14,Champions
15018,40,6,1836.451063683849,4,4,2,10,Loyal Customers
15019,9,3,1766.8600172453823,5,1,2,8,Potential Loyalists
15020,152,5,2077.781666106313,1,3,2,6,At Risk
15021,66,5,852.1818749381514,3,3,1,7,Potential Loyalists
15022,183,7,3294.013925549968,1,5,4,10,Loyal Customers
15023,49,5,3112.2801765224945,3,3,4,10,Loyal Customers
15024,20,3,1398.7434896273903,4,1,1,6,At Risk
15025,8,8,3655.9544673299088,5,5,5,15,Champions
15026,129,3,1616.7575044585285,2,1,2,5,At Risk
15027,215,2,1177.7561633527814,1,1,1,3,Lost
15028,26,3,892.4861038442649,4,1,1,6,At Risk
15029,194,1,538.6942256031875,1,1,1,3,Lost
15030,160,6,2028.69914726896,1,4,2,7,Potential Loyalists
15031,35,4,1929.659947548148,4,2,2,8,Potential Loyalists
15032,80,4,2689.175909049712,2,2,3,7,Potential Loyalists
15033,48,5,3716.4860408596014,3,3,5,11,Loyal Customers
15034,33,4,2055.3097080954176,4,2,2,8,Potential Loyalists
15035,51,1,998.7345591909408,3,1,1,5,At Risk
15036,135,1,55.14827490441233,1,1,1,3,Lost
15037,22,7,3073.429353938433,4,5,4,13,Champions
15038,64,4,2454.2528937095008,3,2,3,8,Potential Loyalists
15039,60,4,2419.8980129754286,3,2,3,8,Potential Loyalists
15040,14,5,3005.413357501846,5,3,4,12,Loyal Customers
15041,23,5,2303.8649681526385,4,3,3,10,Loyal Customers
15042,66,4,3157.2983349242577,3,2,4,9,Potential Loyalists
15043,109,3,1658.0040482841273,2,1,2,5,At Risk
15044,3,8,4108.514213590133,5,5,5,15,Champions
15045,28,5,2746.315618239253,4,3,4,11,Loyal Customers
15046,48,3,2358.320378447225,3,1,3,7,Potential Loyalists
15047,299,3,1336.4731024759665,1,1,1,3,Lost
15048,80,6,3389.3718633533,2,4,4,10,Loyal Customers
15049,1,5,2820.3547832633185,5,3,4,12,Loyal Customers
15050,5,7,3399.403875917529,5,5,4,14,Champions
15051,31,4,2414.5285910670477,4,2,3,9,Potential Loyalists
15052,79,10,4393.992535783788,2,5,5,12,Loyal Customers
15053,29,4,1269.7023508071384,4,2,1,7,Potential Loyalists
15054,50,5,2525.607563758388,3,3,3,9,Potential Loyalists
15055,61,9,5381.345003995402,3,5,5,13,Champions
15056,77,3,1652.282194608252,2,1,2,5,At Risk
15057,110,7,3745.879054888646,2,5,5,12,Loyal Customers
15058,85,8,4560.388440606032,2,5,5,12,Loyal Customers
15059,14,4,2297.7408178529454,5,2,3,10,Loyal Customers
15060,65,7,3679.818063497651,3,5,5,13,Champions
15061,2,8,4399.801377864535,5,5,5,15,Champions
15062,284,3,1117.9462606208208,1,1,1,3,Lost
15063,33,5,2704.796054312219,4,3,3,10,Loyal Customers
15064,8,6,4256.084311680654,5,4,5,14,Champions
15065,20,5,1765.6538091896346,4,3,2,9,Potential Loyalists
15066,2,4,3004.904389999685,5,2,4,11,Loyal Customers
15067,26,7,3846.407788778865,4,5,5,14,Champions
15068,5,8,2504.8770263771626,5,5,3,13,Champions
15069,6,5,2934.195581130227,5,3,4,12,Loyal Customers
15070,77,3,1287.1771416767574,2,1,1,4,At Risk
15071,79,1,404.9592260765234,2,1,1,4,At Risk
15072,178,2,1282.3575781461377,1,1,1,3,Lost
15073,73,4,2933.1736094640305,3,2,4,9,Potential Loyalists
15074,44,6,2983.416241031567,3,4,4,11,Loyal Customers
15075,2,7,3815.196313237868,5,5,5,15,Champions
15076,72,7,3127.406413369401,3,5,4,12,Loyal Customers
15077,10,5,3016.312679548876,5,3,4,12,Loyal Customers
15078,1,4,1302.3231049999265,5,2,1,8,Potential Loyalists
15079,70,6,3339.5740911886915,3,4,4,11,Loyal Customers
15080,5,2,1095.832730199139,5,1,1,7,Potential Loyalists
15081,172,6,4164.607064278733,1,4,5,10,Loyal Customers
15082,44,3,1617.1317945892924,3,1,2,6,At Risk
15083,135,5,2272.937310079241,1,3,3,7,Potential Loyalists
15084,9,9,4227.539899067015,5,5,5,15,Champions
15085,81,6,2413.944123996057,2,4,3,9,Potential Loyalists
15086,79,11,5127.01419178235,2,5,5,12,Loyal Customers
15087,19,5,2450.12637210139,5,3,3,11,Loyal Customers
15088,149,6,2005.3238937327912,1,4,2,7,Potential Loyalists
15089,21,7,2092.2565129495865,4,5,3,12,Loyal Customers
15090,72,3,937.6323876903924,3,1,1,5,At Risk
15091,257,2,1407.8253629151366,1,1,1,3,Lost
15092,62,4,2559.883359455195,3,2,3,8,Potential Loyalists
15093,9,4,2169.4576129914963,5,2,3,10,Loyal Customers
15094,17,5,2419.866266060968,5,3,3,11,Loyal Customers
15095,72,2,834.1491585240399,3,1,1,5,At Risk
15096,122,3,2038.5665108047544,2,1,2,5,At Risk
15097,19,4,2176.651908357489,5,2,3,10,Loyal Customers
15098,19,7,3970.178537206786,5,5,5,15,Champions
15099,61,3,1217.1637048444445,3,1,1,5,At Risk
15100,37,9,5314.410756045927,4,5,5,14,Champions
15101,160,2,660.0066585866277,1,1,1,3,Lost
15102,16,7,3022.698395121007,5,5,4,14,Champions
15103,38,3,1681.4704609025514,4,1,2,7,Potential Loyalists
15104,2,6,3877.4832068091914,5,4,5,14,Champions
15105,27,5,2272.6230442967208,4,3,3,10,Loyal Customers
15106,57,5,2130.662802766133,3,3,3,9,Potential Loyalists
15107,33,2,1512.9477855483092,4,1,2,7,Potential Loyalists
15108,139,4,1427.1878414970224,1,2,2,5,At Risk
15109,16,9,3939.473838224455,5,5,5,15,Champions
15110,3,9,5229.84599090018,5,5,5,15,Champions
15111,9,8,5072.883737477347,5,5,5,15,Champions
15112,58,5,2912.8883590253263,3,3,4,10,Loyal Customers
15113,153,5,2875.110758247225,1,3,4,8,Potential Loyalists
15114,25,5,3437.26784428847,4,3,4,11,Loyal Customers
15115,183,1,917.65208876618,1,1,1,3,Lost
15116,387,1,620.5125639692477,1,1,1,3,Lost
15117,22,7,3619.055714861264,4,5,5,14,Champions
15118,105,3,1668.8385058438753,2,1,2,5,At Risk
15119,84,2,354.7729737281288,2,1,1,4,At Risk
15120,8,6,3894.0512495713247,5,4,5,14,Champions
15121,20,4,2209.87238733858,4,2,3,9,Potential Loyalists
15122,68,8,5001.349366355664,3,5,5,13,Champions
15123,33,6,3768.439542383425,4,4,5,13,Champions
15124,14,6,3545.5363703189714,5,4,4,13,Champions
15125,48,5,2393.6621396222586,3,3,3,9,Potential Loyalists
15126,175,5,1357.8094000728038,1,3,1,5,At Risk
15127,2,7,3957.8531866944863,5,5,5,15,Champions
15128,8,8,2604.6905997116987,5,5,3,13,Champions
15129,83,5,2993.550674793228,2,3,4,9,Potential Loyalists
15130,255,4,1736.3071709977053,1,2,2,5,At Risk
15131,22,5,1377.0173942064291,4,3,1,8,Potential Loyalists
15132,58,7,1501.6463745296178,3,5,2,10,Loyal Customers
15133,52,6,2194.6115607682977,3,4,3,10,Loyal Customers
15134,48,6,4466.64069786138,3,4,5,12,Loyal Customers
15135,15,5,1677.8274363810142,5,3,2,10,Loyal Customers
15136,14,5,3209.755101597825,5,3,4,12,Loyal Customers
15137,46,8,3528.9296832541886,3,5,4,12,Loyal Customers
15138,70,5,2504.349878205818,3,3,3,9,Potential Loyalists
15139,157,6,3952.473644752436,1,4,5,10,Loyal Customers
15140,67,7,2632.494727926753,3,5,3,11,Loyal Customers
15141,143,5,2554.9879387612464,1,3,3,7,Potential Loyalists
15142,10,8,3246.177092582106,5,5,4,14,Champions
15143,5,6,3324.2032476594754,5,4,4,13,Champions
15144,127,3,1199.0297294997058,2,1,1,4,At Risk
15145,254,3,1964.1488200393571,1,1,2,4,At Risk
15146,28,4,2253.5854111500626,4,2,3,9,Potential Loyalists
15147,109,2,924.248326850158,2,1,1,4,At Risk
15148,24,7,2884.563290736108,4,5,4,13,Champions
15149,55,2,449.7029801625149,3,1,1,5,At Risk
15150,26,6,3140.1143061749376,4,4,4,12,Loyal Customers
15151,72,5,2251.779980137149,3,3,3,9,Potential Loyalists
15152,197,4,2920.066726760707,1,2,4,7,Potential Loyalists
15153,185,4,2154.1358776580832,1,2,3,6,At Risk
15154,54,7,3544.82914618754,3,5,4,12,Loyal Customers
15155,160,4,1527.279511718874,1,2,2,5,At Risk
15156,42,4,2486.073698136515,4,2,3,9,Potential Loyalists
15157,48,10,3512.1759633392376,3,5,4,12,Loyal Customers
15158,201,4,2606.92883925338,1,2,3,6,At Risk
15159,31,4,2291.0773712702985,4,2,3,9,Potential Loyalists
15160,70,4,1915.8330673047624,3,2,2,7,Potential Loyalists
15161,144,3,1128.200088902914,1,1,1,3,Lost
15162,6,12,5306.3018927141175,5,5,5,15,Champions
15163,206,5,2221.9487866598897,1,3,3,7,Potential Loyalists
15164,23,7,2365.053265825808,4,5,3,12,Loyal Customers
15165,2,5,2312.228344881169,5,3,3,11,Loyal Customers
15166,102,2,1130.9003636195932,2,1,1,4,At Risk
15167,61,5,1841.9184149486423,3,3,2,8,Potential Loyalists
15168,3,8,3156.56007395348,5,5,4,14,Champions
15169,29,4,1428.55342686503,4,2,2,8,Potential Loyalists
15170,27,4,997.4277217650103,4,2,1,7,Potential Loyalists
15171,60,4,2263.280412566987,3,2,3,8,Potential Loyalists
15172,68,11,7582.467180416845,3,5,5,13,Champions
15173,51,5,2492.4649754387647,3,3,3,9,Potential Loyalists
15174,115,5,2622.972972295515,2,3,3,8,Potential Loyalists
15175,101,2,716.2985750225725,2,1,1,4,At Risk
15176,18,7,4347.528143105825,5,5,5,15,Champions
15177,93,4,2693.5616264509968,2,2,3,7,Potential Loyalists
15178,45,7,3065.738889645663,3,5,4,12,Loyal Customers
15179,3,6,2452.830137902755,5,4,3,12,Loyal Customers
15180,68,9,5854.093328680556,3,5,5,13,Champions
15181,48,5,2485.6616801871032,3,3,3,9,Potential Loyalists
15182,57,6,3045.531091178742,3,4,4,11,Loyal Customers
15183,19,7,3177.3328488981115,5,5,4,14,Champions
15184,125,5,2417.853854770212,2,3,3,8,Potential Loyalists
15185,1,7,3231.2727014846214,5,5,4,14,Champions
15186,33,7,4221.237884348127,4,5,5,14,Champions
15187,131,2,1705.5491937139336,2,1,2,5,At Risk
15188,26,5,1839.1825471909692,4,3,2,9,Potential Loyalists
15189,29,5,2205.24253920978,4,3,3,10,Loyal Customers
15190,86,5,1500.7863669407309,2,3,2,7,Potential Loyalists
15191,33,8,4937.166716884804,4,5,5,14,Champions
15192,51,8,3704.7713247784186,3,5,5,13,Champions
15193,43,5,2259.315288350299,4,3,3,10,Loyal Customers
15194,60,6,3109.873611848893,3,4,4,11,Loyal Customers
15195,107,3,2153.0843691174914,2,1,3,6,At Risk
15196,99,1,410.835690553741,2,1,1,4,At Risk
15197,120,8,3639.036964799569,2,5,5,12,Loyal Customers
15198,28,4,1114.9028009770818,4,2,1,7,Potential Loyalists
15199,97,2,783.979977439368,2,1,1,4,At Risk
15200,244,1,104.20321072534284,1,1,1,3,Lost
15201,31,7,4531.875358199273,4,5,5,14,Champions
15202,25,4,1768.8153581910449,4,2,2,8,Potential Loyalists
15203,109,8,4634.743232935335,2,5,5,12,Loyal Customers
15204,17,6,3090.8739541231976,5,4,4,13,Champions
15205,66,5,4274.67868754596,3,3,5,11,Loyal Customers
15206,25,2,1518.2500614732503,4,1,2,7,Potential Loyalists
15207,10,3,1108.998368203334,5,1,1,7,Potential Loyalists
15208,250,4,2807.151969825444,1,2,4,7,Potential Loyalists
15209,23,8,3946.630202575394,4,5,5,14,Champions
15210,5,8,3516.5463584411787,5,5,4,14,Champions
15211,245,3,2030.1839879429767,1,1,2,4,At Risk
15212,316,1,294.8324781872595,1,1,1,3,Lost
15213,165,4,2150.9053730256173,1,2,3,6,At Risk
15214,50,5,2564.6520435020902,3,3,3,9,Potential Loyalists
15215,144,3,2102.3141582066764,1,1,3,5,At Risk
15216,275,1,796.5780662987711,1,1,1,3,Lost
15217,51,1,710.9082409939765,3,1,1,5,At Risk
15218,12,6,2985.1673753017435,5,4,4,13,Champions
15219,39,5,3327.2120712452474,4,3,4,11,Loyal Customers
15220,46,3,1003.268999320744,3,1,1,5,At Risk
15221,35,5,2121.3827568440884,4,3,3,10,Loyal Customers
15222,12,5,3470.103973553509,5,3,4,12,Loyal Customers
15223,145,4,1930.8135193356577,1,2,2,5,At Risk
15224,310,2,1211.9594972423808,1,1,1,3,Lost
15225,54,7,3556.263030981961,3,5,5,13,Champions
15226,25,4,2391.9376918899266,4,2,3,9,Potential Loyalists
15227,196,3,1447.3900853043806,1,1,2,4,At Risk
15229,4,3,1071.87975607436,5,1,1,7,Potential Loyalists
15230,43,12,6323.2565881456,4,5,5,14,Champions
15231,225,3,1009.327008122004,1,1,1,3,Lost
15232,134,5,2866.885983959852,1,3,4,8,Potential Loyalists
15233,7,5,2825.465760516276,5,3,4,12,Loyal Customers
15234,91,4,1141.5280591943629,2,2,1,5,At Risk
15235,69,6,2962.1876384917355,3,4,4,11,Loyal Customers
15236,116,3,1246.009758021046,2,1,1,4,At Risk
15237,21,2,380.7278046993909,4,1,1,6,At Risk
15238,77,11,5805.623792308395,2,5,5,12,Loyal Customers
15239,62,8,3470.5107207588744,3,5,4,12,Loyal Customers
15240,82,5,2739.6836206933017,2,3,3,8,Potential Loyalists
15241,15,3,361.4529567836301,5,1,1,7,Potential Loyalists
15242,60,4,2131.689613050788,3,2,3,8,Potential Loyalists
15243,65,4,1573.9418819689658,3,2,2,7,Potential Loyalists
15244,70,14,7884.337881478705,3,5,5,13,Champions
15245,83,5,2536.4832845617866,2,3,3,8,Potential Loyalists
15246,173,3,1038.5824805179966,1,1,1,3,Lost
15247,116,4,1978.3627172448068,2,2,2,6,At Risk
15248,73,10,5134.396560373706,3,5,5,13,Champions
15249,11,5,1239.9668208388475,5,3,1,9,Potential Loyalists
15250,26,7,5002.835125908627,4,5,5,14,Champions
15251,217,2,1238.0168820348847,1,1,1,3,Lost
15252,26,7,4359.191554379631,4,5,5,14,Champions
15253,191,5,3330.078612959198,1,3,4,8,Potential Loyalists
15254,326,3,2306.572732464663,1,1,3,5,At Risk
15255,155,7,2692.581606358144,1,5,3,9,Potential Loyalists
15256,16,9,4026.917555660869,5,5,5,15,Champions
15257,122,5,3166.5894319352938,2,3,4,9,Potential Loyalists
15258,92,7,2978.476077406593,2,5,4,11,Loyal Customers
15259,81,7,3634.650610151064,2,5,5,12,Loyal Customers
15260,183,5,1895.772075504201,1,3,2,6,At Risk
15261,51,4,1566.8080235949535,3,2,2,7,Potential Loyalists
15262,23,5,2412.6083887433037,4,3,3,10,Loyal Customers
15263,23,4,1436.2605471723646,4,2,2,8,Potential Loyalists
15264,61,3,1620.4721817207692,3,1,2,6,At Risk
15265,7,7,4959.035833081859,5,5,5,15,Champions
15266,1,4,2251.11520048022,5,2,3,10,Loyal Customers
15267,160,4,2144.2096517422187,1,2,3,6,At Risk
15268,30,3,1786.7328965175343,4,1,2,7,Potential Loyalists
15269,220,3,1279.4794799275462,1,1,1,3,Lost
15270,3,7,4452.950519054056,5,5,5,15,Champions
15271,55,4,2224.9367644082827,3,2,3,8,Potential Loyalists
15272,41,5,2160.786306542393,4,3,3,10,Loyal Customers
15273,74,3,2312.51639322754,3,1,3,7,Potential Loyalists
15274,41,5,3461.655597080321,4,3,4,11,Loyal Customers
15275,209,3,1816.175855153024,1,1,2,4,At Risk
15276,60,4,2081.417714346121,3,2,2,7,Potential Loyalists
15277,45,6,1724.103534511927,3,4,2,9,Potential Loyalists
15278,34,4,1473.0621204514098,4,2,2,8,Potential Loyalists
15279,130,5,1766.7048080279556,2,3,2,7,Potential Loyalists
15280,139,7,2996.4746076827464,1,5,4,10,Loyal Customers
15281,179,4,1950.239417190911,1,2,2,5,At Risk
15282,2,6,2333.158120510152,5,4,3,12,Loyal Customers
15283,89,4,1775.7071110707643,2,2,2,6,At Risk
15284,87,8,3632.1707800455374,2,5,5,12,Loyal Customers
15285,97,4,1952.551950846616,2,2,2,6,At Risk
15286,46,4,2295.03236991648,3,2,3,8,Potential Loyalists
15287,82,4,1474.7008128593602,2,2,2,6,At Risk
15288,4,7,2859.5218252542004,5,5,4,14,Champions
15289,97,4,1098.4736431752588,2,2,1,5,At Risk
15290,23,10,4627.66232553219,4,5,5,14,Champions
15291,163,3,622.6582342172065,1,1,1,3,Lost
15292,77,7,2805.190563711389,2,5,4,11,Loyal Customers
15293,87,5,2402.2490793163406,2,3,3,8,Potential Loyalists
15294,35,7,4514.758088526179,4,5,5,14,Champions
15295,132,3,598.4598753934854,2,1,1,4,At Risk
15296,71,4,1774.7809701978783,3,2,2,7,Potential Loyalists
15297,41,3,1309.6930623421665,4,1,1,6,At Risk
15298,326,3,845.8339002617274,1,1,1,3,Lost
15299,12,6,3955.631466234013,5,4,5,14,Champions
15300,75,4,2016.3774259333231,3,2,2,7,Potential Loyalists
15301,42,4,2352.3092503334105,4,2,3,9,Potential Loyalists
15302,13,8,2904.2918493817133,5,5,4,14,Champions
15303,27,5,1438.396704055657,4,3,2,9,Potential Loyalists
15304,76,7,3562.535437375559,3,5,5,13,Champions
15305,61,3,1702.1913580189878,3,1,2,6,At Risk
15306,94,7,3490.1875496550592,2,5,4,11,Loyal Customers
15307,182,3,1642.3161535507184,1,1,2,4,At Risk
15308,20,7,3967.650700378681,4,5,5,14,Champions
15309,106,5,2173.8250546259915,2,3,3,8,Potential Loyalists
15310,19,3,1128.4836946537075,5,1,1,7,Potential Loyalists
15311,72,10,5294.5330215770455,3,5,5,13,Champions
15312,74,10,4086.979542748515,3,5,5,13,Champions
15313,198,2,816.3574629103055,1,1,1,3,Lost
15314,4,3,886.7794540600943,5,1,1,7,Potential Loyalists
15315,111,3,1618.416088766061,2,1,2,5,At Risk
15316,118,8,4377.753796218581,2,5,5,12,Loyal Customers
15317,27,7,3620.39533721166,4,5,5,14,Champions
15318,172,3,1390.911345035696,1,1,1,3,Lost
15319,86,7,2914.806889273727,2,5,4,11,Loyal Customers
15320,92,8,3607.138691782021,2,5,5,12,Loyal Customers
15321,14,3,749.0922123409973,5,1,1,7,Potential Loyalists
15322,61,3,1900.0166648317004,3,1,2,6,At Risk
15323,130,6,3068.8562685054994,2,4,4,10,Loyal Customers
15324,187,3,882.3545834720385,1,1,1,3,Lost
15325,76,5,2821.725861478837,3,3,4,10,Loyal Customers
15326,59,3,1649.460512885336,3,1,2,6,At Risk
15327,17,4,1609.083536543218,5,2,2,9,Potential Loyalists
15328,10,9,6080.669425507246,5,5,5,15,Champions
15329,204,4,2462.122158391291,1,2,3,6,At Risk
15330,88,2,1578.8206987796175,2,1,2,5,At Risk
15331,16,4,1871.6570889322709,5,2,2,9,Potential Loyalists
15332,6,4,2343.256743337921,5,2,3,10,Loyal Customers
15333,191,5,2318.33618808626,1,3,3,7,Potential Loyalists
15334,18,4,2455.697457063324,5,2,3,10,Loyal Customers
15335,15,7,3056.3069476672367,5,5,4,14,Champions
15336,53,6,2570.258774125672,3,4,3,10,Loyal Customers
15337,46,5,3083.3613674931803,3,3,4,10,Loyal Customers
15338,21,3,1323.0185845782814,4,1,1,6,At Risk
15339,54,8,5126.640887385869,3,5,5,13,Champions
15340,46,3,2714.781193715992,3,1,3,7,Potential Loyalists
15341,148,7,3916.690604609165,1,5,5,11,Loyal Customers
15342,198,4,1980.335962583627,1,2,2,5,At Risk
15343,109,3,1783.6728798073957,2,1,2,5,At Risk
15344,56,3,953.9012657891031,3,1,1,5,At Risk
15345,33,4,1700.7253415653497,4,2,2,8,Potential Loyalists
15346,241,2,698.5064901739426,1,1,1,3,Lost
15347,65,4,2074.518128419912,3,2,2,7,Potential Loyalists
15348,12,9,5055.373260757208,5,5,5,15,Champions
15349,140,4,1402.7597845346215,1,2,1,4,At Risk
15350,4,7,3435.1994156839164,5,5,4,14,Champions
15351,5,6,2428.147839415685,5,4,3,12,Loyal Customers
15352,5,9,4805.533680525442,5,5,5,15,Champions
15353,48,5,2084.0375189630777,3,3,2,8,Potential Loyalists
15354,8,6,2135.2083650522327,5,4,3,12,Loyal Customers
15355,2,2,929.5196806214352,5,1,1,7,Potential Loyalists
15356,6,5,3576.026587936456,5,3,5,13,Champions
15357,76,6,3085.602024263513,3,4,4,11,Loyal Customers
15358,44,7,5278.035052651712,3,5,5,13,Champions
15359,168,5,1726.1256914696814,1,3,2,6,At Risk
15360,259,1,549.8896390050918,1,1,1,3,Lost
15361,146,3,1521.3186222731167,1,1,2,4,At Risk
15362,178,5,2667.179394219258,1,3,3,7,Potential Loyalists
15363,1,9,3196.116711067575,5,5,4,14,Champions
15364,56,9,3593.781951827616,3,5,5,13,Champions
15365,3,4,2342.0028112033574,5,2,3,10,Loyal Customers
15366,136,3,1195.9413390495056,1,1,1,3,Lost
15367,66,6,2364.3911041257743,3,4,3,10,Loyal Customers
15368,4,5,1356.3004781372642,5,3,1,9,Potential Loyalists
15369,32,5,2322.2934846159355,4,3,3,10,Loyal Customers
15370,170,1,106.04326567452608,1,1,1,3,Lost
15371,140,7,3401.12656751666,1,5,4,10,Loyal Customers
15372,107,5,2582.316587643488,2,3,3,8,Potential Loyalists
15373,25,5,1852.0901641089092,4,3,2,9,Potential Loyalists
15374,24,6,1439.248772745746,4,4,2,10,Loyal Customers
15375,20,7,3271.080352708008,4,5,4,13,Champions
15376,97,6,3092.3238042348994,2,4,4,10,Loyal Customers
15377,252,2,656.9328328856005,1,1,1,3,Lost
15378,200,3,1468.905651823717,1,1,2,4,At Risk
15379,21,10,4949.723698339009,4,5,5,14,Champions
15380,65,4,2833.9559687279057,3,2,4,9,Potential Loyalists
15381,2,5,2726.132052028021,5,3,3,11,Loyal Customers
15382,150,4,2259.33878151383,1,2,3,6,At Risk
15383,110,1,758.5801870626186,2,1,1,4,At Risk
15384,111,7,3860.789313102119,2,5,5,12,Loyal Customers
15385,101,3,2090.7893193835503,2,1,3,6,At Risk
15386,60,5,1981.2377433874897,3,3,2,8,Potential Loyalists
15387,148,4,2520.338632306624,1,2,3,6,At Risk
15388,12,7,3668.2510099893584,5,5,5,15,Champions
15389,236,4,2289.3334674819757,1,2,3,6,At Risk
15390,77,6,3189.1580081097622,2,4,4,10,Loyal Customers
15391,186,6,3679.775896934062,1,4,5,10,Loyal Customers
15392,37,4,1355.7375996736866,4,2,1,7,Potential Loyalists
15393,130,4,1500.8320498704363,2,2,2,6,At Risk
15394,43,5,3885.2379495594464,4,3,5,12,Loyal Customers
15395,159,3,1916.227408246293,1,1,2,4,At Risk
15396,218,2,894.7989002908096,1,1,1,3,Lost
15397,47,4,2588.10351377073,3,2,3,8,Potential Loyalists
15398,136,5,1668.7241359802667,1,3,2,6,At Risk
15399,238,4,2424.253752932273,1,2,3,6,At Risk
15400,61,5,2908.309360633883,3,3,4,10,Loyal Customers
15401,112,7,4435.6498290510335,2,5,5,12,Loyal Customers
15402,69,5,2162.09193820019,3,3,3,9,Potential Loyalists
15403,16,7,3508.992539577747,5,5,4,14,Champions
15404,70,5,2407.192493644541,3,3,3,9,Potential Loyalists
15405,50,8,3953.553964026072,3,5,5,13,Champions
15406,24,3,1256.8305699326795,4,1,1,6,At Risk
15407,18,4,2290.439038977792,5,2,3,10,Loyal Customers
15408,3,5,2358.671997377396,5,3,3,11,Loyal Customers
15409,52,10,3686.740672068384,3,5,5,13,Champions
15410,43,8,4136.50339980246,4,5,5,14,Champions
15411,34,3,1915.2770271709192,4,1,2,7,Potential Loyalists
15412,6,4,1026.896640701235,5,2,1,8,Potential Loyalists
15413,22,10,4700.425275301126,4,5,5,14,Champions
15414,15,12,5875.983721694238,5,5,5,15,Champions
15415,156,3,695.286225491752,1,1,1,3,Lost
15416,21,7,4173.573818100943,4,5,5,14,Champions
15417,73,4,1213.378618550441,3,2,1,6,At Risk
15418,30,5,2772.452859364684,4,3,4,11,Loyal Customers
15419,48,5,1449.0076809981665,3,3,2,8,Potential Loyalists
15420,35,8,4783.893182805787,4,5,5,14,Champions
15421,30,6,3921.08644982324,4,4,5,13,Champions
15422,309,2,1015.8583879256848,1,1,1,3,Lost
15423,136,3,1342.9443392373732,1,1,1,3,Lost
15424,19,9,5309.771068930779,5,5,5,15,Champions
15425,17,4,915.4270453152428,5,2,1,8,Potential Loyalists
15426,29,3,1991.372576284508,4,1,2,7,Potential Loyalists
15427,56,4,3230.7820420907137,3,2,4,9,Potential Loyalists
15428,28,6,1925.0959584255568,4,4,2,10,Loyal Customers
15429,208,3,1470.9971689653853,1,1,2,4,At Risk
15430,130,8,3701.147508383339,2,5,5,12,Loyal Customers
15431,14,9,3348.632320812242,5,5,4,14,Champions
15432,88,5,3446.151743826644,2,3,4,9,Potential Loyalists
15433,62,6,3090.187908909971,3,4,4,11,Loyal Customers
15434,114,5,2404.1969958277527,2,3,3,8,Potential Loyalists
15435,110,6,2870.561188766275,2,4,4,10,Loyal Customers
15436,41,9,5406.998766387459,4,5,5,14,Champions
15437,66,2,398.17862617933815,3,1,1,5,At Risk
15438,214,4,2683.1535922158896,1,2,3,6,At Risk
15439,200,2,1348.632568590162,1,1,1,3,Lost
15440,47,8,3528.608525333415,3,5,4,12,Loyal Customers
15441,37,7,2911.7682521291904,4,5,4,13,Champions
15442,166,6,2725.1380439505865,1,4,3,8,Potential Loyalists
15443,15,10,4460.850927616318,5,5,5,15,Champions
15444,23,9,5714.170695342805,4,5,5,14,Champions
15445,117,7,3758.59466722948,2,5,5,12,Loyal Customers
15446,23,8,4275.534083690332,4,5,5,14,Champions
15447,13,6,3076.0035607295545,5,4,4,13,Champions
15448,18,7,3834.382814234205,5,5,5,15,Champions
15449,5,6,3319.976985595464,5,4,4,13,Champions
15450,52,4,2257.274577795109,3,2,3,8,Potential Loyalists
15451,3,9,4431.242756009331,5,5,5,15,Champions
15452,24,2,625.7538888319199,4,1,1,6,At Risk
15453,9,8,3908.4385044300375,5,5,5,15,Champions
15454,149,1,569.6685977605387,1,1,1,3,Lost
15455,84,5,2260.159249805427,2,3,3,8,Potential Loyalists
15456,174,5,2133.821960390521,1,3,3,7,Potential Loyalists
15457,178,2,1560.2803132480085,1,1,2,4,At Risk
15458,83,4,2124.3681469932885,2,2,3,7,Potential Loyalists
15459,17,6,2086.87778581454,5,4,3,12,Loyal Customers
15460,13,3,1278.805202809097,5,1,1,7,Potential Loyalists
15461,2,3,2010.9784894977097,5,1,2,8,Potential Loyalists
15462,39,5,2339.5402742060437,4,3,3,10,Loyal Customers
15463,33,3,1427.772626535471,4,1,2,7,Potential Loyalists
15464,20,6,3780.14767841951,4,4,5,13,Champions
15465,84,2,233.5860260406177,2,1,1,4,At Risk
15466,53,6,2327.577052512115,3,4,3,10,Loyal Customers
15468,28,6,3422.0965311467685,4,4,4,12,Loyal Customers
15469,123,8,4646.615483436185,2,5,5,12,Loyal Customers
15470,9,3,887.6538041748719,5,1,1,7,Potential Loyalists
15471,54,2,461.3448123325928,3,1,1,5,At Risk
15472,29,4,1697.0498233450498,4,2,2,8,Potential Loyalists
15473,3,3,1274.1270978611756,5,1,1,7,Potential Loyalists
15474,162,6,3637.340360243388,1,4,5,10,Loyal Customers
15475,136,4,1827.0280459156904,1,2,2,5,At Risk
15476,93,5,2686.402062196393,2,3,3,8,Potential Loyalists
15477,10,4,1951.9181563977052,5,2,2,9,Potential Loyalists
15478,111,2,1001.0896934756332,2,1,1,4,At Risk
15479,19,3,1687.2951516352823,5,1,2,8,Potential Loyalists
15480,3,8,3794.540576055747,5,5,5,15,Champions
15481,92,5,3081.248701251209,2,3,4,9,Potential Loyalists
15482,16,5,3548.189924536536,5,3,5,13,Champions
15483,50,4,2175.083128871838,3,2,3,8,Potential Loyalists
15484,100,3,2242.6124221379027,2,1,3,6,At Risk
15485,37,4,2267.784582477609,4,2,3,9,Potential Loyalists
15486,186,3,1367.5076176217758,1,1,1,3,Lost
15487,110,4,2491.289403668525,2,2,3,7,Potential Loyalists
15488,12,7,1539.9937203686536,5,5,2,12,Loyal Customers
15489,42,2,1342.363247978049,4,1,1,6,At Risk
15490,9,7,3671.972741338311,5,5,5,15,Champions
15491,25,7,3479.3762050477494,4,5,4,13,Champions
15492,92,7,4088.855453007934,2,5,5,12,Loyal Customers
15493,7,8,4294.602677801517,5,5,5,15,Champions
15494,78,5,3531.5699234479343,2,3,4,9,Potential Loyalists
15495,33,8,2798.8281024939047,4,5,4,13,Champions
15496,221,3,1760.517366041912,1,1,2,4,At Risk
15497,4,6,2445.6991850309464,5,4,3,12,Loyal Customers
15498,71,6,2022.147028801745,3,4,2,9,Potential Loyalists
15499,160,4,2055.9021527342898,1,2,2,5,At Risk
15500,145,6,2045.7179776192825,1,4,2,7,Potential Loyalists
15501,373,2,1495.9502285048502,1,1,2,4,At Risk
15502,67,2,1532.6208772700495,3,1,2,6,At Risk
15503,58,7,3466.572249580552,3,5,4,12,Loyal Customers
15504,12,2,863.7809522894465,5,1,1,7,Potential Loyalists
15505,184,3,1292.457807491642,1,1,1,3,Lost
15506,18,5,1914.7637674707703,5,3,2,10,Loyal Customers
15507,50,6,3468.130607452533,3,4,4,11,Loyal Customers
15508,18,7,2030.8356460570228,5,5,2,12,Loyal Customers
15509,30,5,2316.0010904849323,4,3,3,10,Loyal Customers
15510,40,4,1595.2958064249867,4,2,2,8,Potential Loyalists
15511,6,6,2189.862257759958,5,4,3,12,Loyal Customers
15512,166,1,56.78665419357917,1,1,1,3,Lost
15513,64,4,2013.4625589747816,3,2,2,7,Potential Loyalists
15514,116,4,1186.671137571432,2,2,1,5,At Risk
15515,267,3,2053.173567621431,1,1,2,4,At Risk
15516,123,5,3234.9908741237705,2,3,4,9,Potential Loyalists
15517,148,4,1836.354509893981,1,2,2,5,At Risk
15518,75,3,2293.990267082735,3,1,3,7,Potential Loyalists
15519,34,8,4246.418909002972,4,5,5,14,Champions
15520,178,4,1769.0697230288297,1,2,2,5,At Risk
15521,11,6,3257.96135394424,5,4,4,13,Champions
15522,48,8,4730.633629625096,3,5,5,13,Champions
15523,6,3,1852.5077246905669,5,1,2,8,Potential Loyalists
15524,85,4,1391.5367243022283,2,2,1,5,At Risk
15525,156,5,3926.537660709132,1,3,5,9,Potential Loyalists
15526,219,3,1613.214164609739,1,1,2,4,At Risk
15527,63,5,2991.028539558437,3,3,4,10,Loyal Customers
15528,109,4,2715.8058338676747,2,2,3,7,Potential Loyalists
15529,13,3,1697.3002910080868,5,1,2,8,Potential Loyalists
15530,91,6,2108.973544409675,2,4,3,9,Potential Loyalists
15531,15,9,5241.620168639562,5,5,5,15,Champions
15532,69,3,2581.2536571393803,3,1,3,7,Potential Loyalists
15533,116,2,1501.383548600493,2,1,2,5,At Risk
15534,97,2,1016.2641552216072,2,1,1,4,At Risk
15535,4,6,3172.4683262693434,5,4,4,13,Champions
15536,43,4,1760.749306709169,4,2,2,8,Potential Loyalists
15537,107,3,1306.312976881747,2,1,1,4,At Risk
15538,95,3,1762.278052713575,2,1,2,5,At Risk
15539,12,7,3633.364911444896,5,5,5,15,Champions
15540,8,6,2521.303354074173,5,4,3,12,Loyal Customers
15541,78,4,2678.2136027587585,2,2,3,7,Potential Loyalists
15542,129,5,2024.4469844812315,2,3,2,7,Potential Loyalists
15543,10,4,1352.2476837922704,5,2,1,8,Potential Loyalists
15544,54,10,4095.749542811862,3,5,5,13,Champions
15545,206,3,760.7583207038169,1,1,1,3,Lost
15546,11,5,2243.966188013011,5,3,3,11,Loyal Customers
15547,4,9,4040.773836619872,5,5,5,15,Champions
15548,96,3,1069.2584033066005,2,1,1,4,At Risk
15549,131,4,2409.2238171209137,2,2,3,7,Potential Loyalists
15550,342,2,929.6870500736004,1,1,1,3,Lost
15551,34,5,2787.862344077892,4,3,4,11,Loyal Customers
15552,90,3,274.63646741480164,2,1,1,4,At Risk
15553,48,6,3402.882671940161,3,4,4,11,Loyal Customers
15554,10,5,1747.4769553687252,5,3,2,10,Loyal Customers
15555,47,4,1837.6714100460997,3,2,2,7,Potential Loyalists
15556,13,5,3370.353909247383,5,3,4,12,Loyal Customers
15557,49,5,2815.7253762775927,3,3,4,10,Loyal Customers
15558,66,4,2864.57004412941,3,2,4,9,Potential Loyalists
15559,57,6,1482.797259639587,3,4,2,9,Potential Loyalists
15560,19,8,4669.93387169622,5,5,5,15,Champions
15561,2,9,3632.6776129432783,5,5,5,15,Champions
15562,105,5,1924.968627035736,2,3,2,7,Potential Loyalists
15563,96,7,2171.0944986123386,2,5,3,10,Loyal Customers
15564,20,3,563.3898719253966,4,1,1,6,At Risk
15565,39,2,1003.5367008527726,4,1,1,6,At Risk
15566,61,10,4316.623341385116,3,5,5,13,Champions
15567,17,9,4645.792752433767,5,5,5,15,Champions
15568,308,2,957.1771278447565,1,1,1,3,Lost
15569,7,4,1728.5102474005132,5,2,2,9,Potential Loyalists
15570,101,4,1335.7049695923547,2,2,1,5,At Risk
15571,174,5,2880.9753199043303,1,3,4,8,Potential Loyalists
15572,62,4,1366.9670115928486,3,2,1,6,At Risk
15574,176,3,696.023805602907,1,1,1,3,Lost
15575,75,4,1410.02534041347,3,2,1,6,At Risk
15576,147,8,4472.744840999153,1,5,5,11,Loyal Customers
15577,84,1,312.3432690975752,2,1,1,4,At Risk
15578,118,6,3145.189687237717,2,4,4,10,Loyal Customers
15579,134,8,4846.814015130152,1,5,5,11,Loyal Customers
15580,17,4,733.1849704684664,5,2,1,8,Potential Loyalists
15581,64,3,2444.274765678188,3,1,3,7,Potential Loyalists
15582,15,6,4124.979799647032,5,4,5,14,Champions
15583,102,6,3859.173815029337,2,4,5,11,Loyal Customers
15584,66,2,102.38405176925473,3,1,1,5,At Risk
15585,121,3,1351.3391642134814,2,1,1,4,At Risk
15586,33,8,3473.083919234008,4,5,4,13,Champions
15587,10,4,1913.8375277991076,5,2,2,9,Potential Loyalists
15588,55,8,3667.199897351525,3,5,5,13,Champions
15589,9,12,6516.192104838982,5,5,5,15,Champions
15590,38,2,1401.676289733256,4,1,1,6,At Risk
15591,181,4,1676.7376430148431,1,2,2,5,At Risk
15592,64,5,3022.797994874178,3,3,4,10,Loyal Customers
15593,53,6,3318.4754459473274,3,4,4,11,Loyal Customers
15594,14,4,1460.94037308097,5,2,2,9,Potential Loyalists
15595,5,8,3599.5906981679127,5,5,5,15,Champions
15596,22,4,2412.8360455854854,4,2,3,9,Potential Loyalists
15597,31,5,2815.5523930270447,4,3,4,11,Loyal Customers
15598,15,3,2304.404721026238,5,1,3,9,Potential Loyalists
15600,62,12,6143.843916565297,3,5,5,13,Champions
15601,4,7,4065.431744519632,5,5,5,15,Champions
15602,79,4,2104.663597137041,2,2,3,7,Potential Loyalists
15603,53,4,1598.6429970319589,3,2,2,7,Potential Loyalists
15604,116,3,1011.0639139626628,2,1,1,4,At Risk
15605,68,4,3421.47347180281,3,2,4,9,Potential Loyalists
15606,65,9,5617.981442219215,3,5,5,13,Champions
15607,8,12,6006.546031396845,5,5,5,15,Champions
15608,52,5,2277.1953693120417,3,3,3,9,Potential Loyalists
15609,132,2,964.2342022012735,2,1,1,4,At Risk
15610,5,5,2678.224753391064,5,3,3,11,Loyal Customers
15612,29,7,3334.983658552765,4,5,4,13,Champions
15613,137,7,3767.7842501881287,1,5,5,11,Loyal Customers
15614,10,10,4771.307431924404,5,5,5,15,Champions
15615,127,4,1322.324222083288,2,2,1,5,At Risk
15616,12,10,4415.207059213325,5,5,5,15,Champions
15617,136,5,2232.9869005354176,1,3,3,7,Potential Loyalists
15618,1,4,2671.095815954638,5,2,3,10,Loyal Customers
15619,83,7,3916.9876970755217,2,5,5,12,Loyal Customers
15620,10,4,2520.185179967363,5,2,3,10,Loyal Customers
15621,232,4,2809.923837218583,1,2,4,7,Potential Loyalists
15622,43,3,2256.466911557855,4,1,3,8,Potential Loyalists
15623,47,9,4484.055901719481,3,5,5,13,Champions
15624,176,6,2863.676269124863,1,4,4,9,Potential Loyalists
15625,193,5,2706.0857416681533,1,3,3,7,Potential Loyalists
15626,102,4,2175.8626267340205,2,2,3,7,Potential Loyalists
15627,61,6,3460.678914009285,3,4,4,11,Loyal Customers
15628,119,2,865.6586962247053,2,1,1,4,At Risk
15629,70,8,3757.973927830931,3,5,5,13,Champions
15630,26,7,3715.91403046259,4,5,5,14,Champions
15631,7,7,3891.454650817367,5,5,5,15,Champions
15632,24,3,2321.566796879336,4,1,3,8,Potential Loyalists
15633,132,6,3498.714578807436,2,4,4,10,Loyal Customers
15634,11,6,2460.187146036652,5,4,3,12,Loyal Customers
15635,81,7,3770.880746373648,2,5,5,12,Loyal Customers
15636,27,6,4097.141534287055,4,4,5,13,Champions
15637,137,4,905.13917620192,1,2,1,4,At Risk
15638,10,5,3342.8215299295334,5,3,4,12,Loyal Customers
15639,104,2,675.8021724270408,2,1,1,4,At Risk
15640,49,5,1286.2905227434624,3,3,1,7,Potential Loyalists
15641,151,3,1177.0958086364983,1,1,1,3,Lost
15642,42,5,3591.1019963147264,4,3,5,12,Loyal Customers
15643,36,6,2927.9584309537227,4,4,4,12,Loyal Customers
15644,36,7,2355.699403024434,4,5,3,12,Loyal Customers
15645,30,8,1954.4914694783645,4,5,2,11,Loyal Customers
15646,46,9,5139.4294089058585,3,5,5,13,Champions
15647,60,4,2841.2520246649283,3,2,4,9,Potential Loyalists
15648,24,6,2841.6137934113267,4,4,4,12,Loyal Customers
15649,124,6,2626.108763946516,2,4,3,9,Potential Loyalists
15650,17,5,1841.9651919765683,5,3,2,10,Loyal Customers
15651,42,3,1278.9604976706798,4,1,1,6,At Risk
15652,11,6,3284.9271997942697,5,4,4,13,Champions
15653,61,3,1506.42732382479,3,1,2,6,At Risk
15654,101,2,841.256555528639,2,1,1,4,At Risk
15655,345,2,590.0202122246943,1,1,1,3,Lost
15656,101,3,2558.658052608084,2,1,3,6,At Risk
15657,18,5,3110.9837504495385,5,3,4,12,Loyal Customers
15659,36,2,697.6259072810012,4,1,1,6,At Risk
15660,36,8,4451.193483244389,4,5,5,14,Champions
15661,60,8,4473.456495129904,3,5,5,13,Champions
15662,35,4,1792.0969636462617,4,2,2,8,Potential Loyalists
15663,50,1,871.8074371770857,3,1,1,5,At Risk
15664,22,4,2005.491005428965,4,2,2,8,Potential Loyalists
15665,84,5,3792.1437807456487,2,3,5,10,Loyal Customers
15666,57,4,2350.465624192339,3,2,3,8,Potential Loyalists
15667,84,7,3567.8053488589394,2,5,5,12,Loyal Customers
15668,313,2,1365.143423900102,1,1,1,3,Lost
15669,21,6,2206.0615880785053,4,4,3,11,Loyal Customers
15670,70,5,2668.500897951861,3,3,3,9,Potential Loyalists
15671,78,8,4449.701136576149,2,5,5,12,Loyal Customers
15672,191,5,2969.602396935982,1,3,4,8,Potential Loyalists
15673,29,7,4435.489113317077,4,5,5,14,Champions
15674,89,3,1217.6894454330093,2,1,1,4,At Risk
15675,13,9,3521.0764754817324,5,5,4,14,Champions
15676,40,7,3488.5984518072564,4,5,4,13,Champions
15677,186,2,829.9830109498489,1,1,1,3,Lost
15678,119,4,1794.8288686827284,2,2,2,6,At Risk
15679,14,6,2989.7829763836053,5,4,4,13,Champions
15680,41,5,2745.8357872308206,4,3,4,11,Loyal Customers
15681,28,5,3161.372464482116,4,3,4,11,Loyal Customers
15682,5,10,5349.836196956681,5,5,5,15,Champions
15683,50,6,3584.049101745962,3,4,5,12,Loyal Customers
15684,271,1,126.0838968709812,1,1,1,3,Lost
15685,38,9,4705.8936859441765,4,5,5,14,Champions
15686,68,3,2003.155514539288,3,1,2,6,At Risk
15687,13,4,1864.823020465899,5,2,2,9,Potential Loyalists
15688,24,2,774.3999380900362,4,1,1,6,At Risk
15689,32,4,2460.9060984003827,4,2,3,9,Potential Loyalists
15690,257,5,2641.2050809246093,1,3,3,7,Potential Loyalists
15691,88,10,6025.892571542322,2,5,5,12,Loyal Customers
15692,33,9,3394.832569533596,4,5,4,13,Champions
15693,32,3,849.5899706354819,4,1,1,6,At Risk
15694,31,5,2757.403875078349,4,3,4,11,Loyal Customers
15695,21,5,2559.867157728764,4,3,3,10,Loyal Customers
15696,113,6,3070.174553377216,2,4,4,10,Loyal Customers
15697,53,8,4991.22094107285,3,5,5,13,Champions
15698,23,5,3451.0320799216497,4,3,4,11,Loyal Customers
15699,23,6,3566.9235041070624,4,4,5,13,Champions
15700,37,6,1833.0602665859287,4,4,2,10,Loyal Customers
15701,22,13,6408.167117173448,4,5,5,14,Champions
15702,211,4,2323.2118589748,1,2,3,6,At Risk
15703,15,2,955.1645817219724,5,1,1,7,Potential Loyalists
15704,63,1,116.90778895777518,3,1,1,5,At Risk
15705,24,7,4028.377611756287,4,5,5,14,Champions
15706,76,3,1633.049464052578,3,1,2,6,At Risk
15707,177,3,1269.8797648936911,1,1,1,3,Lost
15708,51,3,1242.4868265379728,3,1,1,5,At Risk
15709,55,6,3936.060416547734,3,4,5,12,Loyal Customers
15710,44,4,1756.7038543063338,3,2,2,7,Potential Loyalists
15711,74,7,2060.4372973758173,3,5,2,10,Loyal Customers
15712,30,1,622.3493567613087,4,1,1,6,At Risk
15713,91,2,1128.762656987527,2,1,1,4,At Risk
15714,125,8,5381.2910795842445,2,5,5,12,Loyal Customers
15715,4,4,1730.4716127202698,5,2,2,9,Potential Loyalists
15716,298,3,1513.8394258062142,1,1,2,4,At Risk
15717,63,3,1786.1119079542889,3,1,2,6,At Risk
15718,115,7,4617.443820615124,2,5,5,12,Loyal Customers
15719,9,5,1961.8920757852327,5,3,2,10,Loyal Customers
15720,12,3,1851.1421325408544,5,1,2,8,Potential Loyalists
15721,113,7,4094.02049987314,2,5,5,12,Loyal Customers
15722,28,3,1399.962956713428,4,1,1,6,At Risk
15723,92,7,3156.7683358813683,2,5,4,11,Loyal Customers
15724,28,5,2421.3917368990624,4,3,3,10,Loyal Customers
15725,135,5,1946.115476446689,1,3,2,6,At Risk
15726,33,7,4231.694023212099,4,5,5,14,Champions
15727,188,5,2795.335313074036,1,3,4,8,Potential Loyalists
15728,31,6,2945.0561755852245,4,4,4,12,Loyal Customers
15729,71,3,1420.5622349773262,3,1,2,6,At Risk
15730,77,5,3819.712543364624,2,3,5,10,Loyal Customers
15731,47,8,3690.647964417441,3,5,5,13,Champions
15732,68,5,1953.9345634194283,3,3,2,8,Potential Loyalists
15733,105,3,557.2351995257762,2,1,1,4,At Risk
15734,4,3,668.1298275423435,5,1,1,7,Potential Loyalists
15735,123,4,2256.166621831577,2,2,3,7,Potential Loyalists
15736,49,4,2817.5375230120794,3,2,4,9,Potential Loyalists
15737,11,7,4004.8764454657457,5,5,5,15,Champions
15738,2,8,4074.7921499563104,5,5,5,15,Champions
15739,10,6,3296.1401705646795,5,4,4,13,Champions
15740,41,4,1920.1577493454888,4,2,2,8,Potential Loyalists
15741,285,4,1876.6298497578243,1,2,2,5,At Risk
15742,80,3,1565.052278075946,2,1,2,5,At Risk
15743,108,3,1299.8761007633136,2,1,1,4,At Risk
15744,31,6,2316.3262075136363,4,4,3,11,Loyal Customers
15745,215,3,1578.0897392277102,1,1,2,4,At Risk
15746,163,7,4514.523100534751,1,5,5,11,Loyal Customers
15747,152,2,760.9480951814526,1,1,1,3,Lost
15748,226,4,1779.0854016520984,1,2,2,5,At Risk
15749,95,3,1712.2230676093568,2,1,2,5,At Risk
15750,149,3,1405.552171064217,1,1,1,3,Lost
15751,198,3,1878.1989542756933,1,1,2,4,At Risk
15752,239,2,1053.889030811016,1,1,1,3,Lost
15753,49,5,2448.105571687943,3,3,3,9,Potential Loyalists
15754,207,4,810.4499688466806,1,2,1,4,At Risk
15755,203,2,771.3381705948401,1,1,1,3,Lost
15756,9,5,2076.940554912828,5,3,2,10,Loyal Customers
15757,143,4,2612.0093345137398,1,2,3,6,At Risk
15758,126,3,2179.3287454987017,2,1,3,6,At Risk
15759,52,6,2236.5701535379144,3,4,3,10,Loyal Customers
15760,107,6,3294.6270039133838,2,4,4,10,Loyal Customers
15761,27,8,4167.485098445434,4,5,5,14,Champions
15762,95,3,1626.003432772457,2,1,2,5,At Risk
15763,329,1,793.6702774973309,1,1,1,3,Lost
15764,88,1,63.466393859564185,2,1,1,4,At Risk
15765,79,7,2105.569750593634,2,5,3,10,Loyal Customers
15766,44,8,3305.780410793296,3,5,4,12,Loyal Customers
15767,197,5,3123.664963410365,1,3,4,8,Potential Loyalists
15768,13,5,1699.1007516295904,5,3,2,10,Loyal Customers
15769,19,6,4699.378505406111,5,4,5,14,Champions
15770,108,4,1634.5945815022928,2,2,2,6,At Risk
15772,257,2,912.1837420037044,1,1,1,3,Lost
15773,207,4,2118.9189205728817,1,2,3,6,At Risk
15774,70,6,4072.7907022911054,3,4,5,12,Loyal Customers
15775,3,6,2840.2566598426174,5,4,4,13,Champions
15776,19,5,2385.448974549572,5,3,3,11,Loyal Customers
15777,31,6,3151.078680777008,4,4,4,12,Loyal Customers
15778,8,6,2192.699611066472,5,4,3,12,Loyal Customers
15779,90,3,1758.021916151283,2,1,2,5,At Risk
15780,64,4,2033.2768354063223,3,2,2,7,Potential Loyalists
15781,86,5,3126.8498521833308,2,3,4,9,Potential Loyalists
15782,81,7,2657.25555450249,2,5,3,10,Loyal Customers
15783,29,5,3520.5208885095003,4,3,4,11,Loyal Customers
15784,29,8,3364.168933264579,4,5,4,13,Champions
15785,51,5,3701.028270812844,3,3,5,11,Loyal Customers
15786,120,8,3225.5798825934708,2,5,4,11,Loyal Customers
15787,9,8,4032.4973515812367,5,5,5,15,Champions
15788,74,1,334.87553179944547,3,1,1,5,At Risk
15789,28,3,1492.9486122611595,4,1,2,7,Potential Loyalists
15790,68,7,4129.113128977071,3,5,5,13,Champions
15791,89,5,1827.0737835504424,2,3,2,7,Potential Loyalists
15792,38,5,2642.603667363528,4,3,3,10,Loyal Customers
15793,54,4,1486.8369299957371,3,2,2,7,Potential Loyalists
15794,187,1,335.9473114584678,1,1,1,3,Lost
15795,27,6,3227.2542982356767,4,4,4,12,Loyal Customers
15796,54,3,972.2660705974516,3,1,1,5,At Risk
15797,91,4,2779.7456599544776,2,2,4,8,Potential Loyalists
15798,113,6,2785.3354792516475,2,4,4,10,Loyal Customers
15799,6,5,3234.2965881576347,5,3,4,12,Loyal Customers
15800,39,3,1024.339937072467,4,1,1,6,At Risk
15801,86,3,1593.154101188144,2,1,2,5,At Risk
15802,126,6,3410.4816978509634,2,4,4,10,Loyal Customers
15803,37,3,618.8649158806733,4,1,1,6,At Risk
15804,141,3,1935.2692437627236,1,1,2,4,At Risk
15805,21,7,4783.0992142469895,4,5,5,14,Champions
15806,143,4,1592.0061360868394,1,2,2,5,At Risk
15807,82,6,2270.4634763688905,2,4,3,9,Potential Loyalists
15808,114,6,3367.582600995456,2,4,4,10,Loyal Customers
15809,86,3,2706.938994683426,2,1,3,6,At Risk
15810,103,5,2804.421652315028,2,3,4,9,Potential Loyalists
15811,174,3,1515.927109759452,1,1,2,4,At Risk
15812,56,4,1539.7441804790278,3,2,2,7,Potential Loyalists
15813,125,3,1863.243362338192,2,1,2,5,At Risk
15814,47,4,2270.988103229972,3,2,3,8,Potential Loyalists
15815,102,1,599.5717687499134,2,1,1,4,At Risk
15816,104,3,1686.265540492701,2,1,2,5,At Risk
15817,92,4,1536.228122098605,2,2,2,6,At Risk
15818,162,7,2929.187931658349,1,5,4,10,Loyal Customers
15819,87,6,2950.880722576172,2,4,4,10,Loyal Customers
15820,6,8,2267.509546220973,5,5,3,13,Champions
15821,153,2,1530.3521399791412,1,1,2,4,At Risk
15822,57,4,1504.9055883403437,3,2,2,7,Potential Loyalists
15823,10,3,2225.415758668402,5,1,3,9,Potential Loyalists
15824,2,4,1825.438621991236,5,2,2,9,Potential Loyalists
15825,2,4,1670.3720134292826,5,2,2,9,Potential Loyalists
15826,107,6,3398.8334421088166,2,4,4,10,Loyal Customers
15827,44,5,2826.931302028648,3,3,4,10,Loyal Customers
15828,65,7,4535.713638652656,3,5,5,13,Champions
15829,134,5,2489.962219605543,1,3,3,7,Potential Loyalists
15830,62,5,2643.8144041823416,3,3,3,9,Potential Loyalists
15831,117,8,4211.863119223227,2,5,5,12,Loyal Customers
15832,11,6,2849.6958800137086,5,4,4,13,Champions
15833,10,4,1660.048460827423,5,2,2,9,Potential Loyalists
15834,226,3,1183.4026032280988,1,1,1,3,Lost
15835,33,7,4356.768280152686,4,5,5,14,Champions
15836,20,5,2062.9887402117165,4,3,2,9,Potential Loyalists
15837,294,1,356.4567002061934,1,1,1,3,Lost
15838,54,4,1903.051957036436,3,2,2,7,Potential Loyalists
15839,77,4,1273.7106612355317,2,2,1,5,At Risk
15840,77,5,3397.8045215353945,2,3,4,9,Potential Loyalists
15841,129,3,1654.388953862225,2,1,2,5,At Risk
15843,17,4,1552.4267272352708,5,2,2,9,Potential Loyalists
15845,24,3,1241.1879566757575,4,1,1,6,At Risk
15846,67,4,2128.52266882843,3,2,3,8,Potential Loyalists
15847,85,2,1440.2108512581765,2,1,2,5,At Risk
15848,220,1,896.5349240489556,1,1,1,3,Lost
15849,5,7,3331.0913273770475,5,5,4,14,Champions
15850,61,7,2254.620846221258,3,5,3,11,Loyal Customers
15851,5,6,3129.030742685626,5,4,4,13,Champions
15852,18,7,3803.623181652583,5,5,5,15,Champions
15853,7,6,2811.9156264565863,5,4,4,13,Champions
15854,157,2,958.2018791672958,1,1,1,3,Lost
15855,34,5,3461.500840559465,4,3,4,11,Loyal Customers
15856,223,4,1839.782503194298,1,2,2,5,At Risk
15857,20,8,3524.5273584341744,4,5,4,13,Champions
15858,6,2,1583.826561803631,5,1,2,8,Potential Loyalists
15859,20,5,2620.098936014044,4,3,3,10,Loyal Customers
15860,51,3,1668.446292990968,3,1,2,6,At Risk
15861,14,5,2636.457891642455,5,3,3,11,Loyal Customers
15862,69,5,3100.802199052727,3,3,4,10,Loyal Customers
15863,191,5,3692.202707867376,1,3,5,9,Potential Loyalists
15864,45,5,1869.4663498624584,3,3,2,8,Potential Loyalists
15865,277,3,1391.6006345548549,1,1,1,3,Lost
15866,400,1,727.527818276288,1,1,1,3,Lost
15867,154,5,2741.1378776803203,1,3,4,8,Potential Loyalists
15868,265,7,5011.3308145478495,1,5,5,11,Loyal Customers
15869,104,7,5287.902655090098,2,5,5,12,Loyal Customers
15870,104,6,2933.529330458417,2,4,4,10,Loyal Customers
15871,164,5,1469.671079457291,1,3,2,6,At Risk
15872,17,5,2813.053149255468,5,3,4,12,Loyal Customers
15873,190,2,418.25483389730914,1,1,1,3,Lost
15874,32,7,3876.540335804936,4,5,5,14,Champions
15875,15,4,1887.323874187177,5,2,2,9,Potential Loyalists
15876,48,2,388.60377668293984,3,1,1,5,At Risk
15877,231,3,1943.0500997052168,1,1,2,4,At Risk
15878,9,6,2490.8036657010525,5,4,3,12,Loyal Customers
15879,6,6,4418.841295953197,5,4,5,14,Champions
15880,94,4,2315.029599459499,2,2,3,7,Potential Loyalists
15881,143,4,2949.9755708060466,1,2,4,7,Potential Loyalists
15882,142,3,1553.3435637323655,1,1,2,4,At Risk
15883,14,6,2911.5811194793096,5,4,4,13,Champions
15884,63,3,1494.7345328848323,3,1,2,6,At Risk
15885,22,6,3341.8227767938474,4,4,4,12,Loyal Customers
15886,19,3,1555.595601976548,5,1,2,8,Potential Loyalists
15887,152,3,946.4869189392024,1,1,1,3,Lost
15888,77,6,1899.4996178530237,2,4,2,8,Potential Loyalists
15889,25,3,2002.9443047144564,4,1,2,7,Potential Loyalists
15890,254,4,1642.2518579462876,1,2,2,5,At Risk
15891,86,3,1160.1058760372623,2,1,1,4,At Risk
15892,9,6,3002.788949644201,5,4,4,13,Champions
15893,4,8,4405.801673471157,5,5,5,15,Champions
15894,35,3,1112.499224522728,4,1,1,6,At Risk
15895,12,5,2261.2763721777787,5,3,3,11,Loyal Customers
15896,10,5,1319.5324311643012,5,3,1,9,Potential Loyalists
15897,46,4,2469.8842639041745,3,2,3,8,Potential Loyalists
15898,1,6,3351.3505115930634,5,4,4,13,Champions
15899,109,4,2816.542379001371,2,2,4,8,Potential Loyalists
15900,123,3,2062.9567440212,2,1,2,5,At Risk
15901,132,3,767.7286273199886,2,1,1,4,At Risk
15902,21,8,4856.416266105312,4,5,5,14,Champions
15903,98,6,3780.612246650944,2,4,5,11,Loyal Customers
15904,220,6,2431.1051517306373,1,4,3,8,Potential Loyalists
15905,151,5,2537.6993271644724,1,3,3,7,Potential Loyalists
15906,17,9,4847.558877459559,5,5,5,15,Champions
15907,51,13,6759.103416462224,3,5,5,13,Champions
15908,95,3,1478.2743652702732,2,1,2,5,At Risk
15909,27,2,1065.9749793946116,4,1,1,6,At Risk
15910,13,11,6455.53714294502,5,5,5,15,Champions
15911,28,5,3275.751259350842,4,3,4,11,Loyal Customers
15912,33,6,2338.7051801706,4,4,3,11,Loyal Customers
15913,26,5,2029.731194737469,4,3,2,9,Potential Loyalists
15914,13,9,5622.377028815258,5,5,5,15,Champions
15915,14,7,2986.529404471071,5,5,4,14,Champions
15916,122,5,2567.336735185161,2,3,3,8,Potential Loyalists
15917,8,4,1979.2202372509355,5,2,2,9,Potential Loyalists
15918,8,6,2370.654816204315,5,4,3,12,Loyal Customers
15919,35,6,3319.575298469159,4,4,4,12,Loyal Customers
15920,121,9,3663.9853677471306,2,5,5,12,Loyal Customers
15921,12,3,1427.2279715393054,5,1,2,8,Potential Loyalists
15922,117,4,1055.2576575181931,2,2,1,5,At Risk
15923,225,3,1455.9096345807727,1,1,2,4,At Risk
15924,94,5,2607.806453576691,2,3,3,8,Potential Loyalists
15925,16,5,2370.2326195367878,5,3,3,11,Loyal Customers
15926,32,3,2175.845154750227,4,1,3,8,Potential Loyalists
15927,105,6,2877.707758170921,2,4,4,10,Loyal Customers
15928,63,1,446.8809012066067,3,1,1,5,At Risk
15929,35,3,1542.797119156627,4,1,2,7,Potential Loyalists
15930,14,4,2160.717151583812,5,2,3,10,Loyal Customers
15931,32,8,4658.613975750804,4,5,5,14,Champions
15932,1,4,2575.6341786167022,5,2,3,10,Loyal Customers
15933,26,9,3545.935344155648,4,5,4,13,Champions
15934,163,2,1116.4683640241683,1,1,1,3,Lost
15935,222,5,1994.843023886402,1,3,2,6,At Risk
15936,40,8,4541.403995094694,4,5,5,14,Champions
15937,54,4,1389.1702080986888,3,2,1,6,At Risk
15938,108,4,1939.8042057536168,2,2,2,6,At Risk
15939,141,8,4198.096413051787,1,5,5,11,Loyal Customers
15940,55,4,1284.9321130048377,3,2,1,6,At Risk
15941,74,4,2387.2313371892465,3,2,3,8,Potential Loyalists
15942,7,4,1473.7804156959166,5,2,2,9,Potential Loyalists
15943,5,4,2607.581451985084,5,2,3,10,Loyal Customers
15944,62,5,3360.5230292009533,3,3,4,10,Loyal Customers
15945,208,5,2900.70943943917,1,3,4,8,Potential Loyalists
15946,60,4,1865.716201401823,3,2,2,7,Potential Loyalists
15947,107,1,305.12207813025697,2,1,1,4,At Risk
15948,1,9,5014.035060567922,5,5,5,15,Champions
15949,10,5,2629.1959637405957,5,3,3,11,Loyal Customers
15950,59,5,2521.7246222691065,3,3,3,9,Potential Loyalists
15951,33,7,4247.930719818907,4,5,5,14,Champions
15952,51,9,2928.645109835717,3,5,4,12,Loyal Customers
15953,34,5,1961.5305835739664,4,3,2,9,Potential Loyalists
15954,84,5,2525.764148580251,2,3,3,8,Potential Loyalists
15955,322,1,391.94156241540406,1,1,1,3,Lost
15956,31,5,2254.221403753995,4,3,3,10,Loyal Customers
15957,3,10,6792.886343614152,5,5,5,15,Champions
15958,122,5,2952.615507580848,2,3,4,9,Potential Loyalists
15959,98,6,3138.9601983716534,2,4,4,10,Loyal Customers
15960,13,7,2432.8015277989944,5,5,3,13,Champions
15961,105,3,1749.9723984291309,2,1,2,5,At Risk
15962,50,6,2601.4957705341944,3,4,3,10,Loyal Customers
15963,9,6,3797.8692236079783,5,4,5,14,Champions
15964,30,4,2057.9997303009804,4,2,2,8,Potential Loyalists
15965,116,3,1956.948134504044,2,1,2,5,At Risk
15966,56,5,1355.2435450611697,3,3,1,7,Potential Loyalists
15967,204,3,497.4530192693832,1,1,1,3,Lost
15968,1,6,2899.200688873809,5,4,4,13,Champions
15969,8,7,2755.1983220543407,5,5,4,14,Champions
15970,43,9,5320.084160783076,4,5,5,14,Champions
15971,192,4,1979.9154342457896,1,2,2,5,At Risk
15972,9,9,3668.2448220482015,5,5,5,15,Champions
15973,112,6,4099.2810441267175,2,4,5,11,Loyal Customers
15974,31,9,4786.654661273044,4,5,5,14,Champions
15975,4,7,3692.6964194103657,5,5,5,15,Champions
15976,384,1,809.9960220854286,1,1,1,3,Lost
15977,10,9,3477.295580193748,5,5,4,14,Champions
15978,97,5,1650.447264182225,2,3,2,7,Potential Loyalists
15979,32,6,3366.303460685251,4,4,4,12,Loyal Customers
15980,25,6,3979.160449549667,4,4,5,13,Champions
15981,11,4,1919.6175629185493,5,2,2,9,Potential Loyalists
15982,33,5,2491.205266443947,4,3,3,10,Loyal Customers
15983,174,6,3345.011169169048,1,4,4,9,Potential Loyalists
15984,146,4,462.7698466986761,1,2,1,4,At Risk
15985,46,9,4762.590839666374,3,5,5,13,Champions
15986,19,8,3774.371148640233,5,5,5,15,Champions
15987,83,6,2438.9213313587693,2,4,3,9,Potential Loyalists
15988,44,4,1327.0394910677455,3,2,1,6,At Risk
15989,61,8,4465.988216266083,3,5,5,13,Champions
15990,267,3,1630.991019448824,1,1,2,4,At Risk
15991,152,3,1652.4270276853597,1,1,2,4,At Risk
15992,98,5,2294.1052126835098,2,3,3,8,Potential Loyalists
15993,34,2,474.0905004688759,4,1,1,6,At Risk
15994,10,3,1228.134725007708,5,1,1,7,Potential Loyalists
15995,106,4,1512.7696761771315,2,2,2,6,At Risk
15996,168,3,1529.3045759357044,1,1,2,4,At Risk
15997,169,4,2193.331404612244,1,2,3,6,At Risk
15998,49,9,5423.722227964777,3,5,5,13,Champions
15999,133,3,2339.687500361293,2,1,3,6,At Risk
16000,41,8,4970.800806745766,4,5,5,14,Champions
16001,146,3,1109.1601585907504,1,1,1,3,Lost
16002,112,5,2712.895751985027,2,3,3,8,Potential Loyalists
16003,200,4,2293.922321807447,1,2,3,6,At Risk
16004,7,6,3594.721308153284,5,4,5,14,Champions
16005,47,5,2998.2979893469164,3,3,4,10,Loyal Customers
16006,185,4,3067.882151081936,1,2,4,7,Potential Loyalists
16007,68,3,2136.902326749794,3,1,3,7,Potential Loyalists
16008,21,8,3758.285934015004,4,5,5,14,Champions
16009,34,4,1081.3881747680894,4,2,1,7,Potential Loyalists
16010,7,4,1005.016038837626,5,2,1,8,Potential Loyalists
16011,33,8,3647.917742918315,4,5,5,14,Champions
16012,52,3,1228.1861267667182,3,1,1,5,At Risk
16013,93,2,1694.035201296733,2,1,2,5,At Risk
16014,198,1,118.99791900639065,1,1,1,3,Lost
16015,63,4,2750.4794370839672,3,2,4,9,Potential Loyalists
16016,72,5,1698.8591369651906,3,3,2,8,Potential Loyalists
16017,128,4,1757.3176132297524,2,2,2,6,At Risk
16018,69,5,2897.59617028099,3,3,4,10,Loyal Customers
16019,45,4,2511.226952552964,3,2,3,8,Potential Loyalists
16020,16,5,2383.8123174281936,5,3,3,11,Loyal Customers
16021,83,2,1518.6043614049197,2,1,2,5,At Risk
16022,30,5,2052.268901138641,4,3,2,9,Potential Loyalists
16023,35,7,4707.227530630545,4,5,5,14,Champions
16024,34,7,3041.276186708602,4,5,4,13,Champions
16025,22,4,2274.651279023078,4,2,3,9,Potential Loyalists
16026,57,6,3564.1959845789224,3,4,5,12,Loyal Customers
16027,97,10,4703.19175414874,2,5,5,12,Loyal Customers
16028,70,3,1457.3532270712508,3,1,2,6,At Risk
16029,41,11,5354.740420467955,4,5,5,14,Champions
16030,161,4,2248.3549818521824,1,2,3,6,At Risk
16031,44,9,4942.421958328678,3,5,5,13,Champions
16032,25,7,3190.1365822203966,4,5,4,13,Champions
16033,108,5,2260.8317242035628,2,3,3,8,Potential Loyalists
16034,163,6,2416.540667515314,1,4,3,8,Potential Loyalists
16035,74,7,4839.52535156585,3,5,5,13,Champions
16036,108,7,3684.79181536521,2,5,5,12,Loyal Customers
16037,251,4,1731.0171352346556,1,2,2,5,At Risk
16038,41,9,3911.5445862972233,4,5,5,14,Champions
16039,113,6,2135.041974704318,2,4,3,9,Potential Loyalists
16040,17,4,1792.7719903106167,5,2,2,9,Potential Loyalists
16041,11,8,4584.548329620321,5,5,5,15,Champions
16042,56,8,3529.2684083768827,3,5,4,12,Loyal Customers
16043,102,6,2354.928901998383,2,4,3,9,Potential Loyalists
16044,138,5,1785.649910605473,1,3,2,6,At Risk
16045,41,5,2047.026192819188,4,3,2,9,Potential Loyalists
16046,27,5,3027.313782040475,4,3,4,11,Loyal Customers
16047,27,3,990.8091033047924,4,1,1,6,At Risk
16048,30,6,4034.461589513523,4,4,5,13,Champions
16049,125,6,1905.382240916067,2,4,2,8,Potential Loyalists
16050,18,3,1274.384496431755,5,1,1,7,Potential Loyalists
16051,64,3,2188.435927575718,3,1,3,7,Potential Loyalists
16052,106,5,2851.5484456569657,2,3,4,9,Potential Loyalists
16053,22,4,2931.802790849777,4,2,4,10,Loyal Customers
16054,47,5,1371.880018450668,3,3,1,7,Potential Loyalists
16055,19,11,6437.162025164239,5,5,5,15,Champions
16056,23,5,1478.9341553182696,4,3,2,9,Potential Loyalists
16057,78,4,1195.41844420311,2,2,1,5,At Risk
16058,12,3,1884.9514441288052,5,1,2,8,Potential Loyalists
16059,79,6,3757.681999740211,2,4,5,11,Loyal Customers
16060,32,7,2760.195147355303,4,5,4,13,Champions
16061,86,4,1320.9173118110805,2,2,1,5,At Risk
16062,217,3,936.6994544253135,1,1,1,3,Lost
16063,182,5,3067.964441727699,1,3,4,8,Potential Loyalists
16064,55,10,5473.160318539167,3,5,5,13,Champions
16065,85,5,2125.952088511425,2,3,3,8,Potential Loyalists
16066,12,4,1868.9342488326167,5,2,2,9,Potential Loyalists
16067,37,8,3569.5026888627863,4,5,5,14,Champions
16068,138,3,1957.4357753515976,1,1,2,4,At Risk
16069,97,6,3457.78334590252,2,4,4,10,Loyal Customers
16070,101,8,4305.717263136166,2,5,5,12,Loyal Customers
16071,57,4,2073.9371109631475,3,2,2,7,Potential Loyalists
16072,24,9,5920.04265006346,4,5,5,14,Champions
16073,62,2,1362.1646630530367,3,1,1,5,At Risk
16074,55,8,3565.569794415207,3,5,5,13,Champions
16075,47,5,2481.957950560164,3,3,3,9,Potential Loyalists
16076,109,3,1573.5287585843294,2,1,2,5,At Risk
16077,117,3,1617.0727777205457,2,1,2,5,At Risk
16078,72,4,1529.85550661014,3,2,2,7,Potential Loyalists
16079,47,6,2247.251235009266,3,4,3,10,Loyal Customers
16080,56,7,3959.561967314496,3,5,5,13,Champions
16081,50,6,1810.92716207416,3,4,2,9,Potential Loyalists
16082,58,6,3390.973520152754,3,4,4,11,Loyal Customers
16083,149,6,2951.3936854511458,1,4,4,9,Potential Loyalists
16084,31,4,2313.880550293444,4,2,3,9,Potential Loyalists
16085,136,4,1388.581512440416,1,2,1,4,At Risk
16086,85,9,4079.36855480392,2,5,5,12,Loyal Customers
16087,35,6,3637.066860222775,4,4,5,13,Champions
16088,13,4,1628.5566099586435,5,2,2,9,Potential Loyalists
16089,68,3,1404.841727110114,3,1,1,5,At Risk
16090,17,5,2418.6702682275045,5,3,3,11,Loyal Customers
16091,71,10,3319.6821825246325,3,5,4,12,Loyal Customers
16092,31,7,4295.968090396967,4,5,5,14,Champions
16093,95,5,2185.866992722617,2,3,3,8,Potential Loyalists
16094,100,4,1257.7263165662466,2,2,1,5,At Risk
16095,14,8,4253.797002209036,5,5,5,15,Champions
16096,247,3,1787.7391240435095,1,1,2,4,At Risk
16097,57,6,3214.859995114061,3,4,4,11,Loyal Customers
16098,17,5,2940.6592091057614,5,3,4,12,Loyal Customers
16099,10,7,3891.568294445988,5,5,5,15,Champions
16100,9,10,5025.389728909381,5,5,5,15,Champions
16101,12,3,898.1890064556287,5,1,1,7,Potential Loyalists
16102,11,6,4286.664872756667,5,4,5,14,Champions
16103,42,5,2517.0602134607693,4,3,3,10,Loyal Customers
16104,111,10,4986.902968972439,2,5,5,12,Loyal Customers
16105,62,5,2349.181238667712,3,3,3,9,Potential Loyalists
16106,185,6,2302.02720365812,1,4,3,8,Potential Loyalists
16107,203,3,1161.0738344456945,1,1,1,3,Lost
16108,66,5,2816.277126477052,3,3,4,10,Loyal Customers
16110,27,4,3160.032072586907,4,2,4,10,Loyal Customers
16111,130,3,2155.338803483854,2,1,3,6,At Risk
16112,38,2,514.6948858493879,4,1,1,6,At Risk
16113,154,3,1656.7071907860618,1,1,2,4,At Risk
16114,71,4,1731.1149015582882,3,2,2,7,Potential Loyalists
16115,217,1,698.4984708833916,1,1,1,3,Lost
16116,17,10,5216.111856008709,5,5,5,15,Champions
16117,27,7,3310.966457545629,4,5,4,13,Champions
16118,38,6,1529.4056186215198,4,4,2,10,Loyal Customers
16119,53,7,3919.987834706512,3,5,5,13,Champions
16120,45,5,2075.3050079542154,3,3,2,8,Potential Loyalists
16121,33,5,2813.243784124759,4,3,4,11,Loyal Customers
16122,37,9,6200.30603074974,4,5,5,14,Champions
16123,2,5,1541.3936322913792,5,3,2,10,Loyal Customers
16124,6,4,2054.1413999549586,5,2,2,9,Potential Loyalists
16125,10,7,2523.940102974571,5,5,3,13,Champions
16126,9,7,3452.259325774372,5,5,4,14,Champions
16127,183,4,2252.274492039365,1,2,3,6,At Risk
16128,42,4,2387.7248079463457,4,2,3,9,Potential Loyalists
16129,51,2,758.4424191110595,3,1,1,5,At Risk
16130,170,3,1794.8062141265802,1,1,2,4,At Risk
16131,21,3,2267.036684619374,4,1,3,8,Potential Loyalists
16132,26,7,3443.875550227631,4,5,4,13,Champions
16133,76,6,3196.170830622868,3,4,4,11,Loyal Customers
16134,40,1,899.2202077932434,4,1,1,6,At Risk
16135,118,4,2919.196862257888,2,2,4,8,Potential Loyalists
16136,5,3,1555.9001767883435,5,1,2,8,Potential Loyalists
16137,82,4,2327.6206369439724,2,2,3,7,Potential Loyalists
16138,44,4,1718.1210588111694,3,2,2,7,Potential Loyalists
16139,28,5,2963.295500324306,4,3,4,11,Loyal Customers
16140,39,8,4722.756395924423,4,5,5,14,Champions
16141,21,6,2559.7578687315863,4,4,3,11,Loyal Customers
16142,67,8,4760.233156496372,3,5,5,13,Champions
16143,122,7,5011.784145225073,2,5,5,12,Loyal Customers
16144,212,2,851.7101400765396,1,1,1,3,Lost
16145,5,8,2813.77989179138,5,5,4,14,Champions
16146,216,1,292.21816566487786,1,1,1,3,Lost
16147,44,5,2607.6663650896985,3,3,3,9,Potential Loyalists
16148,97,3,1036.0750144281171,2,1,1,4,At Risk
16149,201,2,611.6354460025095,1,1,1,3,Lost
16150,65,4,2056.689072561162,3,2,2,7,Potential Loyalists
16151,24,3,1588.8301829679465,4,1,2,7,Potential Loyalists
16152,6,2,1142.1063098518207,5,1,1,7,Potential Loyalists
16153,85,5,2868.647586018982,2,3,4,9,Potential Loyalists
16154,22,9,4674.872665358782,4,5,5,14,Champions
16155,196,7,3687.818163815552,1,5,5,11,Loyal Customers
16156,19,6,3062.9625593135456,5,4,4,13,Champions
16157,65,8,4607.339167556039,3,5,5,13,Champions
16158,22,6,3606.323903308624,4,4,5,13,Champions
16159,72,7,3844.383025142987,3,5,5,13,Champions
16160,22,3,1878.0354954795284,4,1,2,7,Potential Loyalists
16161,41,8,3503.4560462862287,4,5,4,13,Champions
16162,3,2,1362.2810295718168,5,1,1,7,Potential Loyalists
16163,53,7,3849.329342917038,3,5,5,13,Champions
16164,96,7,2582.7050152984493,2,5,3,10,Loyal Customers
16165,4,4,1795.323444919701,5,2,2,9,Potential Loyalists
16166,159,2,1174.9751490561375,1,1,1,3,Lost
16167,48,4,2118.4258532969657,3,2,3,8,Potential Loyalists
16168,48,5,2555.218040351924,3,3,3,9,Potential Loyalists
16169,300,6,3345.535803410025,1,4,4,9,Potential Loyalists
16170,25,5,2432.00940224842,4,3,3,10,Loyal Customers
16171,38,7,3348.914566882805,4,5,4,13,Champions
16172,107,7,3418.229535979293,2,5,4,11,Loyal Customers
16173,29,9,3697.8618710236074,4,5,5,14,Champions
16174,51,5,2715.204160044277,3,3,3,9,Potential Loyalists
16175,46,8,3452.292165591919,3,5,4,12,Loyal Customers
16176,2,5,2012.429954801587,5,3,2,10,Loyal Customers
16177,92,7,3171.39887072747,2,5,4,11,Loyal Customers
16178,35,4,2277.3527841900195,4,2,3,9,Potential Loyalists
16179,27,5,3224.474857405401,4,3,4,11,Loyal Customers
16180,17,3,1392.6259778603387,5,1,1,7,Potential Loyalists
16181,116,5,3631.4663042002594,2,3,5,10,Loyal Customers
16182,237,2,820.8885730334582,1,1,1,3,Lost
16183,125,3,1782.218301281971,2,1,2,5,At Risk
16184,22,5,2759.756169966148,4,3,4,11,Loyal Customers
16185,98,5,2797.0027354276567,2,3,4,9,Potential Loyalists
16186,8,5,1275.2501304432146,5,3,1,9,Potential Loyalists
16187,80,2,1392.154586618968,2,1,1,4,At Risk
16188,28,3,1026.989012592261,4,1,1,6,At Risk
16189,23,1,135.8356841262546,4,1,1,6,At Risk
16190,123,4,2242.7543127478543,2,2,3,7,Potential Loyalists
16191,106,7,4814.77015855416,2,5,5,12,Loyal Customers
16192,190,4,1418.4661336743754,1,2,1,4,At Risk
16193,5,6,2366.5302900655424,5,4,3,12,Loyal Customers
16194,196,2,669.9084476655727,1,1,1,3,Lost
16195,100,4,2181.1885786353405,2,2,3,7,Potential Loyalists
16196,100,5,2809.128359709043,2,3,4,9,Potential Loyalists
16197,29,4,1791.976250663589,4,2,2,8,Potential Loyalists
16198,138,4,1803.615813535493,1,2,2,5,At Risk
16199,61,7,2913.1856812903825,3,5,4,12,Loyal Customers
16200,67,2,1042.8091319908235,3,1,1,5,At Risk
16201,17,10,5077.210526991796,5,5,5,15,Champions
16202,77,4,1525.810281723225,2,2,2,6,At Risk
16203,29,4,1773.1605073024548,4,2,2,8,Potential Loyalists
16204,23,5,2740.43484914364,4,3,4,11,Loyal Customers
16205,59,2,1039.3260582998184,3,1,1,5,At Risk
16206,1,4,2153.144052994166,5,2,3,10,Loyal Customers
16207,35,3,1070.7119933241513,4,2,1,7,Potential Loyalists
16208,13,4,1912.8312982488749,5,2,2,9,Potential Loyalists
16209,55,5,2241.308291821449,3,3,3,9,Potential Loyalists
16210,52,9,4309.265830192587,3,5,5,13,Champions
16211,60,3,1459.7104372490016,3,2,2,7,Potential Loyalists
16212,47,3,1197.736523953233,3,2,1,6,At Risk
16213,1,4,2068.281309377833,5,2,2,9,Potential Loyalists
16214,41,5,2079.6696941917685,4,3,2,9,Potential Loyalists
16215,59,5,2295.2012784616536,3,3,3,9,Potential Loyalists
16216,203,2,656.250110057215,1,1,1,3,Lost
16217,122,6,2176.595631342552,2,4,3,9,Potential Loyalists
16218,85,4,1917.1829489144088,2,2,2,6,At Risk
16219,72,3,1735.1650741979429,3,2,2,7,Potential Loyalists
16220,201,6,3020.0528266891206,1,4,4,9,Potential Loyalists
16221,194,3,1695.337609333773,1,2,2,5,At Risk
16222,12,7,1738.7817606383294,5,5,2,12,Loyal Customers
16223,57,7,2831.382823066803,3,5,4,12,Loyal Customers
16224,192,4,2702.566203653252,1,2,3,6,At Risk
16225,150,5,1215.263760321931,1,3,1,5,At Risk
16226,12,3,2264.4914315134174,5,2,3,10,Loyal Customers
16227,134,4,1972.5409627974775,1,2,2,5,At Risk
16228,14,7,4184.478080891133,5,5,5,15,Champions
16229,169,8,4581.019436341783,1,5,5,11,Loyal Customers
16230,15,7,3283.5104090137547,5,5,4,14,Champions
16231,4,8,4464.555215230297,5,5,5,15,Champions
16232,143,6,2258.456375812658,1,4,3,8,Potential Loyalists
16233,157,3,1772.0655557066768,1,2,2,5,At Risk
16234,3,6,2978.7775479183138,5,4,4,13,Champions
16235,214,1,656.2407551336726,1,1,1,3,Lost
16236,55,4,1490.317059668615,3,2,2,7,Potential Loyalists
16237,32,6,4089.167145332809,4,4,5,13,Champions
16238,21,5,1921.5906972336616,4,3,2,9,Potential Loyalists
16239,55,9,3852.8503449070513,3,5,5,13,Champions
16240,1,5,2627.201000500804,5,3,3,11,Loyal Customers
16241,26,7,2584.83164240951,4,5,3,12,Loyal Customers
16242,18,8,4168.521050235832,5,5,5,15,Champions
16243,41,5,1674.797958323957,4,3,2,9,Potential Loyalists
16244,26,6,2069.5328834396814,4,4,2,10,Loyal Customers
16245,149,4,1996.1065789646736,1,2,2,5,At Risk
16246,402,2,940.2676963203348,1,1,1,3,Lost
16247,19,6,3563.941995889668,5,4,5,14,Champions
16248,288,3,1724.443113079912,1,2,2,5,At Risk
16249,7,3,2645.681901968747,5,2,3,10,Loyal Customers
16250,113,6,3408.9630175965203,2,4,4,10,Loyal Customers
16251,44,8,4012.750127471557,3,5,5,13,Champions
16252,74,7,5219.399323887707,3,5,5,13,Champions
16253,47,3,1587.2738637295497,3,2,2,7,Potential Loyalists
16254,127,4,2205.8053701230515,2,2,3,7,Potential Loyalists
16255,57,5,3263.174936942692,3,3,4,10,Loyal Customers
16256,15,5,2230.356061438913,5,3,3,11,Loyal Customers
16257,35,9,5285.900336634193,4,5,5,14,Champions
16258,56,7,3456.189904362946,3,5,4,12,Loyal Customers
16259,48,3,1193.2927152377777,3,2,1,6,At Risk
16260,76,3,2139.6240483804945,3,2,3,8,Potential Loyalists
16261,110,8,3659.394899661519,2,5,5,12,Loyal Customers
16262,41,8,5510.630679065781,4,5,5,14,Champions
16263,45,5,1476.9893013144458,3,3,2,8,Potential Loyalists
16264,15,6,2438.3000630957545,5,4,3,12,Loyal Customers
16265,100,3,878.0481202872613,2,2,1,5,At Risk
16266,130,8,2658.7749174415912,2,5,3,10,Loyal Customers
16267,183,4,1081.8948945612094,1,2,1,4,At Risk
16268,70,4,3234.372082790073,3,2,4,9,Potential Loyalists
16269,41,4,1426.9268625340846,4,2,2,8,Potential Loyalists
16270,287,6,1993.80783986304,1,4,2,7,Potential Loyalists
16271,222,3,1015.9787092455902,1,2,1,4,At Risk
16272,216,1,994.5723493163252,1,1,1,3,Lost
16273,5,5,2651.781570906196,5,3,3,11,Loyal Customers
16274,253,2,1314.3924584968677,1,1,1,3,Lost
16275,235,5,2846.83992389654,1,3,4,8,Potential Loyalists
16276,1,9,2876.234048578598,5,5,4,14,Champions
16277,25,8,3525.821636246756,4,5,4,13,Champions
16278,2,9,4703.164020526483,5,5,5,15,Champions
16279,31,10,4766.128079030012,4,5,5,14,Champions
16280,47,4,1510.5736871236336,3,2,2,7,Potential Loyalists
16281,56,4,2787.920513028909,3,2,4,9,Potential Loyalists
16282,92,5,2945.8312287367976,2,3,4,9,Potential Loyalists
16283,41,5,1847.335161296722,4,3,2,9,Potential Loyalists
16284,35,8,4587.273099318609,4,5,5,14,Champions
16285,66,3,1111.3232597822812,3,2,1,6,At Risk
16286,15,6,1527.8037347054835,5,4,2,11,Loyal Customers
16287,75,6,3620.2457193059577,3,4,5,12,Loyal Customers
16288,16,7,2016.6086136044164,5,5,2,12,Loyal Customers
16289,49,3,1739.7879264447972,3,2,2,7,Potential Loyalists
16290,2,5,3149.720131065974,5,3,4,12,Loyal Customers
16291,284,3,1103.0569761011288,1,2,1,4,At Risk
16292,56,3,1539.916646266293,3,2,2,7,Potential Loyalists
16293,38,7,3975.805465293937,4,5,5,14,Champions
16294,287,1,298.49878104457497,1,1,1,3,Lost
16295,62,6,2855.431236137838,3,4,4,11,Loyal Customers
16296,3,7,2234.382290545186,5,5,3,13,Champions
16297,10,6,3192.957308272141,5,4,4,13,Champions
16298,2,4,2258.650065917612,5,2,3,10,Loyal Customers
16299,106,4,1603.2953874732411,2,2,2,6,At Risk
16300,103,5,3173.5232285606726,2,3,4,9,Potential Loyalists
16301,177,7,1493.1352989835052,1,5,2,8,Potential Loyalists
16302,112,6,3045.0591098465,2,4,4,10,Loyal Customers
16303,2,4,2474.626713553764,5,2,3,10,Loyal Customers
16304,41,6,1699.7312725684053,4,4,2,10,Loyal Customers
16305,4,3,2676.022879909426,5,2,3,10,Loyal Customers
16306,184,6,3982.970332440083,1,4,5,10,Loyal Customers
16307,31,6,4152.897448428052,4,4,5,13,Champions
16308,86,4,2657.802364489176,2,2,3,7,Potential Loyalists
16309,11,7,2777.928156954636,5,5,4,14,Champions
16310,218,4,2946.505151008472,1,2,4,7,Potential Loyalists
16311,20,4,2587.3466586253344,4,2,3,9,Potential Loyalists
16312,127,4,2441.7267435675326,2,2,3,7,Potential Loyalists
16313,55,5,2541.638530929792,3,3,3,9,Potential Loyalists
16314,91,5,2215.436200733865,2,3,3,8,Potential Loyalists
16315,125,5,2303.396948542665,2,3,3,8,Potential Loyalists
16316,141,4,2167.11315510368,1,2,3,6,At Risk
16317,132,5,2214.3808417735536,2,3,3,8,Potential Loyalists
16318,110,4,1511.9403620516837,2,2,2,6,At Risk
16319,60,5,2327.2389072984743,3,3,3,9,Potential Loyalists
16320,185,3,1254.093230262448,1,2,1,4,At Risk
16321,33,6,3381.532908793997,4,4,4,12,Loyal Customers
16322,2,3,1535.8289283316783,5,2,2,9,Potential Loyalists
16323,96,6,3023.3416649331,2,4,4,10,Loyal Customers
16324,29,5,1777.8079774737532,4,3,2,9,Potential Loyalists
16325,77,4,1193.2443737512872,2,2,1,5,At Risk
16326,28,6,2269.9539110501664,4,4,3,11,Loyal Customers
16327,52,4,1940.0483177141675,3,2,2,7,Potential Loyalists
16328,12,8,3350.6639857267296,5,5,4,14,Champions
16329,45,2,723.92848424697,3,1,1,5,At Risk
16330,124,3,2033.9841791719573,2,2,2,6,At Risk
16331,135,3,1414.0124881512909,1,2,1,4,At Risk
16332,70,8,3572.9235841149434,3,5,5,13,Champions
16333,44,6,3611.687467533209,3,4,5,12,Loyal Customers
16334,20,8,5019.885033109709,4,5,5,14,Champions
16335,275,3,438.5469481196833,1,2,1,4,At Risk
16336,128,3,1506.9701874605798,2,2,2,6,At Risk
16337,78,7,3535.3631673892382,2,5,4,11,Loyal Customers
16338,8,6,4305.167258402841,5,4,5,14,Champions
16339,203,4,3464.5930100095,1,2,4,7,Potential Loyalists
16340,3,7,3353.9494984685894,5,5,4,14,Champions
16341,293,2,999.0601849896848,1,1,1,3,Lost
16342,89,3,1454.8005336749366,2,2,2,6,At Risk
16343,29,6,3942.90705988037,4,4,5,13,Champions
16344,71,6,2909.676960799926,3,4,4,11,Loyal Customers
16345,4,6,3930.129629326133,5,4,5,14,Champions
16346,72,8,4878.464405180057,3,5,5,13,Champions
16347,95,5,3216.1380112232546,2,3,4,9,Potential Loyalists
16348,72,5,1952.1308996845196,3,3,2,8,Potential Loyalists
16349,208,2,407.7832141350272,1,1,1,3,Lost
16350,27,6,2711.137939602489,4,4,3,11,Loyal Customers
16351,245,2,1622.621827241403,1,1,2,4,At Risk
16352,6,5,3391.1939878514763,5,3,4,12,Loyal Customers
16353,150,6,3873.0555899216456,1,4,5,10,Loyal Customers
16354,1,9,4873.148980568071,5,5,5,15,Champions
16355,66,3,1841.44004089566,3,2,2,7,Potential Loyalists
16356,213,3,1475.9406424548915,1,2,2,5,At Risk
16357,69,6,3142.6088810899464,3,4,4,11,Loyal Customers
16358,42,5,3326.978963540797,4,3,4,11,Loyal Customers
16359,91,5,3905.477808403594,2,3,5,10,Loyal Customers
16360,96,9,4573.678061329942,2,5,5,12,Loyal Customers
16361,37,7,4992.212541866127,4,5,5,14,Champions
16362,167,6,3619.573526599657,1,4,5,10,Loyal Customers
16363,32,5,3158.6609569012708,4,3,4,11,Loyal Customers
16364,142,8,3597.28118189067,1,5,5,11,Loyal Customers
16365,28,7,3089.8104580976337,4,5,4,13,Champions
16366,34,3,1222.6723889996613,4,2,1,7,Potential Loyalists
16368,223,2,625.6435230179385,1,1,1,3,Lost
16369,7,5,2435.428423322632,5,3,3,11,Loyal Customers
16370,151,5,2464.1115269318243,1,3,3,7,Potential Loyalists
16371,73,5,2193.1288723720963,3,3,3,9,Potential Loyalists
16372,34,6,3542.7081077245825,4,4,4,12,Loyal Customers
16373,15,5,2671.762226543895,5,3,3,11,Loyal Customers
16374,18,4,1816.8236671062652,5,2,2,9,Potential Loyalists
16375,61,6,4138.534298619831,3,4,5,12,Loyal Customers
16376,47,6,4051.118439896961,3,4,5,12,Loyal Customers
16377,18,6,2230.9139410625507,5,4,3,12,Loyal Customers
16378,19,6,2401.5009777454497,5,4,3,12,Loyal Customers
16379,247,2,682.7654976950228,1,1,1,3,Lost
16380,52,5,2652.17763621016,3,3,3,9,Potential Loyalists
16381,73,5,2821.7654271512847,3,3,4,10,Loyal Customers
16382,40,7,4958.999250589477,4,5,5,14,Champions
16383,21,6,1323.0263565748685,4,4,1,9,Potential Loyalists
16384,93,3,1778.4080354769026,2,2,2,6,At Risk
16385,65,4,2775.279723372666,3,2,4,9,Potential Loyalists
16386,176,3,907.920437998413,1,2,1,4,At Risk
16387,146,6,2350.8429931632904,1,4,3,8,Potential Loyalists
16388,45,5,1926.7359017236963,3,3,2,8,Potential Loyalists
16389,143,2,377.82116879826094,1,1,1,3,Lost
16390,48,6,2764.43520676475,3,4,4,11,Loyal Customers
16392,11,4,2606.522530913587,5,2,3,10,Loyal Customers
16393,120,3,1705.9344825920762,2,2,2,6,At Risk
16394,151,3,1422.3074293259906,1,2,2,5,At Risk
16395,42,6,3393.534245873023,4,4,4,12,Loyal Customers
16396,57,6,3454.581112736015,3,4,4,11,Loyal Customers
16397,1,6,3361.30387175726,5,4,4,13,Champions
16398,152,4,1958.081843095642,1,2,2,5,At Risk
16399,50,2,1074.774760672106,3,1,1,5,At Risk
16400,68,2,641.8709988577722,3,1,1,5,At Risk
16401,106,3,1731.8614287485686,2,2,2,6,At Risk
16402,45,8,4517.921711808635,3,5,5,13,Champions
16403,128,6,4013.997055113875,2,4,5,11,Loyal Customers
16404,83,3,1487.7676518118387,2,2,2,6,At Risk
16405,2,5,2205.5722332640757,5,3,3,11,Loyal Customers
16406,27,6,3301.5500732846263,4,4,4,12,Loyal Customers
16407,189,5,2981.1519566808997,1,3,4,8,Potential Loyalists
16408,1,10,5426.474622995134,5,5,5,15,Champions
16409,14,4,1977.9525271949092,5,2,2,9,Potential Loyalists
16410,59,6,2859.129890377088,3,4,4,11,Loyal Customers
16411,40,4,2708.0907547809866,4,2,3,9,Potential Loyalists
16412,54,7,2593.06528271552,3,5,3,11,Loyal Customers
16413,142,3,2120.5147416953005,1,2,3,6,At Risk
16414,41,9,4774.25960972005,4,5,5,14,Champions
16415,28,6,2668.5085830471744,4,4,3,11,Loyal Customers
16416,20,2,1344.8969251351184,4,1,1,6,At Risk
16417,26,7,4386.814383338273,4,5,5,14,Champions
16418,5,3,1452.901057148129,5,2,2,9,Potential Loyalists
16419,295,1,539.1757600645483,1,1,1,3,Lost
16420,50,3,1314.5113961637603,3,2,1,6,At Risk
16421,12,10,7321.689606710397,5,5,5,15,Champions
16422,70,8,4208.804452449299,3,5,5,13,Champions
16423,90,4,1479.0337274973535,2,2,2,6,At Risk
16424,339,3,1470.4838970152766,1,2,2,5,At Risk
16425,202,1,912.990965573956,1,1,1,3,Lost
16426,232,1,913.5012393084604,1,1,1,3,Lost
16427,21,6,2578.781955025519,4,4,3,11,Loyal Customers
16428,182,1,820.6476681472818,1,1,1,3,Lost
16429,48,5,2305.4656042066026,3,3,3,9,Potential Loyalists
16430,199,3,1590.3535948090705,1,2,2,5,At Risk
16431,79,6,2532.4475932221326,2,4,3,9,Potential Loyalists
16432,11,3,1031.0663455043896,5,2,1,8,Potential Loyalists
16433,27,3,1974.5723466347836,4,2,2,8,Potential Loyalists
16434,85,3,1264.1305706473486,2,2,1,5,At Risk
16435,398,1,153.01437835599876,1,1,1,3,Lost
16436,299,2,881.4224414845373,1,1,1,3,Lost
16437,11,9,6083.273457452641,5,5,5,15,Champions
16438,67,7,2033.981409413664,3,5,2,10,Loyal Customers
16439,220,5,2562.856632247426,1,3,3,7,Potential Loyalists
16440,55,4,1901.4138177498928,3,2,2,7,Potential Loyalists
16441,273,3,1493.8985293238566,1,2,2,5,At Risk
16442,82,3,1252.5781204174352,2,2,1,5,At Risk
16443,12,4,2296.1823541653284,5,2,3,10,Loyal Customers
16444,4,4,982.1767387271532,5,2,1,8,Potential Loyalists
16445,5,10,6700.879192971583,5,5,5,15,Champions
16446,36,7,4501.203761554893,4,5,5,14,Champions
16447,84,7,2164.877453364395,2,5,3,10,Loyal Customers
16448,86,5,977.1210949921816,2,3,1,6,At Risk
16449,102,4,2184.0375295617096,2,2,3,7,Potential Loyalists
16450,75,4,1315.0414136638465,3,2,1,6,At Risk
16451,46,8,4286.912666398376,3,5,5,13,Champions
16452,7,3,1355.176531103485,5,2,1,8,Potential Loyalists
16453,14,7,4076.2104231808,5,5,5,15,Champions
16454,218,5,2741.7540245107766,1,3,4,8,Potential Loyalists
16455,126,7,2299.8520240609337,2,5,3,10,Loyal Customers
16456,69,2,1388.7101979667425,3,1,1,5,At Risk
16457,56,5,3177.0492626165787,3,3,4,10,Loyal Customers
16458,31,7,4964.91575172876,4,5,5,14,Champions
16459,20,9,3251.1874163549724,4,5,4,13,Champions
16460,155,5,1246.890579501053,1,3,1,5,At Risk
16461,91,6,2592.737856797615,2,4,3,9,Potential Loyalists
16462,117,6,4277.904605568621,2,4,5,11,Loyal Customers
16463,4,6,3758.157973663728,5,4,5,14,Champions
16464,140,5,3182.115393571712,1,3,4,8,Potential Loyalists
16465,81,4,3069.517544799361,2,2,4,8,Potential Loyalists
16466,29,4,1581.2630995175984,4,2,2,8,Potential Loyalists
16467,59,5,1737.0221557205928,3,3,2,8,Potential Loyalists
16468,16,6,3570.0213768223703,5,4,5,14,Champions
16469,86,8,3416.8721016338163,2,5,4,11,Loyal Customers
16470,78,4,2562.191550653644,2,2,3,7,Potential Loyalists
16471,81,9,4748.866973922242,2,5,5,12,Loyal Customers
16472,65,6,3871.028585937596,3,4,5,12,Loyal Customers
16473,60,7,4538.113370749202,3,5,5,13,Champions
16474,62,10,6341.328147022229,3,5,5,13,Champions
16475,86,4,2094.8557461379405,2,2,3,7,Potential Loyalists
16476,104,4,1865.8317991678343,2,2,2,6,At Risk
16477,21,8,4103.498251233922,4,5,5,14,Champions
16478,90,4,2986.426658898637,2,2,4,8,Potential Loyalists
16479,9,1,599.2759190057751,5,1,1,7,Potential Loyalists
16480,43,5,2002.5473774453749,4,3,2,9,Potential Loyalists
16481,45,5,2328.83396876912,3,3,3,9,Potential Loyalists
16482,62,3,2076.53206064655,3,2,2,7,Potential Loyalists
16483,83,4,1828.293617137964,2,2,2,6,At Risk
16484,277,1,866.2236125683728,1,1,1,3,Lost
16485,3,2,922.8156424765502,5,1,1,7,Potential Loyalists
16486,69,7,3665.629915614835,3,5,5,13,Champions
16487,2,9,3422.0793986225503,5,5,4,14,Champions
16488,22,10,3258.0501611838745,4,5,4,13,Champions
16489,291,3,1171.3316192884404,1,2,1,4,At Risk
16490,341,3,1807.364929124116,1,2,2,5,At Risk
16491,68,7,4150.047145012908,3,5,5,13,Champions
16492,295,1,423.6677821829476,1,1,1,3,Lost
16493,51,5,2941.0471904588785,3,3,4,10,Loyal Customers
16494,222,4,2117.4479943580905,1,2,3,6,At Risk
16495,10,4,1630.7784409514672,5,2,2,9,Potential Loyalists
16496,93,5,2642.746764691657,2,3,3,8,Potential Loyalists
16497,80,6,3419.24719171999,2,4,4,10,Loyal Customers
16498,49,4,2993.34240135611,3,2,4,9,Potential Loyalists
16499,248,1,522.3899092441947,1,1,1,3,Lost
16500,42,7,3791.773305607405,4,5,5,14,Champions
16501,128,7,2850.660521513312,2,5,4,11,Loyal Customers
16502,78,5,2591.136778548708,2,3,3,8,Potential Loyalists
16503,91,5,2148.233758066257,2,3,3,8,Potential Loyalists
16504,10,3,1425.507292510807,5,2,2,9,Potential Loyalists
16505,115,5,2186.9793799838253,2,3,3,8,Potential Loyalists
16506,18,3,1303.8052083775208,5,2,1,8,Potential Loyalists
16507,22,4,2799.7070626202576,4,2,4,10,Loyal Customers
16508,11,3,972.7764893051278,5,2,1,8,Potential Loyalists
16509,220,4,2658.3735083311767,1,2,3,6,At Risk
16510,138,3,1799.9818784045108,1,2,2,5,At Risk
16511,108,5,3263.427522337249,2,3,4,9,Potential Loyalists
16512,99,5,2319.2900946967093,2,3,3,8,Potential Loyalists
16513,83,3,1896.166756020976,2,2,2,6,At Risk
16514,154,5,2291.453773657269,1,3,3,7,Potential Loyalists
16515,74,3,1134.2314600029692,3,2,1,6,At Risk
16516,153,1,51.9613156174339,1,1,1,3,Lost
16517,28,10,4453.249025700253,4,5,5,14,Champions
16518,174,5,3010.4787229783105,1,3,4,8,Potential Loyalists
16519,159,3,1341.268010210635,1,2,1,4,At Risk
16520,17,5,3216.859617685484,5,3,4,12,Loyal Customers
16521,11,9,5262.064156184667,5,5,5,15,Champions
16522,77,7,1984.8549937593605,2,5,2,9,Potential Loyalists
16523,1,3,2256.029555966236,5,2,3,10,Loyal Customers
16524,166,4,1491.1932308255246,1,2,2,5,At Risk
16525,44,6,2689.715146865637,3,4,3,10,Loyal Customers
16526,20,4,2533.7249354335318,4,2,3,9,Potential Loyalists
16528,284,2,1077.9160593336546,1,1,1,3,Lost
16529,110,3,1053.979347340322,2,2,1,5,At Risk
16530,245,1,833.9121477342387,1,1,1,3,Lost
16531,11,3,2171.275320274085,5,2,3,10,Loyal Customers
16532,24,5,1793.176119952787,4,3,2,9,Potential Loyalists
16533,82,4,2148.5841129949317,2,2,3,7,Potential Loyalists
16534,65,6,3967.000466045665,3,4,5,12,Loyal Customers
16535,104,5,1793.099931796476,2,3,2,7,Potential Loyalists
16536,217,3,1840.809783404044,1,2,2,5,At Risk
16537,364,1,521.2229521290259,1,1,1,3,Lost
16538,17,5,1775.9527892183498,5,3,2,10,Loyal Customers
16539,19,6,2142.9059527562063,5,4,3,12,Loyal Customers
16540,35,8,3769.157288201666,4,5,5,14,Champions
16541,143,5,2543.6547702374205,1,3,3,7,Potential Loyalists
16542,11,4,2056.3819009463405,5,2,2,9,Potential Loyalists
16543,201,3,718.2775559027039,1,2,1,4,At Risk
16544,60,3,777.7321106378639,3,2,1,6,At Risk
16545,102,7,2880.732015263373,2,5,4,11,Loyal Customers
16546,161,4,766.4071710022587,1,2,1,4,At Risk
16547,87,10,3908.776628350144,2,5,5,12,Loyal Customers
16548,28,3,437.0650254973645,4,2,1,7,Potential Loyalists
16549,100,5,2150.580612445261,2,3,3,8,Potential Loyalists
16550,79,7,3105.128452083511,2,5,4,11,Loyal Customers
16551,1,4,1392.2620600602268,5,2,1,8,Potential Loyalists
16552,59,1,35.730465714011466,3,1,1,5,At Risk
16553,110,4,1485.844324723165,2,2,2,6,At Risk
16554,40,11,5947.288110227478,4,5,5,14,Champions
16555,16,3,1638.9971064473175,5,2,2,9,Potential Loyalists
16556,144,4,2249.0299022030736,1,2,3,6,At Risk
16557,51,4,2682.6388993510704,3,2,3,8,Potential Loyalists
16558,81,4,2406.6356310448514,2,2,3,7,Potential Loyalists
16559,2,9,2881.5440904440725,5,5,4,14,Champions
16560,145,6,3816.714563674641,1,4,5,10,Loyal Customers
16561,3,3,1418.995115334203,5,2,2,9,Potential Loyalists
16562,126,3,2045.2941213392653,2,2,2,6,At Risk
16563,185,5,2840.87399769725,1,3,4,8,Potential Loyalists
16564,77,6,3485.0318852266864,2,4,4,10,Loyal Customers
16565,81,8,4920.465892337492,2,5,5,12,Loyal Customers
16566,67,5,1793.0698258033733,3,3,2,8,Potential Loyalists
16567,65,8,4783.8068675042905,3,5,5,13,Champions
16568,46,5,2807.850847639201,3,3,4,10,Loyal Customers
16569,143,4,2169.9172162686004,1,2,3,6,At Risk
16570,22,5,2318.753727113501,4,3,3,10,Loyal Customers
16571,16,9,4128.197367970798,5,5,5,15,Champions
16572,42,7,3065.608082512526,4,5,4,13,Champions
16573,13,6,1989.6683075967208,5,4,2,11,Loyal Customers
16574,56,1,997.7847326160808,3,1,1,5,At Risk
16575,100,8,4310.99269080644,2,5,5,12,Loyal Customers
16576,11,6,2502.673912018894,5,4,3,12,Loyal Customers
16577,19,4,2188.6931066834995,5,2,3,10,Loyal Customers
16578,19,7,2615.5283453097445,5,5,3,13,Champions
16579,78,6,2930.6286638693405,2,4,4,10,Loyal Customers
16580,2,9,4220.402031066604,5,5,5,15,Champions
16581,7,2,1539.972557048332,5,1,2,8,Potential Loyalists
16582,48,6,3153.8672976040984,3,4,4,11,Loyal Customers
16583,33,6,2113.2350609423797,4,4,3,11,Loyal Customers
16584,126,5,3122.3891255399712,2,3,4,9,Potential Loyalists
16585,12,4,3047.381690057985,5,2,4,11,Loyal Customers
16586,195,2,980.4749683989252,1,1,1,3,Lost
16587,67,4,1941.6732403136396,3,2,2,7,Potential Loyalists
16588,7,6,4243.908426169844,5,4,5,14,Champions
16589,44,8,4278.3577706083925,3,5,5,13,Champions
16590,9,9,2215.800411585155,5,5,3,13,Champions
16591,58,7,4965.195694207941,3,5,5,13,Champions
16592,42,4,1050.6293628172275,4,2,1,7,Potential Loyalists
16593,26,4,2458.161410761832,4,2,3,9,Potential Loyalists
16594,146,5,2648.6274492911107,1,3,3,7,Potential Loyalists
16595,63,7,4153.767675121605,3,5,5,13,Champions
16596,163,4,3064.026056298078,1,2,4,7,Potential Loyalists
16597,65,5,2747.3068048458326,3,3,4,10,Loyal Customers
16598,268,3,1681.0635022171955,1,2,2,5,At Risk
16599,183,4,1556.5791284425304,1,2,2,5,At Risk
16600,167,6,3439.916739664053,1,4,4,9,Potential Loyalists
16601,75,5,1694.0578955993783,3,3,2,8,Potential Loyalists
16602,6,9,4415.031165946971,5,5,5,15,Champions
16603,303,2,969.298991284668,1,1,1,3,Lost
16604,3,6,3678.6372053463474,5,4,5,14,Champions
16605,105,3,1213.583601039991,2,2,1,5,At Risk
16606,63,6,3369.974514157086,3,4,4,11,Loyal Customers
16607,77,6,2768.130790108405,2,4,4,10,Loyal Customers
16608,75,2,1367.0754900620352,3,1,1,5,At Risk
16609,153,5,2105.860438703261,1,3,3,7,Potential Loyalists
16610,66,12,5474.061374785633,3,5,5,13,Champions
16611,135,6,3054.4318218077105,1,4,4,9,Potential Loyalists
16612,5,8,4404.697632317415,5,5,5,15,Champions
16613,54,4,2257.2333092068325,3,2,3,8,Potential Loyalists
16614,43,4,2120.114918229623,4,2,3,9,Potential Loyalists
16615,17,10,5957.489305923995,5,5,5,15,Champions
16616,111,5,2469.0122254314456,2,3,3,8,Potential Loyalists
16617,20,4,1305.089054371039,4,2,1,7,Potential Loyalists
16618,127,4,2429.4577622409947,2,2,3,7,Potential Loyalists
16619,63,7,4590.164911391309,3,5,5,13,Champions
16620,6,6,2375.822578187645,5,4,3,12,Loyal Customers
16621,29,3,1557.233073728475,4,2,2,8,Potential Loyalists
16622,24,7,2968.783340830232,4,5,4,13,Champions
16623,292,3,1689.7396640478837,1,2,2,5,At Risk
16624,58,4,2026.29559414625,3,2,2,7,Potential Loyalists
16625,96,2,1227.446442396355,2,1,1,4,At Risk
16626,80,4,1777.5022003534543,2,2,2,6,At Risk
16627,18,4,1122.807152982021,5,2,1,8,Potential Loyalists
16628,84,4,1865.6990396764163,2,2,2,6,At Risk
16629,43,8,4706.4265984263,4,5,5,14,Champions
16630,30,7,3133.0010379523487,4,5,4,13,Champions
16631,7,8,4026.881550566228,5,5,5,15,Champions
16632,26,2,590.8416065852144,4,1,1,6,At Risk
16633,8,8,5828.782774536236,5,5,5,15,Champions
16634,5,4,2142.157087116105,5,2,3,10,Loyal Customers
16635,164,5,2659.3085498199,1,3,3,7,Potential Loyalists
16636,117,6,3405.478184063444,2,4,4,10,Loyal Customers
16637,46,3,725.4532295003501,3,2,1,6,At Risk
16638,101,5,2637.9716806975266,2,3,3,8,Potential Loyalists
16639,152,4,3167.7824982064544,1,2,4,7,Potential Loyalists
16640,91,7,3096.395994013417,2,5,4,11,Loyal Customers
16641,12,5,2710.921201730561,5,3,3,11,Loyal Customers
16642,13,4,1844.233792201032,5,2,2,9,Potential Loyalists
16643,6,8,2994.11625181424,5,5,4,14,Champions
16644,35,9,4723.046500702188,4,5,5,14,Champions
16645,42,8,4675.181884925341,4,5,5,14,Champions
16646,34,7,4530.86154468374,4,5,5,14,Champions
16647,7,7,3539.5903216504166,5,5,4,14,Champions
16648,1,5,2234.2442084717336,5,3,3,11,Loyal Customers
16649,189,1,282.72143661138176,1,1,1,3,Lost
16650,90,3,1544.7058484593854,2,2,2,6,At Risk
16652,21,6,2507.479154051061,4,4,3,11,Loyal Customers
16653,89,8,3547.009324560356,2,5,5,12,Loyal Customers
16654,143,3,1328.5744551056032,1,2,1,4,At Risk
16655,68,6,2976.064253357636,3,4,4,11,Loyal Customers
16656,13,9,5315.973042215308,5,5,5,15,Champions
16657,143,4,2583.418813028008,1,2,3,6,At Risk
16658,14,6,2994.91701466298,5,4,4,13,Champions
16659,108,6,2879.7277862217893,2,4,4,10,Loyal Customers
16660,38,8,2939.547880497384,4,5,4,13,Champions
16661,162,3,1567.1206186500408,1,2,2,5,At Risk
16662,124,7,4196.838881348106,2,5,5,12,Loyal Customers
16663,201,3,1696.0647113231005,1,2,2,5,At Risk
16664,7,3,1217.3842288579308,5,2,1,8,Potential Loyalists
16665,29,3,677.6062173165169,4,2,1,7,Potential Loyalists
16666,43,8,5320.388298770665,4,5,5,14,Champions
16667,4,4,2735.5090410003445,5,2,3,10,Loyal Customers
16668,157,5,3497.193257745158,1,3,4,8,Potential Loyalists
16669,37,11,6013.814514187675,4,5,5,14,Champions
16670,70,5,3904.2335638683344,3,3,5,11,Loyal Customers
16671,21,5,3104.225865385431,4,3,4,11,Loyal Customers
16672,39,12,6979.840092241342,4,5,5,14,Champions
16673,132,1,410.4511401634829,2,1,1,4,At Risk
16674,21,9,4513.110175101599,4,5,5,14,Champions
16675,112,5,1646.0602350715535,2,3,2,7,Potential Loyalists
16676,155,3,857.0571834888283,1,2,1,4,At Risk
16677,276,4,1922.1383700155247,1,2,2,5,At Risk
16678,40,4,2082.0443131716256,4,2,2,8,Potential Loyalists
16679,40,5,2492.874284108944,4,3,3,10,Loyal Customers
16680,149,6,4093.375493272299,1,4,5,10,Loyal Customers
16681,49,5,3048.6758173656417,3,3,4,10,Loyal Customers
16682,83,12,7242.573819547029,2,5,5,12,Loyal Customers
16683,69,2,1011.5591386795228,3,1,1,5,At Risk
16684,111,9,4399.1458488858725,2,5,5,12,Loyal Customers
16685,16,5,3318.3746531920506,5,3,4,12,Loyal Customers
16686,43,2,812.9229236304919,4,1,1,6,At Risk
16687,119,6,4364.583526585342,2,4,5,11,Loyal Customers
16688,91,5,2314.677201703069,2,3,3,8,Potential Loyalists
16689,341,3,2017.0299623638743,1,2,2,5,At Risk
16690,400,1,289.9002733064287,1,1,1,3,Lost
16691,14,5,2304.51708329865,5,3,3,11,Loyal Customers
16692,71,5,2899.5878129151324,3,3,4,10,Loyal Customers
16693,114,2,1227.3764073063958,2,1,1,4,At Risk
16694,189,4,1915.2618134710133,1,2,2,5,At Risk
16695,51,6,2982.506908073605,3,4,4,11,Loyal Customers
16696,23,3,527.5521117425053,4,2,1,7,Potential Loyalists
16697,117,4,1765.4241918983794,2,2,2,6,At Risk
16698,27,5,2479.488049441432,4,3,3,10,Loyal Customers
16699,70,6,3672.678667400461,3,4,5,12,Loyal Customers
16700,32,4,1619.3996140728382,4,2,2,8,Potential Loyalists
16701,24,7,4345.499905235964,4,5,5,14,Champions
16702,21,4,2230.130882687454,4,2,3,9,Potential Loyalists
16703,127,3,2065.2482530222774,2,2,2,6,At Risk
16704,39,5,2898.353366001208,4,3,4,11,Loyal Customers
16705,156,11,6586.501063613342,1,5,5,11,Loyal Customers
16706,216,4,2565.2489232066746,1,2,3,6,At Risk
16707,29,3,1612.5855669935831,4,2,2,8,Potential Loyalists
16708,99,8,4324.11112866115,2,5,5,12,Loyal Customers
16709,59,5,2401.28541460597,3,3,3,9,Potential Loyalists
16710,40,5,2266.46564287932,4,3,3,10,Loyal Customers
16711,26,7,2676.437930689684,4,5,3,12,Loyal Customers
16712,97,9,5547.955262206281,2,5,5,12,Loyal Customers
16713,78,6,3458.347812122581,2,4,4,10,Loyal Customers
16714,52,7,3710.890853177925,3,5,5,13,Champions
16715,54,6,2962.4686334041294,3,4,4,11,Loyal Customers
16716,136,6,2879.0340644760863,1,4,4,9,Potential Loyalists
16717,49,9,3943.834269423529,3,5,5,13,Champions
16718,238,2,1318.8453676413396,1,1,1,3,Lost
16719,70,3,1226.96935233474,3,2,1,6,At Risk
16720,13,8,4681.317951619795,5,5,5,15,Champions
16721,10,5,1481.4076097398245,5,3,2,10,Loyal Customers
16722,46,8,4378.845599968787,3,5,5,13,Champions
16723,220,5,2207.37329420458,1,3,3,7,Potential Loyalists
16724,66,5,3109.9532202539767,3,3,4,10,Loyal Customers
16725,59,4,2324.854714857131,3,2,3,8,Potential Loyalists
16726,80,3,650.6651948677162,2,2,1,5,At Risk
16727,7,4,2799.5603642562423,5,2,4,11,Loyal Customers
16728,99,4,1634.7159697404356,2,2,2,6,At Risk
16729,30,5,1525.381653949305,4,3,2,9,Potential Loyalists
16730,36,4,1574.1608146373374,4,2,2,8,Potential Loyalists
16731,19,2,775.9574109435432,5,1,1,7,Potential Loyalists
16732,18,8,3701.590049786405,5,5,5,15,Champions
16733,5,7,3525.52709420064,5,5,4,14,Champions
16734,118,6,3213.6670776547044,2,4,4,10,Loyal Customers
16735,1,6,3522.289228053812,5,4,4,13,Champions
16736,93,5,1603.0749008647815,2,3,2,7,Potential Loyalists
16737,11,1,645.9505298080671,5,1,1,7,Potential Loyalists
16738,21,3,1832.2491741321844,4,2,2,8,Potential Loyalists
16739,147,4,1944.427541640656,1,2,2,5,At Risk
16740,49,6,1803.7314573357075,3,4,2,9,Potential Loyalists
16741,76,5,1397.3009688393986,3,3,1,7,Potential Loyalists
16742,34,3,1375.868179577148,4,2,1,7,Potential Loyalists
16743,138,3,1793.718538865278,1,2,2,5,At Risk
16744,54,3,1757.5322709991915,3,2,2,7,Potential Loyalists
16745,79,10,4650.997817867255,2,5,5,12,Loyal Customers
16746,48,9,3976.436638624414,3,5,5,13,Champions
16747,15,7,3117.8802243857126,5,5,4,14,Champions
16748,153,5,2831.82525830351,1,3,4,8,Potential Loyalists
16749,6,6,3799.3573673492383,5,4,5,14,Champions
16750,64,5,2290.82429877419,3,3,3,9,Potential Loyalists
16751,9,5,3296.756963012451,5,3,4,12,Loyal Customers
16752,40,6,2675.8948271752124,4,4,3,11,Loyal Customers
16753,28,6,1815.133451585512,4,4,2,10,Loyal Customers
16754,322,1,233.2198602470988,1,1,1,3,Lost
16755,277,5,2390.326927339857,1,3,3,7,Potential Loyalists
16756,249,5,2593.43847190534,1,3,3,7,Potential Loyalists
16757,201,1,918.0549257033036,1,1,1,3,Lost
16758,89,2,1163.9437972653532,2,1,1,4,At Risk
16759,59,3,1707.8588647584995,3,2,2,7,Potential Loyalists
16760,51,2,465.9197906533521,3,1,1,5,At Risk
16761,28,4,1509.955364929349,4,2,2,8,Potential Loyalists
16762,58,6,2676.2024902539474,3,4,3,10,Loyal Customers
16763,173,4,1758.8530960458504,1,2,2,5,At Risk
16764,63,10,7390.14352373882,3,5,5,13,Champions
16765,7,6,3611.861152862332,5,4,5,14,Champions
16766,37,3,851.3523259705132,4,2,1,7,Potential Loyalists
16767,76,9,4479.6751900282125,3,5,5,13,Champions
16768,5,6,2738.716999733668,5,4,3,12,Loyal Customers
16769,8,8,3670.2870499783176,5,5,5,15,Champions
16770,156,1,950.9871011878878,1,1,1,3,Lost
16771,16,6,2797.2785734655777,5,4,4,13,Champions
16772,15,8,4504.705222039132,5,5,5,15,Champions
16773,36,4,1464.9570243854923,4,2,2,8,Potential Loyalists
16774,15,7,4223.220626355879,5,5,5,15,Champions
16775,240,2,1353.411672163771,1,1,1,3,Lost
16776,4,6,2527.625583717667,5,4,3,12,Loyal Customers
16777,22,4,2327.879996459476,4,2,3,9,Potential Loyalists
16778,30,9,3812.4803495777455,4,5,5,14,Champions
16779,409,1,328.9085189865484,1,1,1,3,Lost
16780,25,5,2179.800302142716,4,3,3,10,Loyal Customers
16781,55,4,1373.706298678172,3,2,1,6,At Risk
16782,103,5,2659.4742493390536,2,3,3,8,Potential Loyalists
16783,96,4,1460.2775256490515,2,2,2,6,At Risk
16784,1,6,1800.1308513168171,5,4,2,11,Loyal Customers
16785,138,4,2632.832346854206,1,2,3,6,At Risk
16786,21,5,2422.357745537447,4,3,3,10,Loyal Customers
16787,62,7,2692.474993199384,3,5,3,11,Loyal Customers
16788,93,6,3490.706839194504,2,4,4,10,Loyal Customers
16789,36,3,1069.9515122098142,4,2,1,7,Potential Loyalists
16790,23,6,3929.92577254565,4,4,5,13,Champions
16791,157,3,1553.3902804774357,1,2,2,5,At Risk
16792,9,3,642.2209617668491,5,2,1,8,Potential Loyalists
16793,161,4,1344.80600073703,1,2,1,4,At Risk
16794,159,4,2286.3998069306303,1,2,3,6,At Risk
16795,14,7,3269.2734056490503,5,5,4,14,Champions
16796,25,6,1760.520814384775,4,4,2,10,Loyal Customers
16797,81,4,1562.0248318459765,2,2,2,6,At Risk
16798,110,7,2872.290940554794,2,5,4,11,Loyal Customers
16799,123,4,2578.769348999688,2,2,3,7,Potential Loyalists
16800,17,9,4183.438130080656,5,5,5,15,Champions
16801,11,5,3419.0423177974944,5,3,4,12,Loyal Customers
16802,23,6,3590.255696161486,4,4,5,13,Champions
16803,12,2,1035.4382357831685,5,1,1,7,Potential Loyalists
16804,259,2,1292.9476419145535,1,1,1,3,Lost
16805,144,4,2035.38372953314,1,2,2,5,At Risk
16806,62,7,2677.903845234,3,5,3,11,Loyal Customers
16807,144,7,3961.152695328881,1,5,5,11,Loyal Customers
16808,40,5,2425.307134934981,4,3,3,10,Loyal Customers
16809,104,2,1075.5994567583248,2,1,1,4,At Risk
16810,32,4,2261.610034913173,4,2,3,9,Potential Loyalists
16811,113,4,2007.0206807489176,2,2,2,6,At Risk
16812,11,6,3322.8182896285384,5,4,4,13,Champions
16813,59,8,4932.27909138926,3,5,5,13,Champions
16814,36,8,3448.524363592864,4,5,4,13,Champions
16815,162,3,1469.3999044561674,1,2,2,5,At Risk
16816,13,5,1716.59040754665,5,3,2,10,Loyal Customers
16817,54,4,2280.654888046128,3,2,3,8,Potential Loyalists
16818,167,6,3406.6378382520297,1,4,4,9,Potential Loyalists
16819,38,6,3153.988586823179,4,4,4,12,Loyal Customers
16820,55,6,2915.135017130242,3,4,4,11,Loyal Customers
16821,80,4,2438.215831138327,2,2,3,7,Potential Loyalists
16822,15,2,1328.7017346165794,5,1,1,7,Potential Loyalists
16823,28,6,2397.704677344977,4,4,3,11,Loyal Customers
16824,82,5,1328.2358799772512,2,3,1,6,At Risk
16825,328,2,468.3668817753551,1,1,1,3,Lost
16826,12,4,2064.055600179945,5,2,2,9,Potential Loyalists
16827,75,3,1651.6765659541516,3,2,2,7,Potential Loyalists
16828,2,3,977.4966921374864,5,2,1,8,Potential Loyalists
16829,59,7,3375.9593853854567,3,5,4,12,Loyal Customers
16830,182,2,131.7502669054018,1,1,1,3,Lost
16831,46,5,2723.6237206985547,3,3,3,9,Potential Loyalists
16832,14,7,2982.826095501133,5,5,4,14,Champions
16833,70,3,1858.4758427182528,3,2,2,7,Potential Loyalists
16834,35,11,4362.079892497274,4,5,5,14,Champions
16835,57,10,5512.774947044122,3,5,5,13,Champions
16836,368,1,758.4767767970585,1,1,1,3,Lost
16837,72,2,908.3638738190788,3,1,1,5,At Risk
16838,176,8,4114.828747813394,1,5,5,11,Loyal Customers
16839,85,5,3068.4575035925627,2,3,4,9,Potential Loyalists
16840,24,3,1352.8896091681058,4,2,1,7,Potential Loyalists
16841,205,6,3051.068582065907,1,4,4,9,Potential Loyalists
16842,1,4,1388.1130937269943,5,2,1,8,Potential Loyalists
16843,3,8,4114.328263076893,5,5,5,15,Champions
16844,160,4,1102.7716505893848,1,2,1,4,At Risk
16845,17,6,1165.503719263307,5,4,1,10,Loyal Customers
16846,6,6,4018.721119700478,5,4,5,14,Champions
16847,73,6,1251.3936889862323,3,4,1,8,Potential Loyalists
16848,38,3,2344.0287425619795,4,2,3,9,Potential Loyalists
16849,30,5,2613.7718960907805,4,3,3,10,Loyal Customers
16850,155,4,2040.499855799536,1,2,2,5,At Risk
16851,82,4,2233.192139673377,2,2,3,7,Potential Loyalists
16852,35,4,2160.4592290170585,4,2,3,9,Potential Loyalists
16853,14,8,4446.214160002661,5,5,5,15,Champions
16854,5,5,2994.3565479533045,5,3,4,12,Loyal Customers
16855,20,7,3068.4042232503302,4,5,4,13,Champions
16856,12,3,1962.4955161411535,5,2,2,9,Potential Loyalists
16857,43,6,3081.490072685124,4,4,4,12,Loyal Customers
16858,7,6,2773.1541035916625,5,4,4,13,Champions
16859,29,5,1255.53462936378,4,3,1,8,Potential Loyalists
16860,14,5,2646.5096661002867,5,3,3,11,Loyal Customers
16861,87,5,3795.5640810201903,2,3,5,10,Loyal Customers
16862,28,5,2189.809805165457,4,3,3,10,Loyal Customers
16863,2,8,4820.3044083382265,5,5,5,15,Champions
16864,125,3,1495.8112532612884,2,2,2,6,At Risk
16865,190,4,1663.3408447592185,1,2,2,5,At Risk
16866,2,5,2920.795646630087,5,3,4,12,Loyal Customers
16867,37,4,2685.092502238665,4,2,3,9,Potential Loyalists
16868,57,6,1707.823838740317,3,4,2,9,Potential Loyalists
16869,15,5,2662.77529405668,5,3,3,11,Loyal Customers
16870,26,7,4759.282758111533,4,5,5,14,Champions
16871,73,7,4533.091477347722,3,5,5,13,Champions
16872,35,6,3240.7525293474896,4,4,4,12,Loyal Customers
16873,110,2,1058.1261481082672,2,1,1,4,At Risk
16874,53,3,1204.1736856722723,3,2,1,6,At Risk
16875,95,7,3171.9544473092865,2,5,4,11,Loyal Customers
16876,1,5,2398.8409266369317,5,3,3,11,Loyal Customers
16877,13,5,2245.2786299337367,5,3,3,11,Loyal Customers
16878,146,2,293.7088927109611,1,1,1,3,Lost
16879,150,5,2074.584356223842,1,3,2,6,At Risk
16880,96,5,2955.375658404484,2,3,4,9,Potential Loyalists
16881,70,5,3888.9082571739928,3,3,5,11,Loyal Customers
16882,22,8,1969.266363748833,4,5,2,11,Loyal Customers
16883,55,4,2061.0214199196703,3,2,2,7,Potential Loyalists
16884,3,8,3594.2381219605686,5,5,5,15,Champions
16885,324,3,1749.3649499159965,1,2,2,5,At Risk
16886,45,4,2256.2797875630768,3,2,3,8,Potential Loyalists
16887,28,4,2960.820323648969,4,2,4,10,Loyal Customers
16888,73,2,1540.23718136017,3,1,2,6,At Risk
16889,53,2,581.4256161021351,3,1,1,5,At Risk
16890,68,3,1829.4412044591927,3,2,2,7,Potential Loyalists
16891,153,3,436.5164852021342,1,2,1,4,At Risk
16892,60,3,1671.594776366866,3,2,2,7,Potential Loyalists
16893,13,5,1417.9802738180715,5,3,1,9,Potential Loyalists
16894,201,6,3599.3054620140074,1,4,5,10,Loyal Customers
16895,107,2,919.952555754743,2,1,1,4,At Risk
16896,69,5,2019.7154305283696,3,3,2,8,Potential Loyalists
16897,79,3,1301.2875612974965,2,2,1,5,At Risk
16898,65,8,4043.5163427475486,3,5,5,13,Champions
16899,132,4,1037.6398746806528,2,2,1,5,At Risk
16900,69,2,264.36686006325067,3,1,1,5,At Risk
16901,15,8,3437.491108832396,5,5,4,14,Champions
16902,31,3,2131.518773591707,4,2,3,9,Potential Loyalists
16903,56,4,2509.414499734773,3,2,3,8,Potential Loyalists
16904,40,3,1240.8082445108294,4,2,1,7,Potential Loyalists
16906,12,12,4176.025349471707,5,5,5,15,Champions
16907,37,6,2156.700960571613,4,4,3,11,Loyal Customers
16908,37,4,1336.3296931366026,4,2,1,7,Potential Loyalists
16909,1,4,1385.7647619029622,5,2,1,8,Potential Loyalists
16910,18,4,1955.7168395927629,5,2,2,9,Potential Loyalists
16911,77,7,4808.511357378892,2,5,5,12,Loyal Customers
16912,7,5,2255.1633446516544,5,3,3,11,Loyal Customers
16913,292,3,443.6847292683789,1,2,1,4,At Risk
16914,238,2,1053.661897240924,1,1,1,3,Lost
16915,250,5,3679.9480965642992,1,3,5,9,Potential Loyalists
16916,105,5,2886.0000215110667,2,3,4,9,Potential Loyalists
16917,367,1,69.32506213753922,1,1,1,3,Lost
16918,23,4,2218.545421629394,4,2,3,9,Potential Loyalists
16919,2,5,3374.5213175796584,5,3,4,12,Loyal Customers
16920,114,3,927.7745424318588,2,2,1,5,At Risk
16921,37,3,1383.9196153578337,4,2,1,7,Potential Loyalists
16922,379,1,223.0131919816781,1,1,1,3,Lost
16923,1,4,1528.6826133251905,5,2,2,9,Potential Loyalists
16924,109,2,1264.0511857004958,2,1,1,4,At Risk
16925,42,5,3491.734264981116,4,3,4,11,Loyal Customers
16926,149,2,1829.292861101806,1,1,2,4,At Risk
16927,66,1,914.254911185506,3,1,1,5,At Risk
16928,26,4,2105.192977570696,4,2,3,9,Potential Loyalists
16929,24,5,2548.150841568022,4,3,3,10,Loyal Customers
16930,58,5,2281.903215009841,3,3,3,9,Potential Loyalists
16931,407,1,59.1002130418434,1,1,1,3,Lost
16932,285,1,573.8323691937919,1,1,1,3,Lost
16933,315,2,1095.208532707742,1,1,1,3,Lost
16934,18,3,1799.655311347236,5,2,2,9,Potential Loyalists
16935,134,6,2313.1646119969478,1,4,3,8,Potential Loyalists
16936,45,4,2382.809996517333,3,2,3,8,Potential Loyalists
16937,73,3,1027.0412998471231,3,2,1,6,At Risk
16938,117,8,4181.317476325756,2,5,5,12,Loyal Customers
16939,183,5,2944.231942835358,1,3,4,8,Potential Loyalists
16940,145,2,540.1318783244367,1,1,1,3,Lost
16941,20,6,1796.4358427234347,4,4,2,10,Loyal Customers
16942,202,6,2994.01459868372,1,4,4,9,Potential Loyalists
16943,70,4,2439.3462428829507,3,2,3,8,Potential Loyalists
16944,60,7,4570.333566536682,3,5,5,13,Champions
16945,66,4,1498.113707288645,3,2,2,7,Potential Loyalists
16946,236,2,1391.062454972318,1,1,1,3,Lost
16947,43,1,143.86803213550627,4,1,1,6,At Risk
16948,28,9,4407.349748643239,4,5,5,14,Champions
16949,284,1,750.3814170803366,1,1,1,3,Lost
16950,49,5,3039.301548009294,3,3,4,10,Loyal Customers
16951,113,3,1519.2931690537168,2,2,2,6,At Risk
16952,141,2,1862.2443875381252,1,1,2,4,At Risk
16953,10,5,2395.7314678838043,5,3,3,11,Loyal Customers
16954,206,5,2080.636526322313,1,3,2,6,At Risk
16955,85,2,488.4609168695559,2,1,1,4,At Risk
16956,141,2,1024.5585263073442,1,1,1,3,Lost
16957,95,6,2106.805044542634,2,4,3,9,Potential Loyalists
16958,86,7,3183.2454917626337,2,5,4,11,Loyal Customers
16959,46,5,3259.121789301169,3,3,4,10,Loyal Customers
16960,15,5,3149.2424906470096,5,3,4,12,Loyal Customers
16961,17,8,3673.848700093911,5,5,5,15,Champions
16962,14,5,3283.0948845187804,5,3,4,12,Loyal Customers
16963,233,2,303.1285806818784,1,1,1,3,Lost
16964,100,5,1795.206487407713,2,3,2,7,Potential Loyalists
16965,184,3,1283.5150271145808,1,2,1,4,At Risk
16966,88,3,2205.4128435361104,2,2,3,7,Potential Loyalists
16967,21,5,2759.293622793902,4,3,4,11,Loyal Customers
16968,112,6,3738.0633668954906,2,4,5,11,Loyal Customers
16969,24,5,2189.475448272612,4,3,3,10,Loyal Customers
16970,45,3,1773.1967362055234,3,2,2,7,Potential Loyalists
16971,17,7,3151.633374178418,5,5,4,14,Champions
16972,120,6,2260.1763567151106,2,4,3,9,Potential Loyalists
16973,159,3,831.7904416411941,1,2,1,4,At Risk
16974,122,5,3027.430902323305,2,3,4,9,Potential Loyalists
16975,24,5,2772.532214337705,4,3,4,11,Loyal Customers
16976,114,3,1586.687426056912,2,2,2,6,At Risk
16977,113,4,2079.150894821303,2,2,2,6,At Risk
16978,143,5,2817.733386653449,1,3,4,8,Potential Loyalists
16979,16,4,2487.6877264998493,5,2,3,10,Loyal Customers
16980,212,6,4097.996293177807,1,4,5,10,Loyal Customers
16981,12,9,4119.872897118359,5,5,5,15,Champions
16982,53,11,4189.845767022348,3,5,5,13,Champions
16983,85,4,2062.33469422787,2,2,2,6,At Risk
16984,35,4,1955.6542248917715,4,2,2,8,Potential Loyalists
16985,24,7,3128.487623388623,4,5,4,13,Champions
16986,275,3,1472.8755421872168,1,2,2,5,At Risk
16987,29,5,2241.951294220466,4,3,3,10,Loyal Customers
16988,130,4,2199.0393033949244,2,2,3,7,Potential Loyalists
16989,124,2,219.98689090418836,2,1,1,4,At Risk
16990,10,8,3480.7276316056927,5,5,4,14,Champions
16991,229,2,411.6323593982596,1,1,1,3,Lost
16992,37,5,3601.053804744693,4,3,5,12,Loyal Customers
16993,100,9,3949.600796304463,2,5,5,12,Loyal Customers
16994,30,7,3822.8401030167233,4,5,5,14,Champions
16995,419,1,622.2293859977267,1,1,1,3,Lost
16996,154,6,2282.09607514033,1,4,3,8,Potential Loyalists
16997,81,8,4485.502942967838,2,5,5,12,Loyal Customers
16998,27,5,2161.1982252617067,4,3,3,10,Loyal Customers
16999,17,10,4140.306650972672,5,5,5,15,Champions
17000,33,9,5220.465362136087,4,5,5,14,Champions
17001,51,7,3835.596465281228,3,5,5,13,Champions
17002,29,7,4823.693031151543,4,5,5,14,Champions
17003,186,9,4094.358784675496,1,5,5,11,Loyal Customers
17004,103,5,1016.3933829228458,2,3,1,6,At Risk
17005,139,8,3701.7221482058303,1,5,5,11,Loyal Customers
17006,62,5,2259.9772459567184,3,3,3,9,Potential Loyalists
17007,14,4,2290.360825771761,5,2,3,10,Loyal Customers
17008,12,5,1278.1720552710335,5,3,1,9,Potential Loyalists
17009,49,13,6556.530593027255,3,5,5,13,Champions
17010,47,6,1890.497348971165,3,4,2,9,Potential Loyalists
17011,15,3,1671.9578557503432,5,2,2,9,Potential Loyalists
17012,45,7,3227.3936690968203,3,5,4,12,Loyal Customers
17013,45,4,1785.7881463924273,3,2,2,7,Potential Loyalists
17014,6,8,4005.631996596336,5,5,5,15,Champions
17015,12,6,2893.589157706152,5,4,4,13,Champions
17016,8,10,5702.848910934349,5,5,5,15,Champions
17017,42,3,1393.6221810966745,4,2,1,7,Potential Loyalists
17018,5,3,1368.6107904720204,5,2,1,8,Potential Loyalists
17019,141,7,4377.617967399379,1,5,5,11,Loyal Customers
17020,202,4,1627.0981331952598,1,2,2,5,At Risk
17021,61,6,3591.7348856248877,3,4,5,12,Loyal Customers
17022,127,5,2636.899303916672,2,3,3,8,Potential Loyalists
17023,20,5,2632.5447534219684,4,3,3,10,Loyal Customers
17024,17,5,2547.657753884826,5,3,3,11,Loyal Customers
17025,53,2,605.5310297366524,3,1,1,5,At Risk
17026,29,7,3592.2048533996503,4,5,5,14,Champions
17027,110,5,2033.6735150139812,2,3,2,7,Potential Loyalists
17028,65,4,1712.109669343458,3,2,2,7,Potential Loyalists
17029,104,5,1600.4043955175457,2,3,2,7,Potential Loyalists
17030,137,1,232.5299376246149,1,1,1,3,Lost
17031,8,3,1172.8242349575523,5,2,1,8,Potential Loyalists
17032,9,3,1223.837833441305,5,2,1,8,Potential Loyalists
17033,14,5,3035.0059812262502,5,3,4,12,Loyal Customers
17034,42,3,1945.597068305647,4,2,2,8,Potential Loyalists
17035,31,7,3385.7429920926065,4,5,4,13,Champions
17036,74,5,2205.2830799874555,3,3,3,9,Potential Loyalists
17037,22,7,4181.31420276158,4,5,5,14,Champions
17038,47,4,1915.2648559824636,3,2,2,7,Potential Loyalists
17039,18,6,2031.7265682632965,5,4,2,11,Loyal Customers
17040,104,9,4070.121181257381,2,5,5,12,Loyal Customers
17041,99,2,955.4773904289854,2,1,1,4,At Risk
17042,73,8,3924.318873683138,3,5,5,13,Champions
17043,3,6,3812.564021766939,5,4,5,14,Champions
17044,80,8,3585.5079003514056,2,5,5,12,Loyal Customers
17045,16,6,4521.308157127875,5,4,5,14,Champions
17046,45,5,3092.067139634029,3,3,4,10,Loyal Customers
17047,96,7,3939.428841602874,2,5,5,12,Loyal Customers
17048,79,4,1972.6778645757292,2,2,2,6,At Risk
17049,290,3,962.35844321198,1,2,1,4,At Risk
17050,167,1,45.8823290719727,1,1,1,3,Lost
17051,178,9,3979.967941213391,1,5,5,11,Loyal Customers
17052,52,7,3755.1837751134663,3,5,5,13,Champions
17053,162,3,582.5918681746292,1,2,1,4,At Risk
17054,188,4,1852.532405224762,1,2,2,5,At Risk
17055,42,5,2740.147844254122,4,3,3,10,Loyal Customers
17056,106,5,4000.8575636620576,2,3,5,10,Loyal Customers
17057,32,8,2756.910581718106,4,5,4,13,Champions
17058,5,8,3645.3950770014008,5,5,5,15,Champions
17059,18,8,4294.388666117796,5,5,5,15,Champions
17060,67,7,3116.343588278677,3,5,4,12,Loyal Customers
17061,70,4,1740.378496950084,3,2,2,7,Potential Loyalists
17062,89,4,2455.477005111199,2,2,3,7,Potential Loyalists
17063,117,6,3339.3199592339074,2,4,4,10,Loyal Customers
17064,133,5,1696.215669711424,2,3,2,7,Potential Loyalists
17065,201,3,1476.4104859873075,1,2,2,5,At Risk
17066,66,3,1170.5716217106635,3,2,1,6,At Risk
17067,68,6,1304.8928170614593,3,4,1,8,Potential Loyalists
17068,77,4,2446.017697465659,2,2,3,7,Potential Loyalists
17069,74,3,1802.776357903007,3,2,2,7,Potential Loyalists
17070,16,11,6800.891432782,5,5,5,15,Champions
17071,296,1,500.3610781230519,1,1,1,3,Lost
17072,70,5,2685.672919935917,3,3,3,9,Potential Loyalists
17073,151,5,2015.4538039942825,1,3,2,6,At Risk
17074,24,5,2416.033823531689,4,3,3,10,Loyal Customers
17075,28,4,1218.811417823257,4,2,1,7,Potential Loyalists
17076,41,4,1765.5245838172405,4,2,2,8,Potential Loyalists
17077,97,8,4404.67270400677,2,5,5,12,Loyal Customers
17078,9,5,1109.6714322781645,5,3,1,9,Potential Loyalists
17079,73,6,2293.910898052457,3,4,3,10,Loyal Customers
17080,12,5,2894.204448936298,5,3,4,12,Loyal Customers
17081,56,9,4031.902864613548,3,5,5,13,Champions
17082,25,9,5954.805878733623,4,5,5,14,Champions
17083,46,9,5019.310287696323,3,5,5,13,Champions
17084,92,12,6994.693953419153,2,5,5,12,Loyal Customers
17085,23,7,3367.525274932911,4,5,4,13,Champions
17086,138,3,1646.7150858098216,1,2,2,5,At Risk
17087,6,9,4899.432190134497,5,5,5,15,Champions
17088,51,9,5832.277267745931,3,5,5,13,Champions
17089,65,5,2777.6059601684674,3,3,4,10,Loyal Customers
17090,70,7,4236.530751085132,3,5,5,13,Champions
17091,32,6,2469.0280907129745,4,4,3,11,Loyal Customers
17092,104,5,3420.675219444925,2,3,4,9,Potential Loyalists
17093,89,7,4629.170419439362,2,5,5,12,Loyal Customers
17094,14,3,1573.9140898339615,5,2,2,9,Potential Loyalists
17095,41,6,3166.945014895067,4,4,4,12,Loyal Customers
17096,1,4,1645.3356623510067,5,2,2,9,Potential Loyalists
17097,185,4,1108.5618044946357,1,2,1,4,At Risk
17098,98,10,3715.2950654569,2,5,5,12,Loyal Customers
17099,11,6,3075.3560641747817,5,4,4,13,Champions
17100,7,9,3671.417753533123,5,5,5,15,Champions
17101,329,2,1491.836952441546,1,1,2,4,At Risk
17102,104,5,2854.00306102982,2,3,4,9,Potential Loyalists
17103,53,10,4835.250082365993,3,5,5,13,Champions
17104,133,4,1661.568010350912,2,2,2,6,At Risk
17105,4,5,2564.416424882089,5,3,3,11,Loyal Customers
17106,16,7,2674.4031125628667,5,5,3,13,Champions
17107,177,5,2051.142426671822,1,3,2,6,At Risk
17108,246,2,1166.8977874207253,1,1,1,3,Lost
17109,8,6,2338.2588585871217,5,4,3,12,Loyal Customers
17110,336,3,1377.08439435324,1,2,1,4,At Risk
17111,60,2,738.9188392000619,3,1,1,5,At Risk
17112,78,5,2134.194633157133,2,3,3,8,Potential Loyalists
17113,37,4,1865.344682054278,4,2,2,8,Potential Loyalists
17114,284,2,624.392610082377,1,1,1,3,Lost
17115,77,6,3751.3910613094704,2,4,5,11,Loyal Customers
17116,88,4,1821.923851713395,2,2,2,6,At Risk
17117,30,10,4099.926703054476,4,5,5,14,Champions
17118,104,6,3565.0498356165604,2,4,5,11,Loyal Customers
17119,153,5,2057.394609327883,1,3,2,6,At Risk
17120,146,4,2017.4075949275696,1,2,2,5,At Risk
17121,78,5,2676.0237843469004,2,3,3,8,Potential Loyalists
17122,45,6,2419.749421292314,3,4,3,10,Loyal Customers
17123,57,3,856.7676270288364,3,2,1,6,At Risk
17124,25,5,1627.863730743757,4,3,2,9,Potential Loyalists
17125,6,7,4564.2771815226215,5,5,5,15,Champions
17126,48,3,1266.6937298413525,3,2,1,6,At Risk
17127,56,7,3882.235830539058,3,5,5,13,Champions
17128,118,5,2487.7311136465505,2,3,3,8,Potential Loyalists
17129,13,2,1497.551015521352,5,1,2,8,Potential Loyalists
17130,61,7,4105.98206620119,3,5,5,13,Champions
17131,12,5,3273.995432858409,5,3,4,12,Loyal Customers
17132,5,5,3704.042205313445,5,3,5,13,Champions
17133,52,3,1236.7425069271912,3,2,1,6,At Risk
17134,122,1,366.6553255484921,2,1,1,4,At Risk
17135,283,2,853.7288034580719,1,1,1,3,Lost
17136,6,9,3716.617392505641,5,5,5,15,Champions
17137,59,2,1085.4849324156553,3,1,1,5,At Risk
17138,60,3,1091.4231471360515,3,2,1,6,At Risk
17139,208,4,1984.8430265780123,1,2,2,5,At Risk
17140,62,9,4853.019960366721,3,5,5,13,Champions
17141,28,5,3577.342945053123,4,3,5,12,Loyal Customers
17142,40,7,3663.57267812444,4,5,5,14,Champions
17143,252,4,1828.5524429878888,1,2,2,5,At Risk
17144,140,5,1629.399001705415,1,3,2,6,At Risk
17145,16,3,1451.6135572425048,5,2,2,9,Potential Loyalists
17146,63,5,2397.220622915979,3,3,3,9,Potential Loyalists
17147,52,5,2064.758763609756,3,3,2,8,Potential Loyalists
17148,21,5,2801.5749346623606,4,3,4,11,Loyal Customers
17149,158,5,2335.8053757071293,1,3,3,7,Potential Loyalists
17150,61,2,739.9339737408789,3,1,1,5,At Risk
17151,57,6,3728.879040190905,3,4,5,12,Loyal Customers
17152,36,5,1399.9462284972549,4,3,1,8,Potential Loyalists
17153,31,4,2716.7910114941114,4,2,3,9,Potential Loyalists
17154,14,6,2817.377954589121,5,4,4,13,Champions
17155,134,6,3121.874650887441,1,4,4,9,Potential Loyalists
17156,73,8,3294.9804109734696,3,5,4,12,Loyal Customers
17157,78,5,3325.982268244238,2,3,4,9,Potential Loyalists
17158,12,6,3427.3094616545704,5,4,4,13,Champions
17159,99,3,1528.0652523452982,2,2,2,6,At Risk
17160,12,6,2784.5675603734912,5,4,4,13,Champions
17161,22,6,4804.2223045020055,4,4,5,13,Champions
17162,33,3,565.7591997507537,4,2,1,7,Potential Loyalists
17163,36,5,3062.0722157905216,4,3,4,11,Loyal Customers
17164,1,8,4585.263893445251,5,5,5,15,Champions
17165,36,8,6644.089867173929,4,5,5,14,Champions
17166,114,6,2983.8331682696094,2,4,4,10,Loyal Customers
17167,11,9,5428.560233742002,5,5,5,15,Champions
17168,49,4,2264.096799460492,3,2,3,8,Potential Loyalists
17169,250,1,789.3722878008222,1,1,1,3,Lost
17170,30,8,4026.063785868229,4,5,5,14,Champions
17171,129,4,1950.5053992536093,2,2,2,6,At Risk
17172,9,6,3347.093214460741,5,4,4,13,Champions
17173,28,4,2647.292170599264,4,2,3,9,Potential Loyalists
17174,15,6,2163.965764209476,5,4,3,12,Loyal Customers
17175,201,4,1660.9958562584004,1,2,2,5,At Risk
17176,86,4,2680.833841518994,2,2,3,7,Potential Loyalists
17177,115,4,2635.043469086446,2,2,3,7,Potential Loyalists
17178,120,5,2993.625020597989,2,3,4,9,Potential Loyalists
17179,144,3,1128.2083723778694,1,2,1,4,At Risk
17180,62,7,2974.783236449587,3,5,4,12,Loyal Customers
17181,337,3,1882.3236826986772,1,2,2,5,At Risk
17182,54,8,4128.474820996631,3,5,5,13,Champions
17183,120,2,538.229638227559,2,1,1,4,At Risk
17184,104,6,3261.760287352673,2,4,4,10,Loyal Customers
17185,62,4,1253.6234986483053,3,2,1,6,At Risk
17186,25,4,1336.2149185092262,4,2,1,7,Potential Loyalists
17187,100,6,2420.5634557213043,2,4,3,9,Potential Loyalists
17188,99,5,1667.085114123121,2,3,2,7,Potential Loyalists
17189,17,7,4373.952688093135,5,5,5,15,Champions
17190,12,5,2754.1756478119028,5,3,4,12,Loyal Customers
17191,34,12,4420.919904415985,4,5,5,14,Champions
17192,72,4,2260.4854886027747,3,2,3,8,Potential Loyalists
17193,44,8,4315.123821374469,3,5,5,13,Champions
17194,6,4,1373.0240214662977,5,2,1,8,Potential Loyalists
17195,89,4,2042.2822174507453,2,2,2,6,At Risk
17196,126,3,1290.9363274938685,2,2,1,5,At Risk
17197,2,8,4180.965702432757,5,5,5,15,Champions
17198,56,6,2828.0644712964527,3,4,4,11,Loyal Customers
17199,1,4,1220.3296782491802,5,2,1,8,Potential Loyalists
17200,2,5,1590.156866914728,5,3,2,10,Loyal Customers
17201,19,2,1676.9542296093186,5,1,2,8,Potential Loyalists
17202,121,1,641.2789560018012,2,1,1,4,At Risk
17203,88,7,1838.0717914242143,2,5,2,9,Potential Loyalists
17204,55,5,2709.994300140141,3,3,3,9,Potential Loyalists
17205,3,5,3819.3412954626506,5,3,5,13,Champions
17206,147,3,912.524226614942,1,2,1,4,At Risk
17207,57,9,5112.717333201519,3,5,5,13,Champions
17208,10,7,4372.7362941065085,5,5,5,15,Champions
17209,71,5,2495.934357795025,3,3,3,9,Potential Loyalists
17210,4,5,2234.317191993273,5,3,3,11,Loyal Customers
17211,57,9,3697.4887119502655,3,5,5,13,Champions
17212,59,6,2384.159074858932,3,4,3,10,Loyal Customers
17213,86,5,2417.103027839187,2,3,3,8,Potential Loyalists
17214,83,5,3659.2470725432713,2,3,5,10,Loyal Customers
17215,141,6,3159.5906076365754,1,4,4,9,Potential Loyalists
17216,33,5,1678.4176941357962,4,3,2,9,Potential Loyalists
17217,58,5,2697.6214371681863,3,3,3,9,Potential Loyalists
17218,264,1,394.8462780604684,1,1,1,3,Lost
17219,53,5,2172.3788954920738,3,3,3,9,Potential Loyalists
17220,10,6,2478.3066964791915,5,4,3,12,Loyal Customers
17221,8,1,926.2980314768108,5,1,1,7,Potential Loyalists
17222,31,6,1910.74408529232,4,4,2,10,Loyal Customers
17223,127,4,2397.046905246892,2,2,3,7,Potential Loyalists
17224,27,2,1252.061510665188,4,1,1,6,At Risk
17225,2,6,3214.853868191361,5,4,4,13,Champions
17226,228,5,3014.2323953327736,1,3,4,8,Potential Loyalists
17227,57,12,5418.647011818917,3,5,5,13,Champions
17228,82,7,1969.1057497779404,2,5,2,9,Potential Loyalists
17229,88,4,1123.912784034635,2,2,1,5,At Risk
17230,29,6,2526.8262568997425,4,4,3,11,Loyal Customers
17231,19,7,4171.609847054067,5,5,5,15,Champions
17232,152,3,1634.0207144471728,1,2,2,5,At Risk
17233,89,7,3268.8158252904823,2,5,4,11,Loyal Customers
17234,35,4,1744.3956129631176,4,2,2,8,Potential Loyalists
17235,28,5,2330.164907484534,4,3,3,10,Loyal Customers
17236,47,9,4829.5267084217085,3,5,5,13,Champions
17237,50,10,4423.530115197982,3,5,5,13,Champions
17238,12,5,1295.278088864076,5,3,1,9,Potential Loyalists
17239,2,3,2232.1914453109857,5,2,3,10,Loyal Customers
17240,17,4,1242.6882111586888,5,2,1,8,Potential Loyalists
17241,277,6,2382.060194587445,1,4,3,8,Potential Loyalists
17242,110,5,3481.86385621272,2,3,4,9,Potential Loyalists
17243,26,4,2287.030580314041,4,2,3,9,Potential Loyalists
17244,255,3,1624.257946205414,1,2,2,5,At Risk
17245,99,4,1511.7985931431629,2,2,2,6,At Risk
17246,33,6,3055.0008152465,4,4,4,12,Loyal Customers
17247,1,8,3063.1790125885977,5,5,4,14,Champions
17248,63,5,2619.5883441510814,3,3,3,9,Potential Loyalists
17249,50,7,3228.718657293772,3,5,4,12,Loyal Customers
17250,41,6,3156.062677823739,4,4,4,12,Loyal Customers
17251,96,5,3324.7802568859147,2,3,4,9,Potential Loyalists
17252,211,1,622.1519061242059,1,1,1,3,Lost
17253,17,5,3830.670111878163,5,3,5,13,Champions
17254,85,4,2078.943654450749,2,2,2,6,At Risk
17255,22,5,2613.0475792702678,4,3,3,10,Loyal Customers
17256,100,4,1753.5286344491433,2,2,2,6,At Risk
17257,5,6,3053.278094877439,5,4,4,13,Champions
17258,28,7,5436.068684900091,4,5,5,14,Champions
17259,170,2,372.35052276848745,1,1,1,3,Lost
17260,73,4,1834.9332490279,3,2,2,7,Potential Loyalists
17261,83,5,3024.0453243831817,2,3,4,9,Potential Loyalists
17262,74,5,2744.625647371107,3,3,4,10,Loyal Customers
17263,196,5,2926.478100484897,1,3,4,8,Potential Loyalists
17264,194,7,3829.4715595196303,1,5,5,11,Loyal Customers
17265,5,7,4056.628577194424,5,5,5,15,Champions
17266,88,5,2780.590411037621,2,3,4,9,Potential Loyalists
17267,108,3,410.80396550340174,2,2,1,5,At Risk
17268,98,1,693.9316580373604,2,1,1,4,At Risk
17269,75,3,1344.2818399605646,3,2,1,6,At Risk
17270,99,7,3670.80627533457,2,5,5,12,Loyal Customers
17271,10,2,361.77371092705687,5,1,1,7,Potential Loyalists
17272,29,7,3457.418201372154,4,5,4,13,Champions
17273,51,3,500.8633702992992,3,2,1,6,At Risk
17274,90,5,2696.7252005079035,2,3,3,8,Potential Loyalists
17275,24,5,1913.3093982418484,4,3,2,9,Potential Loyalists
17276,38,5,2236.966608124607,4,3,3,10,Loyal Customers
17277,76,4,1238.9357085379595,3,2,1,6,At Risk
17278,83,1,9.971082125176022,2,1,1,4,At Risk
17279,21,2,1519.918389661706,4,1,2,7,Potential Loyalists
17280,55,6,3127.429043942684,3,4,4,11,Loyal Customers
17281,87,7,2176.017628428072,2,5,3,10,Loyal Customers
17282,28,5,2751.8158819361115,4,3,4,11,Loyal Customers
17283,40,6,3685.6101214702494,4,4,5,13,Champions
17284,33,6,3030.4039335976167,4,4,4,12,Loyal Customers
17285,21,5,3438.4047820940427,4,3,4,11,Loyal Customers
17286,48,5,2542.878265006472,3,3,3,9,Potential Loyalists
17287,92,5,2069.861642135276,2,3,2,7,Potential Loyalists
17288,89,6,2828.4087047578,2,4,4,10,Loyal Customers
17289,65,5,1547.6587348610758,3,3,2,8,Potential Loyalists
17290,53,3,1404.8915804972462,3,2,1,6,At Risk
17291,8,4,2652.401095156546,5,2,3,10,Loyal Customers
17292,80,4,1727.9212522936546,2,2,2,6,At Risk
17293,191,3,1295.6819335092305,1,2,1,4,At Risk
17294,146,3,1642.2741769612448,1,2,2,5,At Risk
17295,20,3,1770.6749604424451,4,2,2,8,Potential Loyalists
17296,176,2,1309.0795858024962,1,1,1,3,Lost
17297,8,3,1449.3311518586522,5,2,2,9,Potential Loyalists
17298,14,7,3058.3462272385614,5,5,4,14,Champions
17299,345,2,1253.885993486036,1,1,1,3,Lost
17300,3,6,3476.1382969859533,5,4,4,13,Champions
17301,11,10,5040.472908123881,5,5,5,15,Champions
17302,58,3,2314.0805274965724,3,2,3,8,Potential Loyalists
17303,243,2,1013.6099895668108,1,1,1,3,Lost
17304,49,3,1289.798612994487,3,2,1,6,At Risk
17305,51,6,2191.3828180060364,3,4,3,10,Loyal Customers
17306,31,3,662.1975989110518,4,2,1,7,Potential Loyalists
17307,10,1,592.843170658549,5,1,1,7,Potential Loyalists
17308,104,5,3153.8730631645376,2,3,4,9,Potential Loyalists
17309,231,2,683.5486557903423,1,1,1,3,Lost
17310,58,4,2831.809661898096,3,2,4,9,Potential Loyalists
17311,60,8,3612.4580040019687,3,5,5,13,Champions
17312,28,11,4667.499250313377,4,5,5,14,Champions
17313,69,9,3481.885568180628,3,5,4,12,Loyal Customers
17314,61,8,3250.5263961049595,3,5,4,12,Loyal Customers
17315,16,3,1602.0502594188192,5,2,2,9,Potential Loyalists
17316,203,2,515.4130144855067,1,1,1,3,Lost
17317,21,5,2583.400421078215,4,3,3,10,Loyal Customers
17318,45,4,1274.8190574169196,3,2,1,6,At Risk
17319,89,4,2829.283484412537,2,2,4,8,Potential Loyalists
17320,93,6,1975.01961356959,2,4,2,8,Potential Loyalists
17321,3,6,2889.9248699967407,5,4,4,13,Champions
17322,24,4,3074.764023725075,4,2,4,10,Loyal Customers
17323,106,5,2551.2337624792726,2,3,3,8,Potential Loyalists
17324,5,6,3905.43953787496,5,4,5,14,Champions
17325,169,1,542.1617107387708,1,1,1,3,Lost
17326,130,5,1626.7854394381136,2,3,2,7,Potential Loyalists
17327,106,5,2293.696109198997,2,3,3,8,Potential Loyalists
17328,253,2,1042.0643571512617,1,1,1,3,Lost
17329,47,5,2821.4424403135627,3,3,4,10,Loyal Customers
17330,13,7,2742.275827856362,5,5,4,14,Champions
17331,10,4,1840.184458950613,5,2,2,9,Potential Loyalists
17332,1,5,1834.608708166079,5,3,2,10,Loyal Customers
17333,73,5,2786.612929849239,3,3,4,10,Loyal Customers
17334,71,5,2637.945598680641,3,3,3,9,Potential Loyalists
17335,174,5,2714.395842928239,1,3,3,7,Potential Loyalists
17336,103,3,1700.8500433019196,2,2,2,6,At Risk
17337,46,5,2202.6942014653964,3,3,3,9,Potential Loyalists
17338,70,3,2079.0223937081078,3,2,2,7,Potential Loyalists
17339,26,7,2869.3648405953563,4,5,4,13,Champions
17340,31,2,1036.7938594226391,4,1,1,6,At Risk
17341,15,4,2285.631378624767,5,2,3,10,Loyal Customers
17342,114,3,1562.6506291509322,2,2,2,6,At Risk
17343,96,5,2807.136326626003,2,3,4,9,Potential Loyalists
17344,22,3,1195.4560353356223,4,2,1,7,Potential Loyalists
17345,138,5,1996.3026902550828,1,3,2,6,At Risk
17346,35,7,3261.3038356913926,4,5,4,13,Champions
17347,355,2,1450.998436893845,1,1,2,4,At Risk
17348,2,9,4244.415183190691,5,5,5,15,Champions
17349,89,6,2826.720237797813,2,4,4,10,Loyal Customers
17350,15,4,1663.6981954694038,5,2,2,9,Potential Loyalists
17351,39,6,3514.842949946264,4,4,4,12,Loyal Customers
17352,10,6,1945.0424912722715,5,4,2,11,Loyal Customers
17353,110,5,2098.1501932965903,2,3,3,8,Potential Loyalists
17354,47,7,2499.9961181337617,3,5,3,11,Loyal Customers
17355,147,5,2251.502893041365,1,3,3,7,Potential Loyalists
17356,107,4,3042.698671275767,2,2,4,8,Potential Loyalists
17357,6,5,2820.944295401887,5,3,4,12,Loyal Customers
17358,210,3,1136.871397922902,1,2,1,4,At Risk
17359,6,5,2239.3690392812914,5,3,3,11,Loyal Customers
17360,23,3,1834.9236091580192,4,2,2,8,Potential Loyalists
17361,416,1,697.5930821674813,1,1,1,3,Lost
17362,12,7,3343.7554759182644,5,5,4,14,Champions
17363,17,6,2619.988260311485,5,4,3,12,Loyal Customers
17364,76,1,895.9092337804942,3,1,1,5,At Risk
17365,40,5,1465.3232726203005,4,3,2,9,Potential Loyalists
17366,12,3,1423.5135668126873,5,2,2,9,Potential Loyalists
17367,113,6,3675.640890975225,2,4,5,11,Loyal Customers
17368,150,3,1733.710095135507,1,2,2,5,At Risk
17369,53,7,4107.734581366632,3,5,5,13,Champions
17370,96,5,2523.074949056755,2,3,3,8,Potential Loyalists
17371,69,7,3335.8560902976005,3,5,4,12,Loyal Customers
17372,79,5,2684.5070498766563,2,3,3,8,Potential Loyalists
17373,79,5,1692.304980366273,2,3,2,7,Potential Loyalists
17374,93,4,1657.2547794320726,2,2,2,6,At Risk
17375,57,8,3604.5475344708407,3,5,5,13,Champions
17376,112,6,1689.275411842702,2,4,2,8,Potential Loyalists
17377,25,3,1220.0426541538675,4,2,1,7,Potential Loyalists
17378,40,4,1295.7226010749469,4,2,1,7,Potential Loyalists
17379,51,8,4190.941565502789,3,5,5,13,Champions
17380,9,4,1513.3725106293853,5,2,2,9,Potential Loyalists
17381,11,4,2366.110949554351,5,2,3,10,Loyal Customers
17382,57,10,7329.064111971315,3,5,5,13,Champions
17383,61,4,2303.942445805775,3,2,3,8,Potential Loyalists
17384,55,4,1703.5948815777103,3,2,2,7,Potential Loyalists
17385,52,6,2398.9183731573885,3,4,3,10,Loyal Customers
17386,79,7,2993.0780655711337,2,5,4,11,Loyal Customers
17387,37,6,3016.189133696715,4,4,4,12,Loyal Customers
17388,77,3,1962.5273454059216,2,2,2,6,At Risk
17389,97,3,1707.6087752111512,2,2,2,6,At Risk
17390,2,5,2031.5715905876127,5,3,2,10,Loyal Customers
17391,24,3,1041.3965384011692,4,2,1,7,Potential Loyalists
17392,45,6,3561.1673425990166,3,4,5,12,Loyal Customers
17393,39,8,2098.950503243822,4,5,3,12,Loyal Customers
17394,107,5,1861.491350438576,2,3,2,7,Potential Loyalists
17395,30,11,5741.755643246269,4,5,5,14,Champions
17396,98,3,1124.2077933533346,2,2,1,5,At Risk
17397,155,7,4443.369140894728,1,5,5,11,Loyal Customers
17398,31,5,2332.2703494135026,4,3,3,10,Loyal Customers
17399,16,8,4859.796054926461,5,5,5,15,Champions
17400,44,7,2873.751443302022,3,5,4,12,Loyal Customers
17401,33,10,4167.621747667393,4,5,5,14,Champions
17402,141,2,1036.0871670211716,1,1,1,3,Lost
17403,25,4,3043.3932335945924,4,2,4,10,Loyal Customers
17404,103,2,1326.3143893539286,2,1,1,4,At Risk
17405,10,7,4510.180415963425,5,5,5,15,Champions
17406,81,2,368.4959154491264,2,1,1,4,At Risk
17407,13,4,2240.793758371862,5,2,3,10,Loyal Customers
17408,46,5,1498.785946223342,3,3,2,8,Potential Loyalists
17409,18,7,4203.55800777782,5,5,5,15,Champions
17410,28,7,3450.3698263967444,4,5,4,13,Champions
17411,74,6,2804.572279248948,3,4,4,11,Loyal Customers
17412,27,3,1542.567333593801,4,2,2,8,Potential Loyalists
17413,119,2,610.4528971700342,2,1,1,4,At Risk
17414,206,7,4849.360858028986,1,5,5,11,Loyal Customers
17415,220,3,491.9564121035509,1,2,1,4,At Risk
17416,68,2,45.7267666826389,3,1,1,5,At Risk
17417,63,3,1248.369915904851,3,2,1,6,At Risk
17418,185,2,426.73852608749655,1,1,1,3,Lost
17419,72,7,3885.91904832149,3,5,5,13,Champions
17420,79,4,2893.0115696127023,2,2,4,8,Potential Loyalists
17421,21,9,2802.8893272220266,4,5,4,13,Champions
17422,153,7,3881.315746558442,1,5,5,11,Loyal Customers
17423,2,6,3332.0402124565,5,4,4,13,Champions
17424,153,6,2614.1734167025406,1,4,3,8,Potential Loyalists
17425,113,6,1569.6677585168748,2,4,2,8,Potential Loyalists
17426,26,7,2969.439872674803,4,5,4,13,Champions
17427,15,12,5573.096345857452,5,5,5,15,Champions
17428,13,2,417.87208615855775,5,1,1,7,Potential Loyalists
17429,25,4,1803.530587826384,4,2,2,8,Potential Loyalists
17430,208,6,2370.9097983355746,1,4,3,8,Potential Loyalists
17431,1,9,6112.483437191307,5,5,5,15,Champions
17432,234,3,1183.9676416503269,1,2,1,4,At Risk
17433,2,11,5396.784921074106,5,5,5,15,Champions
17434,14,6,3183.068938918539,5,4,4,13,Champions
17435,29,3,1382.342719431948,4,2,1,7,Potential Loyalists
17436,195,2,1103.989791786741,1,1,1,3,Lost
17437,5,6,3579.5739069620986,5,4,5,14,Champions
17438,114,6,3251.034173812213,2,4,4,10,Loyal Customers
17439,262,1,837.1006219677191,1,1,1,3,Lost
17440,29,6,2414.1331890148563,4,4,3,11,Loyal Customers
17441,14,5,2807.195741589636,5,3,4,12,Loyal Customers
17442,97,3,1631.6815758937937,2,2,2,6,At Risk
17443,148,6,2743.4317726741174,1,4,4,9,Potential Loyalists
17444,18,4,1092.5538920887172,5,2,1,8,Potential Loyalists
17445,61,5,2269.7330382477985,3,3,3,9,Potential Loyalists
17446,36,5,2833.126497197313,4,3,4,11,Loyal Customers
17447,1,9,4874.236129603818,5,5,5,15,Champions
17448,13,6,2923.9537254832844,5,4,4,13,Champions
17449,59,4,2759.1066448731417,3,2,4,9,Potential Loyalists
17450,38,3,1899.5817636141644,4,2,2,8,Potential Loyalists
17451,99,7,4778.89998607713,2,5,5,12,Loyal Customers
17452,61,3,1860.355019768024,3,2,2,7,Potential Loyalists
17453,143,6,1713.5511334199348,1,4,2,7,Potential Loyalists
17454,56,6,3957.96490375136,3,4,5,12,Loyal Customers
17455,81,5,4234.743374456264,2,3,5,10,Loyal Customers
17456,174,3,978.915359323836,1,2,1,4,At Risk
17457,108,3,2148.2764871342247,2,2,3,7,Potential Loyalists
17458,114,4,2092.5446156551634,2,2,3,7,Potential Loyalists
17459,103,3,362.91197693435134,2,2,1,5,At Risk
17460,81,4,2650.13799267902,2,2,3,7,Potential Loyalists
17461,4,3,778.6705860679693,5,2,1,8,Potential Loyalists
17462,39,7,3724.655258908765,4,5,5,14,Champions
17463,35,4,2335.100489430824,4,2,3,9,Potential Loyalists
17464,109,6,4123.188314881136,2,4,5,11,Loyal Customers
17465,71,6,3841.725567084959,3,4,5,12,Loyal Customers
17466,30,4,1227.8342417051551,4,2,1,7,Potential Loyalists
17467,8,5,1028.099701787701,5,3,1,9,Potential Loyalists
17468,75,4,2164.242640392404,3,2,3,8,Potential Loyalists
17469,35,4,1163.4708724870236,4,2,1,7,Potential Loyalists
17470,41,3,1748.404645046559,4,2,2,8,Potential Loyalists
17471,5,7,3194.790395573267,5,5,4,14,Champions
17472,102,7,4639.923818046599,2,5,5,12,Loyal Customers
17473,2,4,2632.0352846451347,5,2,3,10,Loyal Customers
17474,16,7,3846.4957942711208,5,5,5,15,Champions
17475,60,1,979.942391169216,3,1,1,5,At Risk
17476,266,2,703.5061458115869,1,1,1,3,Lost
17477,134,7,3626.4579443516586,1,5,5,11,Loyal Customers
17478,44,4,2379.8871315594342,3,2,3,8,Potential Loyalists
17479,228,5,2975.869516754646,1,3,4,8,Potential Loyalists
17480,53,3,2310.177418745634,3,2,3,8,Potential Loyalists
17481,46,4,1686.7555802196684,3,2,2,7,Potential Loyalists
17482,210,1,983.7253658225112,1,1,1,3,Lost
17483,111,3,1629.6218371929776,2,2,2,6,At Risk
17484,76,7,3693.195878876273,3,5,5,13,Champions
17485,70,3,1468.2757108723467,3,2,2,7,Potential Loyalists
17486,188,6,2830.8228376029865,1,4,4,9,Potential Loyalists
17487,168,3,1305.7757044971477,1,2,1,4,At Risk
17488,20,4,2426.442655540848,4,2,3,9,Potential Loyalists
17489,153,4,1406.238827778392,1,2,1,4,At Risk
17490,182,5,2867.974038672042,1,3,4,8,Potential Loyalists
17491,17,7,2534.452440013798,5,5,3,13,Champions
17492,37,5,2423.299081349824,4,3,3,10,Loyal Customers
17493,41,6,2815.085597444383,4,4,4,12,Loyal Customers
17494,218,4,2279.6048558176267,1,2,3,6,At Risk
17495,21,5,1915.358990876356,4,3,2,9,Potential Loyalists
17496,71,3,2546.8967280115867,3,2,3,8,Potential Loyalists
17497,3,9,6082.006932953883,5,5,5,15,Champions
17499,49,5,3167.2304452351477,3,3,4,10,Loyal Customers
17501,95,4,3003.813509842331,2,2,4,8,Potential Loyalists
17502,81,7,3534.826100742144,2,5,4,11,Loyal Customers
17503,24,7,3004.0860831987457,4,5,4,13,Champions
17504,3,5,2978.413170793648,5,3,4,12,Loyal Customers
17505,55,6,2759.327031855268,3,4,4,11,Loyal Customers
17506,53,6,4437.977077368679,3,4,5,12,Loyal Customers
17507,29,8,4163.934094339459,4,5,5,14,Champions
17508,169,5,2557.025245336547,1,3,3,7,Potential Loyalists
17509,23,7,3087.059848993156,4,5,4,13,Champions
17510,97,6,2805.3263942458616,2,4,4,10,Loyal Customers
17511,4,4,1926.7899145898884,5,2,2,9,Potential Loyalists
17512,54,4,1378.9165351673264,3,2,1,6,At Risk
17513,163,4,1966.9283851816929,1,2,2,5,At Risk
17514,131,4,1984.9701430233945,2,2,2,6,At Risk
17515,90,4,1783.171755908571,2,2,2,6,At Risk
17517,105,5,3776.384533373858,2,3,5,10,Loyal Customers
17518,45,6,3209.042828852412,3,4,4,11,Loyal Customers
17519,63,7,4512.505550363854,3,5,5,13,Champions
17520,3,7,3269.330514035129,5,5,4,14,Champions
17521,60,4,1772.7939104563222,3,2,2,7,Potential Loyalists
17522,15,6,3760.655882280508,5,4,5,14,Champions
17523,52,6,4046.004901218962,3,4,5,12,Loyal Customers
17524,239,5,2828.8824982915485,1,3,4,8,Potential Loyalists
17525,102,2,848.4852526405374,2,1,1,4,At Risk
17526,378,2,943.9020505850326,1,1,1,3,Lost
17527,12,9,4689.990243692,5,5,5,15,Champions
17528,129,5,2566.8405704664438,2,3,3,8,Potential Loyalists
17529,88,3,1922.8220320713976,2,2,2,6,At Risk
17530,52,7,2424.7888742029863,3,5,3,11,Loyal Customers
17531,181,4,2351.101981613083,1,2,3,6,At Risk
17532,11,8,3468.9054638869443,5,5,4,14,Champions
17533,37,6,3416.787623208436,4,4,4,12,Loyal Customers
17534,202,2,692.72666262513,1,1,1,3,Lost
17535,201,3,215.02421923544384,1,2,1,4,At Risk
17536,87,3,2435.9860353885138,2,2,3,7,Potential Loyalists
17537,45,2,471.16872050931113,3,1,1,5,At Risk
17538,108,7,3157.6394469626453,2,5,4,11,Loyal Customers
17539,25,5,2843.511697688247,4,3,4,11,Loyal Customers
17540,214,4,1493.134176853846,1,2,2,5,At Risk
17541,142,5,4007.139913192228,1,3,5,9,Potential Loyalists
17542,6,8,1240.7482408741948,5,5,1,11,Loyal Customers
17543,164,4,3204.5736894893125,1,2,4,7,Potential Loyalists
17544,15,9,3873.3996056235433,5,5,5,15,Champions
17545,131,8,3317.4769394551704,2,5,4,11,Loyal Customers
17546,18,3,1536.70470932749,5,2,2,9,Potential Loyalists
17547,22,9,3166.198747901285,4,5,4,13,Champions
17548,5,7,2869.410370607358,5,5,4,14,Champions
17549,71,11,4962.738655868287,3,5,5,13,Champions
17550,94,10,5883.082298373618,2,5,5,12,Loyal Customers
17551,96,4,1918.4900591907676,2,2,2,6,At Risk
17552,25,5,1694.612867713758,4,3,2,9,Potential Loyalists
17553,6,9,5873.129608907222,5,5,5,15,Champions
17554,29,3,1056.2732206059968,4,2,1,7,Potential Loyalists
17555,20,4,1383.67921959593,4,2,1,7,Potential Loyalists
17556,69,5,3019.023511070971,3,3,4,10,Loyal Customers
17557,14,6,3753.214073880503,5,4,5,14,Champions
17558,223,4,2197.804538735264,1,2,3,6,At Risk
17559,303,3,1919.7255444204045,1,2,2,5,At Risk
17560,9,7,4365.33332759572,5,5,5,15,Champions
17561,44,3,819.4835616542124,3,2,1,6,At Risk
17562,20,4,1573.8083338631063,4,2,2,8,Potential Loyalists
17563,17,7,3418.275736675615,5,5,4,14,Champions
17564,74,1,688.8309004985084,3,1,1,5,At Risk
17565,27,6,3235.841639334746,4,4,4,12,Loyal Customers
17566,40,5,1714.4771716819691,4,3,2,9,Potential Loyalists
17567,15,9,3205.7769655119414,5,5,4,14,Champions
17568,338,1,639.5556838581929,1,1,1,3,Lost
17569,5,3,1998.5496178873277,5,2,2,9,Potential Loyalists
17570,157,3,1769.2296785660656,1,2,2,5,At Risk
17571,181,7,2675.143837672448,1,5,3,9,Potential Loyalists
17572,191,5,2987.9607400837995,1,3,4,8,Potential Loyalists
17573,144,3,2254.713352674414,1,2,3,6,At Risk
17574,60,6,3071.890405113973,3,4,4,11,Loyal Customers
17575,98,11,5036.806283268961,2,5,5,12,Loyal Customers
17576,15,5,3463.296340147832,5,3,4,12,Loyal Customers
17577,115,3,1033.9441302360583,2,2,1,5,At Risk
17578,257,4,1686.0168063151373,1,2,2,5,At Risk
17579,121,2,191.5349814709257,2,1,1,4,At Risk
17580,28,4,1346.860693392156,4,2,1,7,Potential Loyalists
17581,14,4,2746.5006361919604,5,2,4,11,Loyal Customers
17582,91,5,2613.159536454639,2,3,3,8,Potential Loyalists
17583,110,4,2578.658963280757,2,2,3,7,Potential Loyalists
17584,82,4,1431.9460496384386,2,2,2,6,At Risk
17585,15,5,1858.9256555611207,5,3,2,10,Loyal Customers
17586,290,1,297.1077722691244,1,1,1,3,Lost
17587,113,5,3055.843498202773,2,3,4,9,Potential Loyalists
17588,46,7,4220.801573687337,3,5,5,13,Champions
17589,117,2,434.34791054442746,2,1,1,4,At Risk
17590,91,5,3805.226284157221,2,3,5,10,Loyal Customers
17591,48,6,2926.336835967965,3,4,4,11,Loyal Customers
17592,26,6,3239.479830865025,4,4,4,12,Loyal Customers
17593,386,1,939.5002407411882,1,1,1,3,Lost
17594,45,4,1464.7019650929003,3,2,2,7,Potential Loyalists
17595,49,5,1721.9315425669338,3,3,2,8,Potential Loyalists
17596,5,9,5825.656536391683,5,5,5,15,Champions
17597,120,4,2996.328772954824,2,2,4,8,Potential Loyalists
17598,13,5,1068.1354392599317,5,3,1,9,Potential Loyalists
17599,196,4,1538.119184125688,1,2,2,5,At Risk
17600,91,4,1823.62173014908,2,2,2,6,At Risk
17601,117,3,1315.8343297611093,2,2,1,5,At Risk
17602,18,4,1403.974700956055,5,2,1,8,Potential Loyalists
17603,230,2,828.0364951777207,1,1,1,3,Lost
17604,221,4,2600.810585015116,1,2,3,6,At Risk
17605,129,8,2623.169575016519,2,5,3,10,Loyal Customers
17606,27,11,6103.5337343057545,4,5,5,14,Champions
17607,8,6,3791.449725886269,5,4,5,14,Champions
17608,104,5,2589.154865548256,2,3,3,8,Potential Loyalists
17609,14,5,2552.9955434490025,5,3,3,11,Loyal Customers
17610,72,5,2522.195020380561,3,3,3,9,Potential Loyalists
17611,23,4,1741.4069806723694,4,2,2,8,Potential Loyalists
17612,80,8,3336.0381613179065,2,5,4,11,Loyal Customers
17613,69,6,3234.373633160316,3,4,4,11,Loyal Customers
17614,34,1,44.23748899737563,4,1,1,6,At Risk
17615,73,6,3454.7208416127414,3,4,4,11,Loyal Customers
17616,81,2,890.9003374188857,2,1,1,4,At Risk
17617,108,4,3063.603871554047,2,2,4,8,Potential Loyalists
17618,104,6,3269.7522657959976,2,4,4,10,Loyal Customers
17619,44,6,2589.01986658141,3,4,3,10,Loyal Customers
17620,10,8,4850.859643081684,5,5,5,15,Champions
17621,33,5,3415.8111393824192,4,3,4,11,Loyal Customers
17622,7,3,1347.254285666596,5,2,1,8,Potential Loyalists
17623,370,2,1295.3078520931704,1,1,1,3,Lost
17624,44,8,3094.8082554816124,3,5,4,12,Loyal Customers
17625,179,4,1990.8585139470536,1,2,2,5,At Risk
17626,127,2,423.1601766997059,2,1,1,4,At Risk
17627,197,2,636.8265651907891,1,1,1,3,Lost
17628,1,5,2070.503516270252,5,3,2,10,Loyal Customers
17629,63,4,2630.19408506025,3,2,3,8,Potential Loyalists
17630,18,4,2247.2076955796447,5,2,3,10,Loyal Customers
17631,5,10,4277.231926464407,5,5,5,15,Champions
17632,164,6,2797.071672237429,1,4,4,9,Potential Loyalists
17633,116,5,3144.322316012984,2,3,4,9,Potential Loyalists
17634,32,4,1984.7493160953272,4,2,2,8,Potential Loyalists
17635,153,3,659.3779632637566,1,2,1,4,At Risk
17636,56,6,2875.598645101188,3,4,4,11,Loyal Customers
17637,15,10,6182.564975574544,5,5,5,15,Champions
17638,12,7,2010.01172208966,5,5,2,12,Loyal Customers
17639,153,3,1988.7273416356031,1,2,2,5,At Risk
17640,76,7,3146.383435672954,3,5,4,12,Loyal Customers
17641,195,2,1192.033139525642,1,1,1,3,Lost
17642,63,6,3515.985607540282,3,4,4,11,Loyal Customers
17643,131,4,2296.285796363236,2,2,3,7,Potential Loyalists
17644,4,8,1894.926330580632,5,5,2,12,Loyal Customers
17645,4,6,3360.495454697658,5,4,4,13,Champions
17646,9,7,2279.933231771025,5,5,3,13,Champions
17647,206,2,582.6918510216933,1,1,1,3,Lost
17648,57,8,4280.311628522549,3,5,5,13,Champions
17649,131,5,3000.881405256968,2,3,4,9,Potential Loyalists
17650,124,7,2602.157872100166,2,5,3,10,Loyal Customers
17651,200,2,100.02430639678026,1,1,1,3,Lost
17652,85,3,1721.9797330600886,2,2,2,6,At Risk
17653,200,2,1438.1546078543442,1,1,2,4,At Risk
17654,137,4,2089.75378653343,1,2,3,6,At Risk
17655,231,4,1627.3451097695686,1,2,2,5,At Risk
17656,34,10,5169.882930182306,4,5,5,14,Champions
17657,47,3,1590.5565375210108,3,2,2,7,Potential Loyalists
17658,4,8,3904.005467450465,5,5,5,15,Champions
17659,28,8,4245.264298061421,4,5,5,14,Champions
17660,11,4,2923.4964061721184,5,2,4,11,Loyal Customers
17661,23,7,4176.358644866207,4,5,5,14,Champions
17662,89,8,4035.8853904391017,2,5,5,12,Loyal Customers
17663,153,3,1176.023669862292,1,2,1,4,At Risk
17664,70,8,5148.777573912721,3,5,5,13,Champions
17665,7,5,2557.404944150493,5,3,3,11,Loyal Customers
17666,405,1,174.3485158627609,1,1,1,3,Lost
17667,50,3,1206.9464512041686,3,2,1,6,At Risk
17668,57,5,2163.222460611655,3,3,3,9,Potential Loyalists
17669,3,6,2729.478226816956,5,4,3,12,Loyal Customers
17670,9,8,3595.317110816441,5,5,5,15,Champions
17671,10,10,5544.2615730535545,5,5,5,15,Champions
17672,166,5,2678.9425311521145,1,3,3,7,Potential Loyalists
17673,395,1,621.9309937663058,1,1,1,3,Lost
17674,13,3,799.8900846396175,5,2,1,8,Potential Loyalists
17675,58,5,3279.517822851149,3,3,4,10,Loyal Customers
17676,45,8,3469.186780936236,3,5,4,12,Loyal Customers
17677,100,5,2110.286409007701,2,3,3,8,Potential Loyalists
17678,153,4,1786.7693807144378,1,2,2,5,At Risk
17679,81,3,935.4904531720408,2,2,1,5,At Risk
17680,163,6,2976.027744327831,1,4,4,9,Potential Loyalists
17681,6,3,2061.932513961538,5,2,2,9,Potential Loyalists
17682,40,3,1564.76294586241,4,2,2,8,Potential Loyalists
17683,324,2,605.4963613193086,1,1,1,3,Lost
17684,66,3,2678.367028665515,3,2,3,8,Potential Loyalists
17685,34,5,2143.467573262489,4,3,3,10,Loyal Customers
17686,28,1,506.6390424511216,4,1,1,6,At Risk
17687,103,5,2084.1792757435205,2,3,2,7,Potential Loyalists
17688,307,3,1637.751784286968,1,2,2,5,At Risk
17689,4,8,4736.405519094733,5,5,5,15,Champions
17690,19,6,3660.2772344612663,5,4,5,14,Champions
17691,51,6,1924.6344972183692,3,4,2,9,Potential Loyalists
17692,49,7,2785.1389831242245,3,5,4,12,Loyal Customers
17693,75,4,2723.9063514871905,3,2,3,8,Potential Loyalists
17694,58,6,3703.996000555969,3,4,5,12,Loyal Customers
17695,40,7,2782.120727684658,4,5,4,13,Champions
17696,107,6,2562.1238696231285,2,4,3,9,Potential Loyalists
17697,130,5,2649.877538559833,2,3,3,8,Potential Loyalists
17698,118,6,3566.264339467121,2,4,5,11,Loyal Customers
17699,171,5,3094.520114593324,1,3,4,8,Potential Loyalists
17700,13,6,3002.419116860197,5,4,4,13,Champions
17701,7,5,3178.985760507466,5,3,4,12,Loyal Customers
17702,40,7,3790.0135248436536,4,5,5,14,Champions
17703,197,4,2417.4403357939923,1,2,3,6,At Risk
17704,14,5,2026.659804599736,5,3,2,10,Loyal Customers
17705,103,5,3450.262239321667,2,3,4,9,Potential Loyalists
17706,307,5,1997.5628952792829,1,3,2,6,At Risk
17707,22,4,2440.820384750832,4,2,3,9,Potential Loyalists
17708,92,5,3288.48553149742,2,3,4,9,Potential Loyalists
17709,60,3,570.6645865175058,3,2,1,6,At Risk
17710,157,4,2381.4274969842827,1,2,3,6,At Risk
17711,79,9,5842.023451133901,2,5,5,12,Loyal Customers
17712,46,5,3500.139540048235,3,3,4,10,Loyal Customers
17713,57,2,931.0782529829625,3,1,1,5,At Risk
17714,102,2,1341.844013172557,2,1,1,4,At Risk
17715,66,6,2420.338299077358,3,4,3,10,Loyal Customers
17716,75,11,4010.866208994592,3,5,5,13,Champions
17717,106,5,3304.0479898679787,2,3,4,9,Potential Loyalists
17718,31,4,2312.040563002169,4,2,3,9,Potential Loyalists
17719,86,4,2023.4921120528304,2,2,2,6,At Risk
17720,39,3,1137.4380265363884,4,2,1,7,Potential Loyalists
17721,22,6,2218.250195392671,4,4,3,11,Loyal Customers
17722,55,5,2387.304954992393,3,3,3,9,Potential Loyalists
17723,42,1,270.23795212446254,4,1,1,6,At Risk
17724,41,10,3888.296180447472,4,5,5,14,Champions
17725,43,4,1937.74544996446,4,2,2,8,Potential Loyalists
17726,29,2,1174.3352219892606,4,1,1,6,At Risk
17727,59,5,2711.201995099377,3,3,3,9,Potential Loyalists
17728,137,8,4100.386467037685,1,5,5,11,Loyal Customers
17729,24,7,4271.479656677993,4,5,5,14,Champions
17730,39,2,928.5911010224944,4,1,1,6,At Risk
17731,105,7,3187.031317214572,2,5,4,11,Loyal Customers
17732,26,5,2716.0632535422847,4,3,3,10,Loyal Customers
17733,41,5,2491.6498526633736,4,3,3,10,Loyal Customers
17734,77,5,1428.674689816601,2,3,2,7,Potential Loyalists
17735,50,6,2797.5308695135004,3,4,4,11,Loyal Customers
17736,16,9,4933.607805864271,5,5,5,15,Champions
17737,160,6,3228.11308510686,1,4,4,9,Potential Loyalists
17738,33,9,4550.050636436839,4,5,5,14,Champions
17739,156,5,3450.9120777400663,1,3,4,8,Potential Loyalists
17740,61,6,1960.231707848835,3,4,2,9,Potential Loyalists
17741,15,9,4478.062276785298,5,5,5,15,Champions
17742,5,5,2545.561952376738,5,3,3,11,Loyal Customers
17743,36,6,2841.5553587800287,4,4,4,12,Loyal Customers
17744,86,2,911.384521846167,2,1,1,4,At Risk
17745,391,4,2532.792916307776,1,2,3,6,At Risk
17746,7,2,1357.4118831947342,5,1,1,7,Potential Loyalists
17747,17,5,2315.212046877182,5,3,3,11,Loyal Customers
17748,37,6,3762.584408485293,4,4,5,13,Champions
17749,41,4,794.8508152568882,4,2,1,7,Potential Loyalists
17750,19,10,2490.000670917003,5,5,3,13,Champions
17751,49,7,3972.8429638714288,3,5,5,13,Champions
17752,84,5,2795.4324347818947,2,3,4,9,Potential Loyalists
17753,105,3,2253.4711612430856,2,2,3,7,Potential Loyalists
17754,30,4,2783.90065952724,4,2,4,10,Loyal Customers
17755,92,3,1897.4861240814,2,2,2,6,At Risk
17756,54,5,3304.8374254674395,3,3,4,10,Loyal Customers
17757,26,6,1871.0001267531256,4,4,2,10,Loyal Customers
17758,50,3,1944.615362194511,3,2,2,7,Potential Loyalists
17759,10,7,2947.4884841783523,5,5,4,14,Champions
17760,204,4,2159.491929967546,1,2,3,6,At Risk
17761,14,6,1478.609818660886,5,4,2,11,Loyal Customers
17762,326,1,448.29379527041823,1,1,1,3,Lost
17763,75,3,2164.0236398289585,3,2,3,8,Potential Loyalists
17764,50,5,1744.501695726121,3,3,2,8,Potential Loyalists
17765,9,5,2552.1495676886007,5,3,3,11,Loyal Customers
17766,63,7,3180.237574350018,3,5,4,12,Loyal Customers
17767,81,4,1839.578506114256,2,2,2,6,At Risk
17768,86,4,2845.587419971331,2,2,4,8,Potential Loyalists
17769,39,5,813.0120656586521,4,3,1,8,Potential Loyalists
17770,35,8,3385.06583528915,4,5,4,13,Champions
17771,11,6,4027.0576992204246,5,4,5,14,Champions
17772,58,3,2792.188300794543,3,2,4,9,Potential Loyalists
17773,39,5,1800.8472321415493,4,3,2,9,Potential Loyalists
17774,59,4,1340.23909959013,3,2,1,6,At Risk
17775,99,6,2580.96746736049,2,4,3,9,Potential Loyalists
17776,171,6,2994.3253878311957,1,4,4,9,Potential Loyalists
17777,27,7,2697.868675435783,4,5,3,12,Loyal Customers
17778,21,9,4669.949986277072,4,5,5,14,Champions
17779,60,7,4744.620102058682,3,5,5,13,Champions
17780,212,2,1462.3634100394822,1,1,2,4,At Risk
17783,71,6,2139.0187759241308,3,4,3,10,Loyal Customers
17784,184,2,633.9792333630196,1,1,1,3,Lost
17785,37,4,964.1392106676948,4,2,1,7,Potential Loyalists
17786,252,4,1892.5507977242244,1,2,2,5,At Risk
17787,249,4,1021.0872936546904,1,2,1,4,At Risk
17788,30,6,3325.502499252381,4,4,4,12,Loyal Customers
17789,94,4,2213.391760816098,2,2,3,7,Potential Loyalists
17790,32,5,2584.596263687741,4,3,3,10,Loyal Customers
17791,85,6,2029.6325554073967,2,4,2,8,Potential Loyalists
17792,39,8,3616.4360911893887,4,5,5,14,Champions
17793,127,3,2037.025416144706,2,2,2,6,At Risk
17794,91,5,2566.912163036986,2,3,3,8,Potential Loyalists
17795,105,3,1884.0865150473812,2,2,2,6,At Risk
17796,26,6,2689.9608032265355,4,4,3,11,Loyal Customers
17797,64,7,3214.3548402906404,3,5,4,12,Loyal Customers
17798,88,6,2572.65226973312,2,4,3,9,Potential Loyalists
17799,29,7,3032.061483234781,4,5,4,13,Champions
17800,169,3,200.3067141818648,1,2,1,4,At Risk
17801,137,2,1119.3797532551246,1,1,1,3,Lost
17802,292,1,883.2064626291021,1,1,1,3,Lost
17803,2,4,1312.7556371998944,5,2,1,8,Potential Loyalists
17804,22,5,1313.7622260396286,4,3,1,8,Potential Loyalists
17805,175,7,4032.485830563984,1,5,5,11,Loyal Customers
17806,23,5,2402.981334942038,4,3,3,10,Loyal Customers
17807,4,8,4683.57321966167,5,5,5,15,Champions
17808,59,8,4672.894115520168,3,5,5,13,Champions
17809,120,4,2660.936311876311,2,2,3,7,Potential Loyalists
17810,188,4,2236.46951909999,1,2,3,6,At Risk
17811,103,3,1962.9773255903367,2,2,2,6,At Risk
17812,27,7,3341.2436014674545,4,5,4,13,Champions
17813,55,5,1582.3423423370978,3,3,2,8,Potential Loyalists
17814,97,7,4491.241085240335,2,5,5,12,Loyal Customers
17815,52,5,2853.304844089343,3,3,4,10,Loyal Customers
17816,107,5,1822.655309183528,2,3,2,7,Potential Loyalists
17817,28,8,5241.875293664592,4,5,5,14,Champions
17818,77,7,2736.7728272441964,2,5,3,10,Loyal Customers
17819,35,4,1743.5158014854646,4,2,2,8,Potential Loyalists
17820,148,4,1237.3930041279605,1,2,1,4,At Risk
17821,112,7,3140.2576502421625,2,5,4,11,Loyal Customers
17822,21,1,766.1718782143467,4,1,1,6,At Risk
17823,3,1,344.2418970131827,5,1,1,7,Potential Loyalists
17824,50,4,1877.118978953037,3,2,2,7,Potential Loyalists
17825,89,6,1739.7773120532815,2,4,2,8,Potential Loyalists
17826,13,7,2983.1841030451637,5,5,4,14,Champions
17827,68,5,2795.011826563973,3,3,4,10,Loyal Customers
17828,32,3,2108.064762458963,4,2,3,9,Potential Loyalists
17829,26,6,3134.028475786017,4,4,4,12,Loyal Customers
17830,21,4,2691.218478721896,4,2,3,9,Potential Loyalists
17831,88,8,4289.300335104706,2,5,5,12,Loyal Customers
17832,52,4,1397.005080120541,3,2,1,6,At Risk
17833,49,6,2597.739035314313,3,4,3,10,Loyal Customers
17834,116,8,4061.218601135876,2,5,5,12,Loyal Customers
17835,126,7,3367.0168133389243,2,5,4,11,Loyal Customers
17836,151,4,2718.1741998507537,1,2,3,6,At Risk
17837,11,3,2514.3961463173227,5,2,3,10,Loyal Customers
17838,39,6,2816.1689946438664,4,4,4,12,Loyal Customers
17839,111,3,720.1676913875067,2,2,1,5,At Risk
17840,59,4,2218.4866013081028,3,2,3,8,Potential Loyalists
17841,156,3,904.6833902218708,1,2,1,4,At Risk
17842,13,7,4708.253942360417,5,5,5,15,Champions
17843,148,5,2306.770735717848,1,3,3,7,Potential Loyalists
17844,92,6,3068.551027026136,2,4,4,10,Loyal Customers
17845,320,1,957.0589317534104,1,1,1,3,Lost
17846,2,5,3912.128590823935,5,3,5,13,Champions
17847,51,4,1408.407138932223,3,2,1,6,At Risk
17848,160,5,2076.510810918913,1,3,2,6,At Risk
17849,8,8,4464.2815382457175,5,5,5,15,Champions
17850,75,8,3567.206435890768,3,5,5,13,Champions
17851,49,6,2736.6378614519926,3,4,3,10,Loyal Customers
17852,46,6,2406.0529805042943,3,4,3,10,Loyal Customers
17853,33,5,2347.9108717178183,4,3,3,10,Loyal Customers
17854,197,2,1216.528887169753,1,1,1,3,Lost
17855,37,5,2460.583022289948,4,3,3,10,Loyal Customers
17856,72,4,1672.6563781893492,3,2,2,7,Potential Loyalists
17857,40,8,3910.24656150636,4,5,5,14,Champions
17858,76,7,3167.4212252061066,3,5,4,12,Loyal Customers
17859,183,4,1097.1417554718196,1,2,1,4,At Risk
17860,74,5,3340.1203152859343,3,3,4,10,Loyal Customers
17861,72,6,2760.0402765036038,3,4,4,11,Loyal Customers
17862,20,5,3678.552576930133,4,3,5,12,Loyal Customers
17863,129,4,965.8314994634728,2,2,1,5,At Risk
17864,81,3,1145.9437708618009,2,2,1,5,At Risk
17865,1,5,3416.41479475554,5,3,4,12,Loyal Customers
17866,54,6,2875.5226221577022,3,4,4,11,Loyal Customers
17867,47,5,2974.1108010324037,3,3,4,10,Loyal Customers
17868,9,6,2978.6976533138904,5,4,4,13,Champions
17869,109,9,4955.077502874476,2,5,5,12,Loyal Customers
17870,99,4,1164.676822763831,2,2,1,5,At Risk
17871,8,5,2082.4373033605307,5,3,2,10,Loyal Customers
17872,24,5,2510.472461962556,4,3,3,10,Loyal Customers
17873,13,8,3934.022359546658,5,5,5,15,Champions
17874,71,3,1459.8543819065908,3,2,2,7,Potential Loyalists
17875,82,8,3244.106297937496,2,5,4,11,Loyal Customers
17876,151,6,1826.362392297567,1,4,2,7,Potential Loyalists
17877,65,7,2475.705876551143,3,5,3,11,Loyal Customers
17878,12,4,2536.4532973607365,5,2,3,10,Loyal Customers
17879,72,3,1469.6045885966191,3,2,2,7,Potential Loyalists
17880,45,3,840.1772478267005,3,2,1,6,At Risk
17881,94,4,2127.62597169455,2,2,3,7,Potential Loyalists
17882,85,4,2309.1306200151184,2,2,3,7,Potential Loyalists
17883,155,3,1135.9601544658597,1,2,1,4,At Risk
17884,217,2,797.9142561532007,1,1,1,3,Lost
17885,1,5,2368.681416041103,5,3,3,11,Loyal Customers
17886,58,6,3730.1392938475287,3,4,5,12,Loyal Customers
17887,152,2,1401.267447757159,1,1,1,3,Lost
17888,117,5,2857.415023899426,2,3,4,9,Potential Loyalists
17889,45,4,764.7086038649016,3,2,1,6,At Risk
17890,5,6,3864.2441668309575,5,4,5,14,Champions
17891,3,5,2167.067822677568,5,3,3,11,Loyal Customers
17892,14,4,2096.8562830247893,5,2,3,10,Loyal Customers
17893,16,8,4386.773427115888,5,5,5,15,Champions
17894,65,2,745.1289131473818,3,1,1,5,At Risk
17895,82,4,3214.25222809547,2,2,4,8,Potential Loyalists
17896,32,4,3182.476784592124,4,2,4,10,Loyal Customers
17897,9,4,2076.8716876173985,5,2,2,9,Potential Loyalists
17898,18,7,5048.8736369529615,5,5,5,15,Champions
17899,7,5,2684.0665843172446,5,3,3,11,Loyal Customers
17900,267,4,1123.196831513968,1,2,1,4,At Risk
17901,44,7,3303.7379106285484,3,5,4,12,Loyal Customers
17902,331,4,2379.830939148221,1,2,3,6,At Risk
17903,144,7,3701.892562893168,1,5,5,11,Loyal Customers
17904,13,4,955.262512449062,5,2,1,8,Potential Loyalists
17905,17,10,4129.856341153606,5,5,5,15,Champions
17906,18,5,2995.213929192724,5,3,4,12,Loyal Customers
17907,4,9,3428.892186359212,5,5,4,14,Champions
17908,111,3,2132.634243059443,2,2,3,7,Potential Loyalists
17909,83,4,1888.743408748734,2,2,2,6,At Risk
17910,9,5,2445.062308427141,5,3,3,11,Loyal Customers
17911,70,3,1387.8070915394928,3,2,1,6,At Risk
17912,74,5,1798.225170760125,3,3,2,8,Potential Loyalists
17913,124,3,1250.422435662044,2,2,1,5,At Risk
17914,96,5,2373.913950874538,2,3,3,8,Potential Loyalists
17915,75,3,1299.5866174474106,3,2,1,6,At Risk
17916,50,5,3266.1751063712773,3,3,4,10,Loyal Customers
17917,1,4,1731.7975799004205,5,2,2,9,Potential Loyalists
17918,322,1,82.71951685987993,1,1,1,3,Lost
17919,1,4,1589.468226051067,5,2,2,9,Potential Loyalists
17920,24,3,1266.6893925462912,4,2,1,7,Potential Loyalists
17921,280,2,998.9176269976384,1,1,1,3,Lost
17922,56,5,3308.716210165044,3,3,4,10,Loyal Customers
17923,20,3,1145.1017449393144,4,2,1,7,Potential Loyalists
17924,15,8,4432.024399740902,5,5,5,15,Champions
17925,25,3,1451.1375105887578,4,2,2,8,Potential Loyalists
17926,61,6,3775.969229641627,3,4,5,12,Loyal Customers
17927,19,7,2675.1395142371875,5,5,3,13,Champions
17928,8,7,3137.804461586926,5,5,4,14,Champions
17929,6,12,5511.496117296998,5,5,5,15,Champions
17930,44,6,2268.414695106657,3,4,3,10,Loyal Customers
17931,30,6,1450.743647102824,4,4,2,10,Loyal Customers
17932,28,10,6203.876833300577,4,5,5,14,Champions
17933,60,1,465.90444750285263,3,1,1,5,At Risk
17934,41,7,3648.931909769997,4,5,5,14,Champions
17935,245,6,3516.8048330467764,1,4,4,9,Potential Loyalists
17936,93,6,3965.077430139356,2,4,5,11,Loyal Customers
17937,103,4,2087.8648947772976,2,2,3,7,Potential Loyalists
17938,111,6,3462.4746907976414,2,4,4,10,Loyal Customers
17939,5,7,3959.169046510037,5,5,5,15,Champions
17940,34,9,4837.024102730828,4,5,5,14,Champions
17941,16,7,3049.220924366979,5,5,4,14,Champions
17942,97,4,1291.5399082810377,2,2,1,5,At Risk
17943,91,3,2189.382480216336,2,2,3,7,Potential Loyalists
17944,57,6,1872.7903364836116,3,4,2,9,Potential Loyalists
17945,149,3,1699.4625621919154,1,2,2,5,At Risk
17946,120,6,2478.234393290212,2,4,3,9,Potential Loyalists
17947,119,4,3179.7976578816724,2,2,4,8,Potential Loyalists
17948,81,2,1326.620243149946,2,1,1,4,At Risk
17949,27,4,2727.858380369905,4,2,3,9,Potential Loyalists
17950,5,1,624.805412768128,5,1,1,7,Potential Loyalists
17951,104,3,1937.7617650327836,2,2,2,6,At Risk
17952,9,12,6619.175520530619,5,5,5,15,Champions
17953,54,6,2525.678178039396,3,4,3,10,Loyal Customers
17954,6,5,1747.4866051867464,5,3,2,10,Loyal Customers
17955,154,6,2079.20771700274,1,4,2,7,Potential Loyalists
17956,123,5,2097.1062758765456,2,3,3,8,Potential Loyalists
17957,5,7,3361.848384512425,5,5,4,14,Champions
17958,14,5,2271.2232799428,5,3,3,11,Loyal Customers
17959,2,6,3481.199814585659,5,4,4,13,Champions
17960,133,8,3024.184196497521,2,5,4,11,Loyal Customers
17961,34,5,739.7809406925653,4,3,1,8,Potential Loyalists
17962,17,7,4357.558038255481,5,5,5,15,Champions
17963,7,7,3161.4818272367143,5,5,4,14,Champions
17964,22,4,2570.0877981018893,4,3,3,10,Loyal Customers
17965,372,2,130.81892402511758,1,1,1,3,Lost
17966,1,6,1765.981475797944,5,4,2,11,Loyal Customers
17967,207,3,1997.3795098874368,1,2,2,5,At Risk
17968,1,8,3823.1512474539472,5,5,5,15,Champions
17969,33,5,2199.273065982305,4,3,3,10,Loyal Customers
17970,7,4,2720.538621177296,5,3,3,11,Loyal Customers
17971,10,8,4236.23785530528,5,5,5,15,Champions
17972,8,5,1851.4557712914968,5,3,2,10,Loyal Customers
17973,15,7,2990.184218799844,5,5,4,14,Champions
17974,30,11,6108.475596242971,4,5,5,14,Champions
17975,217,3,1566.69618859336,1,2,2,5,At Risk
17976,67,6,4011.944962759116,3,4,5,12,Loyal Customers
17977,76,3,2250.3395974622954,3,2,3,8,Potential Loyalists
17978,99,5,1385.4849081052848,2,3,1,6,At Risk
17979,3,5,3151.643079321149,5,3,4,12,Loyal Customers
17980,93,8,4828.985436932189,2,5,5,12,Loyal Customers
17981,81,8,4375.813889243318,2,5,5,12,Loyal Customers
17982,105,5,2905.993131604489,2,3,4,9,Potential Loyalists
17983,16,6,1901.3788879075169,5,4,2,11,Loyal Customers
17984,53,7,2840.9398678528014,3,5,4,12,Loyal Customers
17985,30,3,1201.5111073644753,4,2,1,7,Potential Loyalists
17986,19,5,2489.655367392644,5,3,3,11,Loyal Customers
17987,17,5,2892.3259779650957,5,3,4,12,Loyal Customers
17988,57,6,3110.2029936010485,3,4,4,11,Loyal Customers
17989,21,6,4823.844990399492,4,4,5,13,Champions
17990,336,5,2483.689251308244,1,3,3,7,Potential Loyalists
17991,49,5,2432.93101068381,3,3,3,9,Potential Loyalists
17992,270,2,1495.9099534845564,1,1,2,4,At Risk
17993,35,5,3782.9292359973065,4,3,5,12,Loyal Customers
17994,5,6,2997.4212904125416,5,4,4,13,Champions
17995,96,6,3042.987525709021,2,4,4,10,Loyal Customers
17996,27,3,1749.6650583618336,4,2,2,8,Potential Loyalists
17997,156,8,4030.845587082604,1,5,5,11,Loyal Customers
17998,20,5,3184.150543343253,4,3,4,11,Loyal Customers
17999,264,2,1546.1783837612954,1,1,2,4,At Risk
18000,121,4,1441.7134710469354,2,3,2,7,Potential Loyalists
18001,75,7,3219.1548318096447,3,5,4,12,Loyal Customers
18002,66,6,2379.775539927245,3,4,3,10,Loyal Customers
18003,52,8,4074.48265714572,3,5,5,13,Champions
18004,1,8,3156.6898636478118,5,5,4,14,Champions
18005,74,4,1590.4906133566633,3,3,2,8,Potential Loyalists
18006,79,3,1273.7881950859385,2,2,1,5,At Risk
18007,33,3,1867.2338434524795,4,2,2,8,Potential Loyalists
18008,105,6,3091.903553455377,2,4,4,10,Loyal Customers
18009,68,4,1534.427002135576,3,3,2,8,Potential Loyalists
18010,8,7,2945.969050503491,5,5,4,14,Champions
18011,122,5,2271.965678626852,2,3,3,8,Potential Loyalists
18012,57,6,3424.420668899673,3,4,4,11,Loyal Customers
18013,30,6,3574.06063056127,4,4,5,13,Champions
18014,167,3,2295.807213808811,1,2,3,6,At Risk
18015,22,9,5031.015379156821,4,5,5,14,Champions
18016,74,6,2402.2853050973386,3,4,3,10,Loyal Customers
18017,13,5,2768.0605466605184,5,3,4,12,Loyal Customers
18018,10,10,4725.121775918696,5,5,5,15,Champions
18019,64,4,2004.910970028288,3,3,2,8,Potential Loyalists
18020,93,4,2694.7861355276523,2,3,3,8,Potential Loyalists
18021,175,1,968.564204544434,1,1,1,3,Lost
18022,28,9,4576.07636846559,4,5,5,14,Champions
18023,33,6,2735.425586173594,4,4,3,11,Loyal Customers
18024,17,4,2258.6317733649416,5,3,3,11,Loyal Customers
18025,110,5,3506.663990379848,2,3,4,9,Potential Loyalists
18026,25,3,1203.57346559627,4,2,1,7,Potential Loyalists
18027,18,7,4060.158796843587,5,5,5,15,Champions
18028,5,5,2613.2510014820323,5,3,3,11,Loyal Customers
18029,39,2,1496.055491461679,4,1,2,7,Potential Loyalists
18030,233,2,59.87800692693872,1,1,1,3,Lost
18031,95,4,2774.627680443822,2,3,4,9,Potential Loyalists
18032,34,7,3449.4893204699915,4,5,4,13,Champions
18033,50,7,4214.627304762997,3,5,5,13,Champions
18034,10,5,2381.5798015929918,5,3,3,11,Loyal Customers
18035,412,1,888.5171311934862,1,1,1,3,Lost
18036,85,4,1557.694462496509,2,3,2,7,Potential Loyalists
18037,81,2,957.7439467769708,2,1,1,4,At Risk
18038,233,2,1247.2400708071527,1,1,1,3,Lost
18039,253,4,2631.0051941115958,1,3,3,7,Potential Loyalists
18040,73,3,1588.6923965918977,3,2,2,7,Potential Loyalists
18041,7,2,783.339761966663,5,1,1,7,Potential Loyalists
18042,162,5,1627.5042790676505,1,3,2,6,At Risk
18043,327,2,1291.9478281432848,1,1,1,3,Lost
18044,49,4,1465.2269298363876,3,3,2,8,Potential Loyalists
18045,27,7,4566.444005657575,4,5,5,14,Champions
18046,11,3,1037.6365003459105,5,2,1,8,Potential Loyalists
18047,57,8,3675.872841641349,3,5,5,13,Champions
18048,43,6,1936.1437593956657,4,4,2,10,Loyal Customers
18049,78,11,6090.291285642563,2,5,5,12,Loyal Customers
18050,49,3,2262.8903521003567,3,2,3,8,Potential Loyalists
18051,26,7,4183.229086150926,4,5,5,14,Champions
18052,12,6,2854.595913783066,5,4,4,13,Champions
18053,3,9,3537.298295430909,5,5,4,14,Champions
18054,43,6,2534.209215379725,4,4,3,11,Loyal Customers
18055,33,4,2157.920786457086,4,3,3,10,Loyal Customers
18056,62,5,1921.167415105088,3,3,2,8,Potential Loyalists
18057,114,8,3005.632209690017,2,5,4,11,Loyal Customers
18058,343,1,956.386609893344,1,1,1,3,Lost
18059,152,7,2104.570409678301,1,5,3,9,Potential Loyalists
18060,222,4,1691.741923303189,1,3,2,6,At Risk
18061,36,5,2160.3898751556544,4,3,3,10,Loyal Customers
18062,75,5,3480.9420967360284,3,3,4,10,Loyal Customers
18063,105,5,2780.431432855484,2,3,4,9,Potential Loyalists
18064,167,2,944.8805061797048,1,1,1,3,Lost
18065,6,6,2466.7386025015426,5,4,3,12,Loyal Customers
18066,18,5,3416.997719536881,5,3,4,12,Loyal Customers
18067,55,6,1792.3643299218647,3,4,2,9,Potential Loyalists
18068,11,9,4424.604787928154,5,5,5,15,Champions
18069,19,2,653.9536831559706,5,1,1,7,Potential Loyalists
18070,15,5,3675.431673463196,5,3,5,13,Champions
18071,27,7,3389.9290075679155,4,5,4,13,Champions
18072,26,6,1786.7752520055465,4,4,2,10,Loyal Customers
18073,36,3,1436.9195098924868,4,2,2,8,Potential Loyalists
18074,102,5,2979.708684753744,2,3,4,9,Potential Loyalists
18075,80,4,2697.0920082304647,2,3,3,8,Potential Loyalists
18076,116,9,3720.977090695,2,5,5,12,Loyal Customers
18077,68,2,1269.547409804526,3,1,1,5,At Risk
18078,198,5,2791.3744008704225,1,3,4,8,Potential Loyalists
18079,171,8,3773.5115208685697,1,5,5,11,Loyal Customers
18080,8,8,2536.3109307130644,5,5,3,13,Champions
18081,130,8,3966.2140472480246,2,5,5,12,Loyal Customers
18082,121,4,1859.5976135797048,2,3,2,7,Potential Loyalists
18083,61,5,2699.2473788469,3,3,3,9,Potential Loyalists
18084,48,6,3309.045738943013,3,4,4,11,Loyal Customers
18085,71,4,2572.256449832175,3,3,3,9,Potential Loyalists
18086,232,3,1824.469468283236,1,2,2,5,At Risk
18087,90,5,2630.901087984686,2,3,3,8,Potential Loyalists
18088,60,4,2462.7424148551945,3,3,3,9,Potential Loyalists
18089,20,5,1601.1107022189751,4,3,2,9,Potential Loyalists
18090,58,8,4742.225995303301,3,5,5,13,Champions
18091,15,4,2109.585852496908,5,3,3,11,Loyal Customers
18092,148,4,2654.158487762321,1,3,3,7,Potential Loyalists
18093,104,6,2551.89791360665,2,4,3,9,Potential Loyalists
18094,146,4,3264.901205992476,1,3,4,8,Potential Loyalists
18095,64,2,1797.605316147237,3,1,2,6,At Risk
18096,33,10,4973.872721374575,4,5,5,14,Champions
18097,54,8,4806.806131824692,3,5,5,13,Champions
18098,38,5,2984.4433882461044,4,3,4,11,Loyal Customers
18099,183,2,1266.9038351137694,1,1,1,3,Lost
18100,169,2,1369.576422021711,1,1,1,3,Lost
18101,30,4,1217.54590528802,4,3,1,8,Potential Loyalists
18102,99,4,2287.425312752158,2,3,3,8,Potential Loyalists
18103,17,12,4157.291677706081,5,5,5,15,Champions
18104,35,5,2265.201437793088,4,3,3,10,Loyal Customers
18105,85,6,2358.343137395666,2,4,3,9,Potential Loyalists
18106,42,8,5559.811803536492,4,5,5,14,Champions
18107,142,6,3310.091620280636,1,4,4,9,Potential Loyalists
18108,163,10,5433.931432023882,1,5,5,11,Loyal Customers
18109,36,5,2135.3736907702696,4,3,3,10,Loyal Customers
18110,26,2,1237.0142175470114,4,1,1,6,At Risk
18111,145,3,1748.7279471818456,1,2,2,5,At Risk
18112,137,6,1390.6295146284217,1,4,1,6,At Risk
18113,44,8,3394.2606016585464,3,5,4,12,Loyal Customers
18114,77,5,2603.5330272058072,2,3,3,8,Potential Loyalists
18115,111,6,3324.4063403793657,2,4,4,10,Loyal Customers
18116,23,3,1257.7125445580157,4,2,1,7,Potential Loyalists
18117,2,6,3948.568868077344,5,4,5,14,Champions
18118,4,3,1948.130959238069,5,2,2,9,Potential Loyalists
18119,18,5,2077.433348805124,5,3,2,10,Loyal Customers
18120,247,5,2758.11853648322,1,3,4,8,Potential Loyalists
18121,59,12,6572.135072887824,3,5,5,13,Champions
18122,46,4,1446.9827736784805,3,3,2,8,Potential Loyalists
18123,33,5,2256.351677341954,4,3,3,10,Loyal Customers
18124,138,6,2205.737227665652,1,4,3,8,Potential Loyalists
18125,3,3,1871.2261680607128,5,2,2,9,Potential Loyalists
18126,28,10,3327.6388465391437,4,5,4,13,Champions
18127,12,7,2922.23105756765,5,5,4,14,Champions
18128,61,6,3564.135602695457,3,4,5,12,Loyal Customers
18129,31,6,3444.8580363770725,4,4,4,12,Loyal Customers
18130,12,5,2762.788251821933,5,3,4,12,Loyal Customers
18131,2,5,2380.3381320942794,5,3,3,11,Loyal Customers
18132,12,6,3124.3552536944603,5,4,4,13,Champions
18133,213,5,2895.080578011296,1,3,4,8,Potential Loyalists
18134,14,5,2628.0506417493502,5,3,3,11,Loyal Customers
18135,88,7,3496.244375339171,2,5,4,11,Loyal Customers
18136,96,5,2429.268788189783,2,3,3,8,Potential Loyalists
18137,35,2,1073.1368438877312,4,1,1,6,At Risk
18138,114,4,2633.655176345276,2,3,3,8,Potential Loyalists
18139,76,4,2561.9737184491164,3,3,3,9,Potential Loyalists
18140,51,4,2708.3764978492554,3,3,3,9,Potential Loyalists
18141,152,3,1647.591578321519,1,2,2,5,At Risk
18142,61,8,3955.222929491355,3,5,5,13,Champions
18143,7,10,4148.052307024992,5,5,5,15,Champions
18144,52,8,4115.961257927438,3,5,5,13,Champions
18145,305,2,1751.9843618142336,1,1,2,4,At Risk
18146,47,3,1967.693545320032,3,2,2,7,Potential Loyalists
18147,108,7,2630.8547934617354,2,5,3,10,Loyal Customers
18148,126,2,907.7839565401335,2,1,1,4,At Risk
18149,61,10,3660.1531699193465,3,5,5,13,Champions
18150,162,4,2361.6834488523214,1,3,3,7,Potential Loyalists
18151,69,3,1628.423296290793,3,2,2,7,Potential Loyalists
18152,8,7,1266.962450556891,5,5,1,11,Loyal Customers
18153,39,9,5366.965063133252,4,5,5,14,Champions
18154,128,3,2236.9157557992185,2,2,3,7,Potential Loyalists
18155,161,6,1899.1539994656987,1,4,2,7,Potential Loyalists
18156,5,5,1972.5753041087523,5,3,2,10,Loyal Customers
18157,88,2,809.1510435068631,2,1,1,4,At Risk
18158,5,4,1167.5641427870346,5,3,1,9,Potential Loyalists
18159,64,1,458.4932601391121,3,1,1,5,At Risk
18160,18,5,2153.2114941391083,5,3,3,11,Loyal Customers
18161,95,8,3228.0355806722537,2,5,4,11,Loyal Customers
18163,32,11,5873.04967226567,4,5,5,14,Champions
18164,30,6,3839.6591743170447,4,4,5,13,Champions
18165,81,4,2421.512205058388,2,3,3,8,Potential Loyalists
18166,105,3,1126.0832451230897,2,2,1,5,At Risk
18167,75,4,1998.159088875076,3,3,2,8,Potential Loyalists
18168,57,8,4015.677415773259,3,5,5,13,Champions
18169,12,9,4672.167224028271,5,5,5,15,Champions
18170,49,6,3222.563659581333,3,4,4,11,Loyal Customers
18171,16,1,150.32305008050946,5,1,1,7,Potential Loyalists
18172,307,1,272.27943541254115,1,1,1,3,Lost
18173,124,7,4211.875943478308,2,5,5,12,Loyal Customers
18174,85,6,3361.225112696944,2,4,4,10,Loyal Customers
18175,50,6,2748.291948088472,3,4,4,11,Loyal Customers
18176,31,9,4387.952203710154,4,5,5,14,Champions
18177,200,4,2120.1912254956096,1,3,3,7,Potential Loyalists
18178,119,4,2898.7541108749965,2,3,4,9,Potential Loyalists
18179,18,1,856.6913281237122,5,1,1,7,Potential Loyalists
18180,112,5,2468.163444803015,2,3,3,8,Potential Loyalists
18181,83,5,2373.835259456097,2,3,3,8,Potential Loyalists
18182,22,8,5284.269900110297,4,5,5,14,Champions
18183,9,4,2179.086173094513,5,3,3,11,Loyal Customers
18184,79,4,2793.6288471986654,2,3,4,9,Potential Loyalists
18185,2,6,4564.56089060101,5,4,5,14,Champions
18186,26,6,3176.676699364893,4,4,4,12,Loyal Customers
18187,12,10,5232.32431320866,5,5,5,15,Champions
18188,10,9,4075.659556213858,5,5,5,15,Champions
18190,102,4,2783.101161479896,2,3,4,9,Potential Loyalists
18191,87,6,2944.323660338181,2,4,4,10,Loyal Customers
18192,127,6,2336.0491304193947,2,4,3,9,Potential Loyalists
18193,193,6,2956.1896022778647,1,4,4,9,Potential Loyalists
18195,114,3,1385.534156615849,2,2,1,5,At Risk
18196,42,4,2143.1120345836825,4,3,3,10,Loyal Customers
18197,409,1,390.9834544281664,1,1,1,3,Lost
18198,124,2,1286.1124491860396,2,1,1,4,At Risk
18199,200,4,1834.7937542082232,1,3,2,6,At Risk
18200,61,10,5015.591842192744,3,5,5,13,Champions
18201,35,4,1763.8725867562212,4,3,2,9,Potential Loyalists
18202,8,7,3650.975100163218,5,5,5,15,Champions
18203,164,4,2314.971040294424,1,3,3,7,Potential Loyalists
18204,64,8,4051.0237122949497,3,5,5,13,Champions
18205,226,4,1565.031437542459,1,3,2,6,At Risk
18206,155,4,2536.2547054068987,1,3,3,7,Potential Loyalists
18207,411,1,988.0522872803456,1,1,1,3,Lost
18208,29,9,2747.201903785301,4,5,4,13,Champions
18209,44,6,4019.508054355613,3,4,5,12,Loyal Customers
18210,84,5,2986.8612196123563,2,3,4,9,Potential Loyalists
18211,25,8,4763.313494650544,4,5,5,14,Champions
18212,116,1,554.2243649669925,2,1,1,4,At Risk
18213,20,7,3145.9112560743733,4,5,4,13,Champions
18214,111,5,2442.0278459600977,2,3,3,8,Potential Loyalists
18215,36,4,2195.8608607944043,4,3,3,10,Loyal Customers
18216,63,7,2374.403797739562,3,5,3,11,Loyal Customers
18217,120,5,2476.98597762346,2,3,3,8,Potential Loyalists
18218,61,6,3681.8178291897193,3,4,5,12,Loyal Customers
18219,19,3,2462.5214236299844,5,2,3,10,Loyal Customers
18220,59,9,4934.575738220756,3,5,5,13,Champions
18221,66,6,2095.340069012437,3,4,3,10,Loyal Customers
18222,44,8,4404.001669375707,3,5,5,13,Champions
18223,117,3,1314.3013392306011,2,2,1,5,At Risk
18224,10,3,2344.704589761297,5,2,3,10,Loyal Customers
18225,22,3,2250.460841157925,4,2,3,9,Potential Loyalists
18226,384,1,412.154060277276,1,1,1,3,Lost
18227,8,7,3515.312200351408,5,5,4,14,Champions
18228,25,4,2480.565579544844,4,3,3,10,Loyal Customers
18229,18,2,399.1673803701254,5,1,1,7,Potential Loyalists
18230,49,2,1062.0064254856936,3,1,1,5,At Risk
18231,152,3,1528.7627223565132,1,2,2,5,At Risk
18232,217,2,786.1344154367073,1,1,1,3,Lost
18233,108,6,2932.7444802453733,2,4,4,10,Loyal Customers
18234,18,5,2473.4712477177245,5,3,3,11,Loyal Customers
18235,54,6,2580.5436119621886,3,4,3,10,Loyal Customers
18236,163,4,1206.569901676868,1,3,1,5,At Risk
18237,168,3,2357.187790155416,1,2,3,6,At Risk
18238,181,2,1798.0126768710888,1,1,2,4,At Risk
18239,19,4,2529.192562092881,5,3,3,11,Loyal Customers
18240,237,4,1497.8018352874285,1,3,2,6,At Risk
18241,47,5,3686.029026629541,3,3,5,11,Loyal Customers
18243,95,4,1668.6670646291388,2,3,2,7,Potential Loyalists
18244,48,6,3908.450290880744,3,4,5,12,Loyal Customers
18245,34,4,1653.249458450449,4,3,2,9,Potential Loyalists
18246,56,3,1197.7718551458076,3,2,1,6,At Risk
18247,74,5,2629.4415281828897,3,3,3,9,Potential Loyalists
18248,190,1,811.6583873952831,1,1,1,3,Lost
18249,12,2,1089.389110993175,5,1,1,7,Potential Loyalists
18250,65,3,897.4785682030952,3,2,1,6,At Risk
18251,44,9,4808.360972873591,3,5,5,13,Champions
18252,264,2,1319.6396441098275,1,1,1,3,Lost
18253,9,4,2807.2150437663813,5,3,4,12,Loyal Customers
18254,166,4,1728.7118369912405,1,3,2,6,At Risk
18255,35,4,2976.6738043357755,4,3,4,11,Loyal Customers
18256,90,2,1176.1600863079686,2,1,1,4,At Risk
18257,48,2,781.1043706529349,3,1,1,5,At Risk
18258,49,6,5298.954343354015,3,4,5,12,Loyal Customers
18259,174,7,2881.6424525630405,1,5,4,10,Loyal Customers
18260,18,6,2918.393254550554,5,4,4,13,Champions
18261,87,5,2313.3069577256274,2,3,3,8,Potential Loyalists
18262,37,4,1091.0271941027404,4,3,1,8,Potential Loyalists
18263,16,10,4013.267751214919,5,5,5,15,Champions
18264,23,7,2301.8358316339563,4,5,3,12,Loyal Customers
18265,125,7,2864.8597156430933,2,5,4,11,Loyal Customers
18266,246,4,1656.694952339839,1,3,2,6,At Risk
18267,16,4,2089.1480753383958,5,3,3,11,Loyal Customers
18268,76,3,2532.1872738276315,3,2,3,8,Potential Loyalists
18269,31,7,2709.32652267872,4,5,3,12,Loyal Customers
18270,67,4,2308.65046516001,3,3,3,9,Potential Loyalists
18271,294,2,1004.9466194857356,1,1,1,3,Lost
18272,24,4,2384.500614747208,4,3,3,10,Loyal Customers
18273,51,5,1746.6923609616276,3,3,2,8,Potential Loyalists
18274,30,9,3273.057528916536,4,5,4,13,Champions
18275,112,3,1649.6061285912235,2,2,2,6,At Risk
18276,149,7,2392.793385150909,1,5,3,9,Potential Loyalists
18277,3,10,5628.310540826609,5,5,5,15,Champions
18278,35,5,3428.991219851261,4,3,4,11,Loyal Customers
18279,372,3,1527.5551860132657,1,2,2,5,At Risk
18281,39,3,975.8073841452598,4,2,1,7,Potential Loyalists
18282,70,5,2116.4967520961936,3,3,3,9,Potential Loyalists
18283,116,3,1683.060100345349,2,2,2,6,At Risk
18284,103,11,4524.369066742413,2,5,5,12,Loyal Customers
18285,198,4,1577.562178645829,1,3,2,6,At Risk
18286,293,1,611.0711629270149,1,1,1,3,Lost
18287,66,1,616.8678385943434,3,1,1,5,At Risk
18288,104,5,2817.0838145183634,2,3,4,9,Potential Loyalists
18289,132,2,873.2624387339605,2,1,1,4,At Risk
18290,172,5,2537.751914834307,1,3,3,7,Potential Loyalists
18291,53,4,1677.8924173635974,3,3,2,8,Potential Loyalists
18292,20,5,2572.2490587464285,4,3,3,10,Loyal Customers
18293,144,4,1420.040715332748,1,3,2,6,At Risk
18294,3,3,1944.620659852905,5,2,2,9,Potential Loyalists
18295,60,8,4053.728943955058,3,5,5,13,Champions
18296,47,3,301.20075246680403,3,2,1,6,At Risk
18297,2,5,2089.562138363593,5,3,3,11,Loyal Customers
18298,72,4,3161.1282873238038,3,3,4,10,Loyal Customers
18299,40,10,6094.035425559247,4,5,5,14,Champions
18300,21,4,2102.466977739442,4,3,3,10,Loyal Customers
18301,171,2,1353.8427943261347,1,1,1,3,Lost
18302,92,11,7610.674284569168,2,5,5,12,Loyal Customers
18303,26,11,4711.654207491243,4,5,5,14,Champions
18304,44,7,2616.10004121922,3,5,3,11,Loyal Customers
18305,39,3,2137.4528916926083,4,2,3,9,Potential Loyalists
18306,39,5,2334.0943074878733,4,3,3,10,Loyal Customers
18307,52,6,2868.570607919659,3,4,4,11,Loyal Customers
18308,40,7,4030.3637567231135,4,5,5,14,Champions
18309,4,8,3959.545671290784,5,5,5,15,Champions
18310,106,3,1730.8887120188742,2,2,2,6,At Risk
18311,289,6,2723.177356346177,1,4,3,8,Potential Loyalists
18312,190,2,1419.3974904450836,1,1,2,4,At Risk
18313,5,10,5078.4505132624,5,5,5,15,Champions
18314,291,4,1875.8701170018712,1,3,2,6,At Risk
18315,111,3,1559.2968982597656,2,2,2,6,At Risk
18316,301,3,1186.7885849414636,1,2,1,4,At Risk
18317,15,5,1261.0534419393143,5,3,1,9,Potential Loyalists
18318,275,1,128.06089904482508,1,1,1,3,Lost
18319,159,3,2532.511231431933,1,2,3,6,At Risk
18320,47,5,3283.034561177638,3,3,4,10,Loyal Customers
18321,12,7,3500.303347468771,5,5,4,14,Champions
18322,104,3,2675.044654054573,2,2,3,7,Potential Loyalists
18323,342,2,804.8728285603247,1,1,1,3,Lost
18324,9,4,2496.582262368481,5,3,3,11,Loyal Customers
18325,170,4,1294.0777951200514,1,3,1,5,At Risk
18326,4,9,4997.135426300207,5,5,5,15,Champions
18327,202,3,2051.202675344637,1,2,2,5,At Risk
18328,120,6,3183.081639477331,2,4,4,10,Loyal Customers
18329,62,5,1499.2582545726857,3,3,2,8,Potential Loyalists
18330,277,3,2255.898537568104,1,2,3,6,At Risk
18331,4,12,4811.763629928173,5,5,5,15,Champions
18332,3,5,3335.323434210908,5,3,4,12,Loyal Customers
18333,351,1,553.1362727342851,1,1,1,3,Lost
18334,41,6,3852.7017077303935,4,4,5,13,Champions
18335,98,5,2627.326013674417,2,3,3,8,Potential Loyalists
18336,48,4,1949.8773130434795,3,3,2,8,Potential Loyalists
18337,75,4,2658.307600107909,3,3,3,9,Potential Loyalists
18338,174,4,1801.795528807484,1,3,2,6,At Risk
18339,92,5,1696.2350905683668,2,3,2,7,Potential Loyalists
18340,168,5,2531.424893139548,1,3,3,7,Potential Loyalists
18341,182,6,2124.385313446803,1,4,3,8,Potential Loyalists
18342,82,2,502.6493374257783,2,1,1,4,At Risk
18343,80,6,2147.669768136123,2,4,3,9,Potential Loyalists
18344,36,7,2541.3453641865376,4,5,3,12,Loyal Customers
18345,71,2,277.38345752496457,3,1,1,5,At Risk
18346,8,7,3777.868657058248,5,5,5,15,Champions
18347,13,5,1563.8500796863625,5,3,2,10,Loyal Customers
18348,41,5,3139.0772669890757,4,3,4,11,Loyal Customers
18349,30,3,2299.2863808869984,4,2,3,9,Potential Loyalists
18350,102,3,1274.8759451529377,2,2,1,5,At Risk
18351,112,2,741.53268323111,2,1,1,4,At Risk
18352,88,3,1600.2348886147636,2,2,2,6,At Risk
18353,63,7,3105.315066394244,3,5,4,12,Loyal Customers
18354,49,10,4156.503191431812,3,5,5,13,Champions
18355,33,3,2045.657872415803,4,2,2,8,Potential Loyalists
18356,109,3,1646.2215769082677,2,2,2,6,At Risk
18357,67,5,2770.300001149576,3,3,4,10,Loyal Customers
18358,134,4,1948.796849873977,1,3,2,6,At Risk
18359,18,2,418.68327513607454,5,1,1,7,Potential Loyalists
18360,19,6,3925.7341432067706,5,4,5,14,Champions
18361,16,7,3312.512157504865,5,5,4,14,Champions
18362,11,2,819.9935412673238,5,1,1,7,Potential Loyalists
18363,39,4,1003.024929543022,4,3,1,8,Potential Loyalists
18364,40,3,288.4524283624652,4,2,1,7,Potential Loyalists
18365,283,1,949.290597092578,1,1,1,3,Lost
18366,38,4,1712.8604432639224,4,3,2,9,Potential Loyalists
18367,66,5,3142.153428106222,3,3,4,10,Loyal Customers
18368,32,5,2367.436339160005,4,3,3,10,Loyal Customers
18369,16,6,2248.326055931243,5,4,3,12,Loyal Customers
18370,217,3,1780.6984120538914,1,2,2,5,At Risk
18371,122,5,2222.673982275745,2,3,3,8,Potential Loyalists
18372,94,4,1223.1080867256835,2,3,1,6,At Risk
18373,135,3,1907.759426293553,1,2,2,5,At Risk
18374,150,3,686.8141337046536,1,2,1,4,At Risk
18375,247,2,702.952875216175,1,1,1,3,Lost
18376,212,3,1320.8629047135807,1,2,1,4,At Risk
18377,4,7,3014.691895319373,5,5,4,14,Champions
18378,79,7,2963.733845221276,2,5,4,11,Loyal Customers
18379,136,9,6259.7956279659165,1,5,5,11,Loyal Customers
18380,199,6,2703.7095457945893,1,4,3,8,Potential Loyalists
18381,106,5,3138.1388138920274,2,3,4,9,Potential Loyalists
18382,135,4,668.1851367810777,1,3,1,5,At Risk
18383,44,8,3086.026820950172,3,5,4,12,Loyal Customers
18384,19,2,1315.127859426187,5,1,1,7,Potential Loyalists
18385,27,4,2574.675200669195,4,3,3,10,Loyal Customers
18386,141,2,993.6308565260488,1,1,1,3,Lost
18387,23,4,3227.3975992681912,4,3,4,11,Loyal Customers
18388,73,6,2740.40294472648,3,4,3,10,Loyal Customers
18389,109,5,1186.5790973323583,2,3,1,6,At Risk
18390,49,7,2281.700580217358,3,5,3,11,Loyal Customers
18391,251,3,1016.7447994851937,1,2,1,4,At Risk
18392,85,5,2898.302396927611,2,3,4,9,Potential Loyalists
18393,11,6,2824.824473686031,5,4,4,13,Champions
18394,55,3,2061.520134972766,3,2,2,7,Potential Loyalists
18395,73,1,25.413696364910308,3,1,1,5,At Risk
18396,91,3,1320.8464192827437,2,2,1,5,At Risk
18397,22,8,3272.272680226406,4,5,4,13,Champions
18398,33,3,1883.2940114369096,4,2,2,8,Potential Loyalists
18399,210,3,302.1373501737867,1,2,1,4,At Risk
18400,27,5,1796.8061823757298,4,3,2,9,Potential Loyalists
18401,39,4,1596.9035576420886,4,3,2,9,Potential Loyalists
18402,127,6,3166.2797486715644,2,4,4,10,Loyal Customers
18403,1,6,1525.023546830566,5,4,2,11,Loyal Customers
18404,22,4,1766.0678823046594,4,3,2,9,Potential Loyalists
18405,69,2,839.2418677540014,3,1,1,5,At Risk
18406,53,5,2232.350770159567,3,3,3,9,Potential Loyalists
18407,93,5,1772.690880309449,2,3,2,7,Potential Loyalists
18408,23,5,2892.5052242939505,4,3,4,11,Loyal Customers
18409,54,7,3440.590023288631,3,5,4,12,Loyal Customers
18410,112,2,1250.5481701297745,2,1,1,4,At Risk
18411,30,4,3058.912014800821,4,3,4,11,Loyal Customers
18412,26,9,5767.209512458973,4,5,5,14,Champions
18413,18,11,3802.09484814519,5,5,5,15,Champions
18414,228,2,260.2185749684318,1,1,1,3,Lost
18415,39,7,2634.6444063710524,4,5,3,12,Loyal Customers
18416,366,2,1526.617474901262,1,1,2,4,At Risk
18417,143,3,2542.986556557358,1,2,3,6,At Risk
18418,156,7,3074.340406300541,1,5,4,10,Loyal Customers
18419,17,9,4587.574985502362,5,5,5,15,Champions
18420,13,4,2177.93334122731,5,3,3,11,Loyal Customers
18421,46,3,1413.7718135480536,3,2,1,6,At Risk
18422,13,8,4958.631270464858,5,5,5,15,Champions
18423,24,7,2183.7370573275884,4,5,3,12,Loyal Customers
18424,73,4,1375.3766477396762,3,3,1,7,Potential Loyalists
18425,21,3,1725.4233040015536,4,2,2,8,Potential Loyalists
18426,53,5,2873.33415904479,3,3,4,10,Loyal Customers
18427,370,1,659.0077098887263,1,1,1,3,Lost
18428,143,4,1675.551137737998,1,3,2,6,At Risk
18429,4,7,3368.089255403471,5,5,4,14,Champions
18430,152,4,1759.0836093562975,1,3,2,6,At Risk
18431,151,5,1841.3864227880097,1,3,2,6,At Risk
18432,87,9,4058.476480459319,2,5,5,12,Loyal Customers
18433,38,9,5520.856823475183,4,5,5,14,Champions
18434,15,7,3247.316226014849,5,5,4,14,Champions
18435,52,4,1798.975481295103,3,3,2,8,Potential Loyalists
18436,61,6,4418.656310474339,3,4,5,12,Loyal Customers
18437,269,3,1752.1544711664135,1,2,2,5,At Risk
18438,187,6,4084.4579195782185,1,4,5,10,Loyal Customers
18439,156,7,3780.447284651056,1,5,5,11,Loyal Customers
18440,10,3,1272.963915583611,5,2,1,8,Potential Loyalists
18441,144,3,829.4045357399586,1,2,1,4,At Risk
18442,80,6,3158.7751179718034,2,4,4,10,Loyal Customers
18443,64,4,1964.361432298653,3,3,2,8,Potential Loyalists
18444,65,3,1854.19766177466,3,2,2,7,Potential Loyalists
18445,57,6,2247.986935704152,3,4,3,10,Loyal Customers
18446,18,7,2441.7695382486936,5,5,3,13,Champions
18447,4,7,3086.4153621892947,5,5,4,14,Champions
18448,35,8,4442.124892909274,4,5,5,14,Champions
18449,17,8,5299.549066165151,5,5,5,15,Champions
18450,121,4,1333.0363864399735,2,3,1,6,At Risk
18451,43,5,1160.512496148143,4,3,1,8,Potential Loyalists
18452,33,3,1271.4712566429334,4,2,1,7,Potential Loyalists
18453,15,4,2016.7355412090028,5,3,2,10,Loyal Customers
18454,20,7,2477.854449534372,4,5,3,12,Loyal Customers
18455,85,4,1001.188859838434,2,3,1,6,At Risk
18456,15,6,2993.332688739407,5,4,4,13,Champions
18457,55,7,4769.4129205415775,3,5,5,13,Champions
18458,43,9,4001.1215167984255,4,5,5,14,Champions
18459,160,3,1202.1311416258563,1,2,1,4,At Risk
18460,91,5,2140.1282511707286,2,3,3,8,Potential Loyalists
18461,36,4,2110.6181894433216,4,3,3,10,Loyal Customers
18462,6,8,4077.7737418172273,5,5,5,15,Champions
18463,30,10,4046.8393599324295,4,5,5,14,Champions
18464,172,4,815.7609498905982,1,3,1,5,At Risk
18465,2,6,2194.292136677634,5,4,3,12,Loyal Customers
18466,145,5,2234.203224161572,1,3,3,7,Potential Loyalists
18467,55,2,1272.398725543942,3,1,1,5,At Risk
18468,47,4,2000.3981852444424,3,3,2,8,Potential Loyalists
18469,59,4,1808.9658218445784,3,3,2,8,Potential Loyalists
18470,54,8,4671.045052817447,3,5,5,13,Champions
18471,148,2,1326.9920840787408,1,1,1,3,Lost
18472,27,8,4207.611483414162,4,5,5,14,Champions
18473,340,3,1378.320796722886,1,2,1,4,At Risk
18474,24,1,429.7882269517895,4,1,1,6,At Risk
18475,5,3,977.8096310498352,5,2,1,8,Potential Loyalists
18476,102,7,5641.4000653231415,2,5,5,12,Loyal Customers
18477,50,5,2460.027278642342,3,3,3,9,Potential Loyalists
18478,214,3,933.8902982970404,1,2,1,4,At Risk
18479,52,2,1331.9804579000638,3,1,1,5,At Risk
18480,85,6,3451.0674641251667,2,4,4,10,Loyal Customers
18481,43,3,1343.910681071971,4,2,1,7,Potential Loyalists
18482,55,4,2049.293786303216,3,3,2,8,Potential Loyalists
18483,26,7,1868.383817322888,4,5,2,11,Loyal Customers
18484,28,3,1498.7579055471638,4,2,2,8,Potential Loyalists
18485,33,7,4130.332016362849,4,5,5,14,Champions
18486,55,5,1694.1748623251854,3,3,2,8,Potential Loyalists
18487,124,2,1392.0416081620815,2,1,1,4,At Risk
18488,96,5,3672.272277585172,2,3,5,10,Loyal Customers
18489,50,4,1744.12397478798,3,3,2,8,Potential Loyalists
18490,197,1,991.3391583935024,1,1,1,3,Lost
18491,23,5,2560.296843325891,4,3,3,10,Loyal Customers
18492,85,6,3140.7695715981795,2,4,4,10,Loyal Customers
18494,15,9,5735.644328808724,5,5,5,15,Champions
18495,88,3,1038.092238113458,2,2,1,5,At Risk
18496,139,8,4083.9055239510462,1,5,5,11,Loyal Customers
18497,66,3,723.5242369291536,3,2,1,6,At Risk
18498,48,8,4145.798255451232,3,5,5,13,Champions
18499,7,8,3795.359982434844,5,5,5,15,Champions
18500,49,6,2758.861253584247,3,4,4,11,Loyal Customers
18501,208,2,681.6335477502621,1,1,1,3,Lost
18502,151,4,1935.6776604512525,1,3,2,6,At Risk
18503,3,5,1782.4111233231486,5,3,2,10,Loyal Customers
18504,12,8,4023.2670041869033,5,5,5,15,Champions
18505,127,2,644.1902648757925,2,1,1,4,At Risk
18506,81,8,3889.318206411604,2,5,5,12,Loyal Customers
18507,1,3,804.4909570055515,5,2,1,8,Potential Loyalists
18508,90,4,2166.7145887348656,2,3,3,8,Potential Loyalists
18509,252,5,2292.8228702621445,1,3,3,7,Potential Loyalists
18510,76,8,4386.971829757806,3,5,5,13,Champions
18511,152,2,1158.7173046934474,1,1,1,3,Lost
18512,27,6,3877.016659977941,4,4,5,13,Champions
18513,179,5,1596.518957280856,1,3,2,6,At Risk
18514,66,5,2286.6061498794465,3,3,3,9,Potential Loyalists
18515,15,2,1095.1408156564955,5,1,1,7,Potential Loyalists
18516,65,3,1806.479182300025,3,2,2,7,Potential Loyalists
18517,34,7,3191.3750309555357,4,5,4,13,Champions
18519,54,5,1564.3968045397355,3,3,2,8,Potential Loyalists
18520,64,6,3438.437459112525,3,4,4,11,Loyal Customers
18521,44,4,1562.1968276399036,3,3,2,8,Potential Loyalists
18522,87,4,1839.4128930624995,2,3,2,7,Potential Loyalists
18523,61,2,995.1555542601044,3,1,1,5,At Risk
18524,1,4,1088.2662118978544,5,3,1,9,Potential Loyalists
18525,50,11,4381.655528569989,3,5,5,13,Champions
18526,83,2,445.29544543542926,2,1,1,4,At Risk
18527,71,6,2338.7850362119366,3,4,3,10,Loyal Customers
18528,80,9,6109.407352997656,2,5,5,12,Loyal Customers
18529,31,2,1530.017055826733,4,1,2,7,Potential Loyalists
18530,116,3,909.4786779968496,2,2,1,5,At Risk
18531,39,6,2083.986129380204,4,4,2,10,Loyal Customers
18532,197,2,1673.8619905810642,1,1,2,4,At Risk
18533,20,9,3660.694868374592,4,5,5,14,Champions
18534,44,7,5068.042124500515,3,5,5,13,Champions
18535,80,9,4579.500649096337,2,5,5,12,Loyal Customers
18536,59,6,3302.0006213473507,3,4,4,11,Loyal Customers
18537,23,6,3826.325409995289,4,4,5,13,Champions
18538,94,3,1860.943409239157,2,2,2,6,At Risk
18539,261,2,767.6210472730345,1,1,1,3,Lost
18540,66,5,1463.936259555017,3,3,2,8,Potential Loyalists
18541,54,5,2869.3395790927457,3,3,4,10,Loyal Customers
18542,36,6,2935.15696690736,4,4,4,12,Loyal Customers
18543,146,3,1307.860212211484,1,2,1,4,At Risk
18544,220,5,1456.633160471092,1,3,2,6,At Risk
18545,127,5,4183.816013193997,2,3,5,10,Loyal Customers
18546,87,7,4565.053366896229,2,5,5,12,Loyal Customers
18547,6,4,1523.1830409001132,5,3,2,10,Loyal Customers
18548,21,6,4032.624730435826,4,4,5,13,Champions
18549,18,4,3242.372319382396,5,3,4,12,Loyal Customers
18550,34,5,1958.1752294318808,4,3,2,9,Potential Loyalists
18551,198,3,768.6249465827908,1,2,1,4,At Risk
18552,112,9,4274.476353213486,2,5,5,12,Loyal Customers
18553,50,6,3606.8095251655695,3,4,5,12,Loyal Customers
18554,48,7,2285.0134023414184,3,5,3,11,Loyal Customers
18555,309,4,2093.3721164599824,1,3,3,7,Potential Loyalists
18556,4,7,3568.889001597402,5,5,5,15,Champions
18557,59,7,3354.80107783103,3,5,4,12,Loyal Customers
18558,266,3,1869.2944873884503,1,2,2,5,At Risk
18559,56,7,2688.7076636838115,3,5,3,11,Loyal Customers
18560,3,4,2959.551359920484,5,3,4,12,Loyal Customers
18561,18,8,3856.913751119084,5,5,5,15,Champions
18562,179,6,2769.9462953314783,1,4,4,9,Potential Loyalists
18563,60,7,3367.148418051086,3,5,4,12,Loyal Customers
18564,217,2,893.9595764741617,1,1,1,3,Lost
18565,95,4,1646.144735103809,2,3,2,7,Potential Loyalists
18566,68,3,673.8314909140735,3,2,1,6,At Risk
18567,31,7,2629.543180197656,4,5,3,12,Loyal Customers
18568,8,8,3684.175626164063,5,5,5,15,Champions
18569,101,3,2092.8779662826923,2,2,3,7,Potential Loyalists
18570,50,4,2836.5485603066863,3,3,4,10,Loyal Customers
18571,251,1,65.6859713442406,1,1,1,3,Lost
18572,57,4,2299.3697531374683,3,3,3,9,Potential Loyalists
18573,5,9,4690.495093405836,5,5,5,15,Champions
18574,69,4,1064.7358054061956,3,3,1,7,Potential Loyalists
18575,3,3,2134.1219656485,5,2,3,10,Loyal Customers
18576,34,6,2956.83459622314,4,4,4,12,Loyal Customers
18577,80,2,1262.6478993655844,2,1,1,4,At Risk
18578,17,5,1721.6024538907957,5,3,2,10,Loyal Customers
18579,21,5,1587.698089719505,4,3,2,9,Potential Loyalists
18580,42,5,2016.814992867776,4,3,2,9,Potential Loyalists
18581,5,6,3182.4761018899558,5,4,4,13,Champions
18582,192,4,2499.0721327359547,1,3,3,7,Potential Loyalists
18583,18,4,1637.4670734287176,5,3,2,10,Loyal Customers
18584,25,8,4579.210170052265,4,5,5,14,Champions
18585,10,6,2092.076009822358,5,4,3,12,Loyal Customers
18586,6,6,2405.7038793799097,5,4,3,12,Loyal Customers
18587,14,6,3335.4758505580435,5,4,4,13,Champions
18588,112,5,2109.7588619492826,2,3,3,8,Potential Loyalists
18589,34,4,2211.536254764457,4,3,3,10,Loyal Customers
18590,131,1,606.190389505951,2,1,1,4,At Risk
18591,54,5,2277.7704132617105,3,3,3,9,Potential Loyalists
18592,72,5,3275.8391194770443,3,3,4,10,Loyal Customers
18593,54,8,2897.077932295775,3,5,4,12,Loyal Customers
18594,45,4,1665.001388134792,3,3,2,8,Potential Loyalists
18595,210,6,3277.493713522231,1,4,4,9,Potential Loyalists
18596,10,4,1784.1801802641337,5,3,2,10,Loyal Customers
18597,35,2,1954.6892278622213,4,1,2,7,Potential Loyalists
18598,161,3,2205.3753758604867,1,2,3,6,At Risk
18599,73,4,2748.266893271384,3,3,4,10,Loyal Customers
18600,69,5,3068.0039138400584,3,3,4,10,Loyal Customers
18601,90,5,2682.068453894409,2,3,3,8,Potential Loyalists
18602,67,6,3611.270715338524,3,4,5,12,Loyal Customers
18603,184,3,1243.366344579139,1,2,1,4,At Risk
18604,7,4,1788.787554577934,5,3,2,10,Loyal Customers
18605,71,4,1283.2510346047516,3,3,1,7,Potential Loyalists
18606,61,5,3619.486671294421,3,3,5,11,Loyal Customers
18607,1,3,1815.864001658368,5,2,2,9,Potential Loyalists
18608,203,3,965.767499493086,1,2,1,4,At Risk
18609,16,8,4285.6817984187055,5,5,5,15,Champions
18610,85,6,1656.906903515178,2,4,2,8,Potential Loyalists
18611,61,1,958.533075513894,3,1,1,5,At Risk
18612,14,8,3710.367102654534,5,5,5,15,Champions
18613,7,7,4041.222864432506,5,5,5,15,Champions
18614,45,3,1510.1104130933809,3,2,2,7,Potential Loyalists
18615,114,7,3439.834517224475,2,5,4,11,Loyal Customers
18616,219,3,1408.2353776821346,1,2,1,4,At Risk
18617,28,8,3828.859616471782,4,5,5,14,Champions
18618,38,2,992.6593526122967,4,1,1,6,At Risk
18619,110,1,855.4573457534109,2,1,1,4,At Risk
18620,12,7,3298.3753045451426,5,5,4,14,Champions
18621,10,4,1810.7393503034791,5,3,2,10,Loyal Customers
18622,57,4,1523.0044221777032,3,3,2,8,Potential Loyalists
18623,155,3,2039.539410576749,1,2,2,5,At Risk
18624,10,8,4144.512437405112,5,5,5,15,Champions
18625,31,8,2880.022262138324,4,5,4,13,Champions
18626,123,8,4611.577773459259,2,5,5,12,Loyal Customers
18627,118,5,1405.820845316878,2,3,1,6,At Risk
18628,67,5,2603.4228584842467,3,3,3,9,Potential Loyalists
18629,70,4,2482.4119055608767,3,3,3,9,Potential Loyalists
18630,84,8,4954.376546746521,2,5,5,12,Loyal Customers
18631,172,4,2268.99777652653,1,3,3,7,Potential Loyalists
18632,110,3,1274.257248716002,2,2,1,5,At Risk
18633,81,6,1502.2825730863856,2,4,2,8,Potential Loyalists
18634,171,7,2941.276138071998,1,5,4,10,Loyal Customers
18635,9,6,3383.9870149256776,5,4,4,13,Champions
18636,74,5,2437.145919805213,3,3,3,9,Potential Loyalists
18637,102,6,3191.5894898261627,2,4,4,10,Loyal Customers
18638,2,6,3847.095574792515,5,4,5,14,Champions
18639,141,7,2644.9224447423003,1,5,3,9,Potential Loyalists
18640,255,1,367.7172173204247,1,1,1,3,Lost
18641,73,3,722.2329045395853,3,2,1,6,At Risk
18642,1,8,3401.2217758611328,5,5,4,14,Champions
18643,200,2,1035.644040840922,1,1,1,3,Lost
18644,22,5,3243.3821469758004,4,3,4,11,Loyal Customers
18645,185,7,2450.4741652630723,1,5,3,9,Potential Loyalists
18646,119,5,2465.619138985958,2,3,3,8,Potential Loyalists
18647,248,3,2089.454133485496,1,2,3,6,At Risk
18648,253,3,853.4888538470951,1,2,1,4,At Risk
18649,77,5,1923.6828701165775,2,3,2,7,Potential Loyalists
18650,21,5,3109.5707838111944,4,3,4,11,Loyal Customers
18651,55,7,2797.768827321897,3,5,4,12,Loyal Customers
18652,4,9,5489.760423413341,5,5,5,15,Champions
18653,11,12,6290.318887310945,5,5,5,15,Champions
18654,65,5,1679.7795788455128,3,3,2,8,Potential Loyalists
18655,238,2,286.8944542680045,1,1,1,3,Lost
18656,17,4,2348.1568412010065,5,3,3,11,Loyal Customers
18657,10,8,2601.598767636344,5,5,3,13,Champions
18658,24,3,963.5665765349132,4,2,1,7,Potential Loyalists
18659,217,1,293.1715507864082,1,1,1,3,Lost
18660,82,4,2210.018339710516,2,3,3,8,Potential Loyalists
18661,236,3,1151.9825209417131,1,2,1,4,At Risk
18662,226,5,2200.602412627813,1,3,3,7,Potential Loyalists
18663,170,10,5782.212959371791,1,5,5,11,Loyal Customers
18664,288,3,2012.038159610713,1,2,2,5,At Risk
18665,37,8,2966.0314166134112,4,5,4,13,Champions
18666,344,1,207.3273161688156,1,1,1,3,Lost
18667,85,5,2488.4681903903734,2,3,3,8,Potential Loyalists
18668,173,6,1759.0675138943386,1,4,2,7,Potential Loyalists
18669,144,1,642.844146876969,1,1,1,3,Lost
18670,67,7,3694.925679551996,3,5,5,13,Champions
18671,3,4,2405.481067739164,5,3,3,11,Loyal Customers
18672,27,4,2501.3144814489906,4,3,3,10,Loyal Customers
18673,40,4,2366.586741558238,4,3,3,10,Loyal Customers
18674,73,3,1773.4394407640875,3,2,2,7,Potential Loyalists
18675,37,7,3887.926166948585,4,5,5,14,Champions
18676,53,4,2291.2762720956,3,3,3,9,Potential Loyalists
18677,13,7,3034.5496079804434,5,5,4,14,Champions
18678,76,4,2043.4959265554307,3,3,2,8,Potential Loyalists
18679,88,5,2424.8104762654248,2,3,3,8,Potential Loyalists
18680,10,7,4131.939405428802,5,5,5,15,Champions
18681,3,8,4281.124193866771,5,5,5,15,Champions
18682,6,5,3281.234053154368,5,3,4,12,Loyal Customers
18683,128,2,1017.5120467272002,2,1,1,4,At Risk
18684,27,3,824.3471643052201,4,2,1,7,Potential Loyalists
18685,5,8,3714.993545956917,5,5,5,15,Champions
18686,30,6,3547.498055299342,4,4,5,13,Champions
18687,128,3,1295.7196453714678,2,2,1,5,At Risk
18688,15,4,1947.1297253763385,5,3,2,10,Loyal Customers
18689,34,4,2501.777653953668,4,3,3,10,Loyal Customers
18690,91,5,1873.307293168864,2,3,2,7,Potential Loyalists
18691,131,5,2976.560573051192,2,3,4,9,Potential Loyalists
18692,54,8,5855.359944503658,3,5,5,13,Champions
18693,161,2,1834.4545984922236,1,1,2,4,At Risk
18694,61,4,2081.503696385141,3,3,2,8,Potential Loyalists
18695,167,5,2494.9146399981537,1,3,3,7,Potential Loyalists
18696,10,4,2622.791611716271,5,3,3,11,Loyal Customers
18697,1,8,4526.507473437119,5,5,5,15,Champions
18698,34,10,6365.633006899766,4,5,5,14,Champions
18699,181,4,1307.2583683616035,1,3,1,5,At Risk
18700,99,5,2156.332859481972,2,3,3,8,Potential Loyalists
18701,12,4,1096.1878613715992,5,3,1,9,Potential Loyalists
18702,267,3,1642.68333911764,1,2,2,5,At Risk
18703,98,5,2293.2682459758903,2,3,3,8,Potential Loyalists
18704,124,1,154.0294741342014,2,1,1,4,At Risk
18705,46,8,3354.0246578108354,3,5,4,12,Loyal Customers
18706,24,10,4873.848779172995,4,5,5,14,Champions
18707,26,8,4027.373879874732,4,5,5,14,Champions
18708,50,9,3919.207609124883,3,5,5,13,Champions
18709,32,8,3574.746828764627,4,5,5,14,Champions
18710,124,7,4526.624212840537,2,5,5,12,Loyal Customers
18711,164,6,2899.6275372431287,1,4,4,9,Potential Loyalists
18712,193,6,2520.949987940309,1,4,3,8,Potential Loyalists
18713,35,5,3110.3273430275244,4,3,4,11,Loyal Customers
18714,12,4,1436.5129137674123,5,3,2,10,Loyal Customers
18715,29,8,3226.2050903196896,4,5,4,13,Champions
18716,78,7,2443.3431032116923,2,5,3,10,Loyal Customers
18717,36,5,2474.111179376488,4,3,3,10,Loyal Customers
18718,105,5,3524.3262858182684,2,3,4,9,Potential Loyalists
18719,15,4,2533.6528299704114,5,3,3,11,Loyal Customers
18720,133,4,894.1298350495783,2,3,1,6,At Risk
18721,19,9,5051.856274275223,5,5,5,15,Champions
18722,30,5,2510.2769390545523,4,3,3,10,Loyal Customers
18723,41,9,4092.132916407491,4,5,5,14,Champions
18724,24,3,602.42758001073,4,2,1,7,Potential Loyalists
18725,34,3,835.5796868191153,4,2,1,7,Potential Loyalists
18726,57,2,1360.3589764001222,3,1,1,5,At Risk
18727,281,2,650.9583118867495,1,1,1,3,Lost
18728,47,5,1907.5861026805128,3,3,2,8,Potential Loyalists
18729,23,5,2432.4172051605,4,3,3,10,Loyal Customers
18730,74,5,1670.724982858077,3,3,2,8,Potential Loyalists
18731,11,4,2910.4506069937547,5,3,4,12,Loyal Customers
18732,114,5,1469.77953875142,2,3,2,7,Potential Loyalists
18733,7,6,4399.508653184834,5,4,5,14,Champions
18734,14,8,4420.568812919689,5,5,5,15,Champions
18735,11,8,4801.365595048771,5,5,5,15,Champions
18736,43,3,1048.4088093621217,4,2,1,7,Potential Loyalists
18737,73,6,3107.536726796216,3,4,4,11,Loyal Customers
18738,91,9,5113.21232554686,2,5,5,12,Loyal Customers
18739,170,5,2403.813623687456,1,3,3,7,Potential Loyalists
18740,21,2,879.5749558684818,4,1,1,6,At Risk
18741,2,2,1180.594335364626,5,1,1,7,Potential Loyalists
18742,9,5,2037.4127678486168,5,3,2,10,Loyal Customers
18743,168,4,2048.4006384903446,1,3,2,6,At Risk
18744,16,5,2175.091943143655,5,3,3,11,Loyal Customers
18745,106,3,2574.4847345855223,2,2,3,7,Potential Loyalists
18746,47,2,961.5383541115742,3,1,1,5,At Risk
18747,46,5,1653.6937677768233,3,3,2,8,Potential Loyalists
18748,38,9,3852.707064752436,4,5,5,14,Champions
18749,27,4,2016.58204937401,4,3,2,9,Potential Loyalists
18750,102,4,2277.458733513537,2,3,3,8,Potential Loyalists
18751,61,4,1903.0459496390504,3,3,2,8,Potential Loyalists
18752,8,6,4134.026335662184,5,4,5,14,Champions
18753,7,7,3805.998693389996,5,5,5,15,Champions
18754,47,3,1060.824026061763,3,2,1,6,At Risk
18755,140,5,2420.657983886936,1,3,3,7,Potential Loyalists
18756,4,2,923.30680390134,5,1,1,7,Potential Loyalists
18757,61,5,2119.7411881469707,3,3,3,9,Potential Loyalists
18758,14,3,1533.0042704885154,5,2,2,9,Potential Loyalists
18759,85,4,2055.714257798715,2,3,2,7,Potential Loyalists
18760,9,11,4538.253777345084,5,5,5,15,Champions
18761,34,3,2195.9994622500963,4,2,3,9,Potential Loyalists
18762,174,2,559.7309086356773,1,1,1,3,Lost
18763,169,6,3503.746393089473,1,4,4,9,Potential Loyalists
18764,204,2,914.7250245536848,1,1,1,3,Lost
18765,33,4,3075.6921634319037,4,3,4,11,Loyal Customers
18766,223,2,184.4037731505356,1,1,1,3,Lost
18767,87,9,3793.9070598561975,2,5,5,12,Loyal Customers
18768,9,8,3299.235637118789,5,5,4,14,Champions
18769,3,4,3221.967991983231,5,3,4,12,Loyal Customers
18770,41,4,1686.6152199055814,4,3,2,9,Potential Loyalists
18771,34,8,3103.2914463079364,4,5,4,13,Champions
18772,6,6,2743.2265998521843,5,4,4,13,Champions
18773,165,6,3448.7867843149133,1,4,4,9,Potential Loyalists
18774,89,3,1310.4222081584203,2,2,1,5,At Risk
18775,70,6,3168.9092726417125,3,4,4,11,Loyal Customers
18776,45,7,2606.3534478499737,3,5,3,11,Loyal Customers
18777,286,3,2316.197301653262,1,2,3,6,At Risk
18778,56,3,1013.5174232649832,3,2,1,6,At Risk
18779,67,3,2576.787192094764,3,2,3,8,Potential Loyalists
18780,41,5,3064.173830113937,4,3,4,11,Loyal Customers
18781,180,2,716.6155361896311,1,1,1,3,Lost
18782,139,2,989.907399045711,1,1,1,3,Lost
18783,28,4,2146.1039699546263,4,3,3,10,Loyal Customers
18784,79,7,4729.542548143142,2,5,5,12,Loyal Customers
18785,125,5,2124.566854579095,2,3,3,8,Potential Loyalists
18786,13,9,5506.375163725077,5,5,5,15,Champions
18788,99,10,6072.332036734183,2,5,5,12,Loyal Customers
18789,20,4,1621.5975336829629,4,3,2,9,Potential Loyalists
18790,47,4,2146.5695843191,3,3,3,9,Potential Loyalists
18791,200,3,2007.5871032002976,1,2,2,5,At Risk
18792,235,7,3745.615898986175,1,5,5,11,Loyal Customers
18793,17,10,5977.421355746413,5,5,5,15,Champions
18794,32,7,5384.700984258381,4,5,5,14,Champions
18795,17,6,3120.911351091705,5,4,4,13,Champions
18796,30,5,2837.55827497782,4,3,4,11,Loyal Customers
18797,108,9,4774.046441800661,2,5,5,12,Loyal Customers
18798,10,6,2742.74203657026,5,4,4,13,Champions
18799,31,2,1749.379870131141,4,1,2,7,Potential Loyalists
18800,158,3,1570.1590825113185,1,2,2,5,At Risk
18801,171,5,3170.397549166125,1,3,4,8,Potential Loyalists
18802,10,8,4006.019183487103,5,5,5,15,Champions
18803,75,6,3361.9930503024657,3,4,4,11,Loyal Customers
18804,16,8,3603.7786327143863,5,5,5,15,Champions
18805,9,6,2408.880097599428,5,4,3,12,Loyal Customers
18806,91,6,2106.283255669129,2,4,3,9,Potential Loyalists
18807,68,5,2345.5307450710243,3,3,3,9,Potential Loyalists
18808,102,6,3505.48597839329,2,4,4,10,Loyal Customers
18809,81,9,4221.028714454049,2,5,5,12,Loyal Customers
18810,55,6,4334.7278294653215,3,4,5,12,Loyal Customers
18811,54,6,2760.901260921696,3,4,4,11,Loyal Customers
18812,17,4,1120.9298709169436,5,3,1,9,Potential Loyalists
18813,36,5,2314.581205901612,4,3,3,10,Loyal Customers
18814,50,5,1378.760047986581,3,3,1,7,Potential Loyalists
18815,95,6,1711.5834414332242,2,4,2,8,Potential Loyalists
18816,4,2,1051.8842358127554,5,1,1,7,Potential Loyalists
18817,16,2,754.1533530295819,5,1,1,7,Potential Loyalists
18818,145,4,2259.1931048794395,1,3,3,7,Potential Loyalists
18819,183,2,1282.4892981042894,1,1,1,3,Lost
18820,177,4,2581.759821471223,1,3,3,7,Potential Loyalists
18821,9,7,4563.408886623082,5,5,5,15,Champions
18822,1,6,2838.395611689513,5,4,4,13,Champions
18823,72,4,2952.214541130665,3,3,4,10,Loyal Customers
18824,18,6,3482.759694308588,5,4,4,13,Champions
18825,175,3,974.0004591112188,1,2,1,4,At Risk
18826,109,8,4470.510849972357,2,5,5,12,Loyal Customers
18827,185,4,2003.7471721003187,1,3,2,6,At Risk
18828,179,2,1201.405730946492,1,1,1,3,Lost
18829,1,12,6820.877550751061,5,5,5,15,Champions
18830,57,3,713.772308396283,3,2,1,6,At Risk
18831,162,4,1692.6610773549824,1,3,2,6,At Risk
18832,39,5,2158.6558972068533,4,3,3,10,Loyal Customers
18833,21,3,1336.9110530075825,4,2,1,7,Potential Loyalists
18834,39,5,3164.2880380530014,4,3,4,11,Loyal Customers
18835,23,4,1852.7944827600693,4,3,2,9,Potential Loyalists
18836,52,6,2983.115207097316,3,4,4,11,Loyal Customers
18837,169,3,2263.6520870319364,1,2,3,6,At Risk
18838,11,5,2011.0697021856804,5,3,2,10,Loyal Customers
18839,241,5,2257.2649835093007,1,3,3,7,Potential Loyalists
18840,11,11,4597.780074111547,5,5,5,15,Champions
18841,142,2,542.7545770603102,1,1,1,3,Lost
18842,18,8,4788.057759898008,5,5,5,15,Champions
18843,43,3,2333.1866646247386,4,2,3,9,Potential Loyalists
18844,4,4,2490.0715359726664,5,3,3,11,Loyal Customers
18845,103,4,2506.1005786342794,2,3,3,8,Potential Loyalists
18846,16,5,3223.354441727715,5,3,4,12,Loyal Customers
18847,146,8,2093.3345477206917,1,5,3,9,Potential Loyalists
18848,157,4,1595.944795939981,1,3,2,6,At Risk
18849,15,5,3457.755203244926,5,3,4,12,Loyal Customers
18850,58,6,3255.8066901761786,3,4,4,11,Loyal Customers
18851,56,4,1209.3452323512422,3,3,1,7,Potential Loyalists
18852,2,4,1851.2959666887723,5,3,2,10,Loyal Customers
18853,209,6,3576.576634704636,1,4,5,10,Loyal Customers
18854,22,7,2630.599295701881,4,5,3,12,Loyal Customers
18855,131,3,1923.1189856600347,2,2,2,6,At Risk
18856,25,5,1972.71757862198,4,3,2,9,Potential Loyalists
18857,17,3,1641.1696162958365,5,2,2,9,Potential Loyalists
18858,26,5,2484.6631325134385,4,3,3,10,Loyal Customers
18859,101,3,1911.6063096139649,2,2,2,6,At Risk
18860,53,3,1053.3839006186126,3,2,1,6,At Risk
18861,68,3,1066.5391649626663,3,2,1,6,At Risk
18862,34,7,2777.25712136723,4,5,4,13,Champions
18863,94,5,2927.3550303598317,2,3,4,9,Potential Loyalists
18864,17,5,1665.416263518286,5,3,2,10,Loyal Customers
18865,137,5,3991.774073170566,1,3,5,9,Potential Loyalists
18866,32,5,2381.759622090667,4,3,3,10,Loyal Customers
18867,153,3,2393.1622432750733,1,2,3,6,At Risk
18868,57,8,4526.024575017886,3,5,5,13,Champions
18869,11,4,3287.39784507837,5,3,4,12,Loyal Customers
18870,107,2,946.1730670647858,2,1,1,4,At Risk
18871,127,4,2153.282294729785,2,3,3,8,Potential Loyalists
18872,169,2,982.5935476121408,1,1,1,3,Lost
18873,86,5,2297.614804323413,2,3,3,8,Potential Loyalists
18874,63,3,2229.9478515790397,3,2,3,8,Potential Loyalists
18875,193,3,1819.0280862061868,1,2,2,5,At Risk
18876,74,4,1659.8935795833236,3,3,2,8,Potential Loyalists
18877,124,7,4140.5748136813945,2,5,5,12,Loyal Customers
18878,2,4,1621.813621252668,5,3,2,10,Loyal Customers
18879,32,5,2724.834525191667,4,3,3,10,Loyal Customers
18880,28,3,2003.297865594048,4,2,2,8,Potential Loyalists
18881,6,3,1753.7889729568876,5,2,2,9,Potential Loyalists
18882,251,2,585.0596935576915,1,1,1,3,Lost
18883,257,4,2372.162838029584,1,3,3,7,Potential Loyalists
18884,12,4,2002.914446625749,5,3,2,10,Loyal Customers
18885,177,5,3463.1138568207543,1,3,4,8,Potential Loyalists
18886,172,4,2924.1298556953634,1,3,4,8,Potential Loyalists
18887,117,4,2376.2679257147706,2,3,3,8,Potential Loyalists
18888,68,4,1952.6753221330096,3,3,2,8,Potential Loyalists
18889,167,5,2351.492353516505,1,3,3,7,Potential Loyalists
18890,215,2,685.9793599673986,1,1,1,3,Lost
18891,20,7,3686.649948147551,4,5,5,14,Champions
18892,67,4,2817.403344248969,3,3,4,10,Loyal Customers
18893,57,7,2631.864776458851,3,5,3,11,Loyal Customers
18894,96,4,3205.40608737436,2,3,4,9,Potential Loyalists
18895,34,7,3534.5640377684317,4,5,4,13,Champions
18896,6,6,3460.2597373428403,5,4,4,13,Champions
18897,81,7,3134.5631291219424,2,5,4,11,Loyal Customers
18898,70,7,4222.230408404446,3,5,5,13,Champions
18899,18,5,1932.8303971614223,5,3,2,10,Loyal Customers
18900,150,5,3477.174539415523,1,3,4,8,Potential Loyalists
18901,119,1,86.0433133340397,2,1,1,4,At Risk
18902,22,3,1599.5174356131051,4,2,2,8,Potential Loyalists
18903,157,4,2315.987003605931,1,3,3,7,Potential Loyalists
18904,48,5,2984.925454607559,3,3,4,10,Loyal Customers
18905,131,3,2339.965074427714,2,2,3,7,Potential Loyalists
18906,58,5,3043.255413718096,3,3,4,10,Loyal Customers
18907,8,9,4692.52166437431,5,5,5,15,Champions
18908,36,3,734.0183883894747,4,2,1,7,Potential Loyalists
18909,273,2,923.4173401336412,1,1,1,3,Lost
18910,19,1,833.0639177306759,5,1,1,7,Potential Loyalists
18911,50,5,2410.416704600864,3,3,3,9,Potential Loyalists
18912,28,7,3726.643165307978,4,5,5,14,Champions
18913,17,2,1326.2420972677965,5,1,1,7,Potential Loyalists
18914,315,3,768.7752207409102,1,2,1,4,At Risk
18915,269,3,1337.0604952883473,1,2,1,4,At Risk
18916,43,5,2305.479341723445,4,4,3,11,Loyal Customers
18917,10,8,4735.752714598814,5,5,5,15,Champions
18918,91,2,1054.571930909065,2,1,1,4,At Risk
18919,100,4,2047.2886137668315,2,3,2,7,Potential Loyalists
18920,32,1,748.1476140267839,4,1,1,6,At Risk
18921,43,4,1594.1957826108294,4,3,2,9,Potential Loyalists
18922,34,9,3321.997734510852,4,5,4,13,Champions
18923,25,4,2955.0475041074174,4,3,4,11,Loyal Customers
18924,27,6,4421.704264059616,4,4,5,13,Champions
18925,35,9,5716.928328652433,4,5,5,14,Champions
18926,29,2,1194.1173605982226,4,1,1,6,At Risk
18927,220,3,1664.5199921240796,1,2,2,5,At Risk
18928,388,1,546.2898390199999,1,1,1,3,Lost
18929,9,6,2631.253292006447,5,4,3,12,Loyal Customers
18930,120,4,2004.648182401197,2,3,2,7,Potential Loyalists
18931,124,4,1957.540363252956,2,3,2,7,Potential Loyalists
18932,177,2,882.0994003984961,1,1,1,3,Lost
18933,102,7,3123.812493494211,2,5,4,11,Loyal Customers
18934,9,11,4764.567695982193,5,5,5,15,Champions
18935,249,5,2405.6262994148224,1,4,3,8,Potential Loyalists
18936,62,6,2526.3456112717686,3,4,3,10,Loyal Customers
18937,62,3,1482.0393751968884,3,2,2,7,Potential Loyalists
18938,162,3,1411.728998275141,1,2,1,4,At Risk
18939,59,6,3632.1354622179633,3,4,5,12,Loyal Customers
18940,3,2,792.3412412703395,5,1,1,7,Potential Loyalists
18941,125,6,2776.5053736303034,2,4,4,10,Loyal Customers
18942,144,3,1524.9833272937112,1,2,2,5,At Risk
18943,102,2,928.60983354663,2,1,1,4,At Risk
18944,10,5,2205.255194300445,5,4,3,12,Loyal Customers
18945,31,6,3168.022742880268,4,4,4,12,Loyal Customers
18946,24,7,3588.042621498883,4,5,5,14,Champions
18947,8,5,2990.146341094051,5,4,4,13,Champions
18948,49,6,2414.445797259963,3,4,3,10,Loyal Customers
18949,20,8,2791.476808372569,4,5,4,13,Champions
18950,5,5,2498.192487355211,5,4,3,12,Loyal Customers
18951,239,3,1564.559775136883,1,2,2,5,At Risk
18952,87,6,3301.4496793909425,2,4,4,10,Loyal Customers
18953,202,2,1205.7329830906915,1,1,1,3,Lost
18954,144,6,2731.254393362313,1,4,3,8,Potential Loyalists
18955,68,4,1658.7680117153836,3,3,2,8,Potential Loyalists
18956,234,7,2557.105820425311,1,5,3,9,Potential Loyalists
18957,81,2,1608.3444682188565,2,1,2,5,At Risk
18958,283,2,298.9574153517184,1,1,1,3,Lost
18959,45,3,1738.2367799823596,3,2,2,7,Potential Loyalists
18960,278,3,1428.173205339172,1,2,2,5,At Risk
18961,137,4,2388.1307565089337,1,3,3,7,Potential Loyalists
18962,91,4,1192.3823450096124,2,3,1,6,At Risk
18963,156,4,1318.9770547927255,1,3,1,5,At Risk
18964,42,9,5465.231455768267,4,5,5,14,Champions
18965,141,7,2582.760729181616,1,5,3,9,Potential Loyalists
18966,54,4,1930.940789683076,3,3,2,8,Potential Loyalists
18967,12,3,1195.9775918149644,5,2,1,8,Potential Loyalists
18968,15,8,3578.815802899736,5,5,5,15,Champions
18969,77,4,1063.647755918842,2,3,1,6,At Risk
18970,403,1,186.31899130322347,1,1,1,3,Lost
18971,153,7,4989.557622830986,1,5,5,11,Loyal Customers
18972,54,3,2556.7047881909707,3,2,3,8,Potential Loyalists
18973,353,2,900.7830731642327,1,1,1,3,Lost
18974,65,5,2912.5847259148745,3,4,4,11,Loyal Customers
18975,45,8,3214.973504672369,3,5,4,12,Loyal Customers
18976,61,5,2309.7325850714647,3,4,3,10,Loyal Customers
18977,11,6,3875.044660956226,5,4,5,14,Champions
18978,187,5,1401.4697929614358,1,4,1,6,At Risk
18979,14,7,2113.791862339111,5,5,3,13,Champions
18980,116,6,2026.8696403161448,2,4,2,8,Potential Loyalists
18981,67,6,2417.983246323086,3,4,3,10,Loyal Customers
18982,162,4,1116.672146617644,1,3,1,5,At Risk
18983,33,7,3512.045593102284,4,5,4,13,Champions
18984,7,9,5285.762266298406,5,5,5,15,Champions
18985,64,7,3069.6658861834826,3,5,4,12,Loyal Customers
18986,13,6,2958.012555112256,5,4,4,13,Champions
18987,16,3,1758.3904014266986,5,2,2,9,Potential Loyalists
18988,18,5,2414.933220808848,5,4,3,12,Loyal Customers
18989,30,6,2828.4947206557804,4,4,4,12,Loyal Customers
18990,34,11,4964.82907800966,4,5,5,14,Champions
18991,107,6,3251.697972068451,2,4,4,10,Loyal Customers
18992,6,1,912.9344952006468,5,1,1,7,Potential Loyalists
18993,1,8,4349.339482773806,5,5,5,15,Champions
18994,12,1,45.344235493030304,5,1,1,7,Potential Loyalists
18995,154,4,1584.2892561820686,1,3,2,6,At Risk
18996,4,11,5792.928663370133,5,5,5,15,Champions
18997,76,8,4950.472367228885,3,5,5,13,Champions
18998,7,6,1305.7195940810366,5,4,1,10,Loyal Customers
18999,22,13,6629.137983454225,4,5,5,14,Champions
19000,118,3,1655.0969967793608,2,2,2,6,At Risk
19001,19,4,1453.1424053628368,5,3,2,10,Loyal Customers
19002,91,5,2332.349116108234,2,4,3,9,Potential Loyalists
19003,184,5,3154.7813847219877,1,4,4,9,Potential Loyalists
19004,47,5,2843.402542312058,3,4,4,11,Loyal Customers
19005,54,3,680.2874797380639,3,2,1,6,At Risk
19006,125,7,2935.613325952808,2,5,4,11,Loyal Customers
19007,106,2,1169.3979633340864,2,1,1,4,At Risk
19008,78,7,4062.166229358955,2,5,5,12,Loyal Customers
19009,42,2,1355.291699341967,4,1,1,6,At Risk
19010,52,5,2724.2878816804123,3,4,3,10,Loyal Customers
19011,31,6,2930.792637027595,4,4,4,12,Loyal Customers
19012,147,6,3235.048248893464,1,4,4,9,Potential Loyalists
19013,68,5,3451.225399664724,3,4,4,11,Loyal Customers
19014,188,5,1677.3790541994156,1,4,2,7,Potential Loyalists
19015,5,6,1883.4941346914136,5,4,2,11,Loyal Customers
19016,2,6,2744.2865976400853,5,4,4,13,Champions
19017,134,4,1730.0194657294894,1,3,2,6,At Risk
19018,22,7,2089.265036775267,4,5,3,12,Loyal Customers
19019,43,7,4061.431408846275,4,5,5,14,Champions
19020,84,5,2740.756789532744,2,4,4,10,Loyal Customers
19021,273,2,789.6482031015687,1,1,1,3,Lost
19022,51,3,1947.0257847444125,3,2,2,7,Potential Loyalists
19023,207,2,331.56394863151155,1,1,1,3,Lost
19024,4,5,1792.4703451415353,5,4,2,11,Loyal Customers
19025,20,3,1814.4474647907307,4,2,2,8,Potential Loyalists
19026,169,5,2005.1618003262563,1,4,2,7,Potential Loyalists
19027,47,5,2401.2386611483957,3,4,3,10,Loyal Customers
19028,125,4,2376.990647397844,2,3,3,8,Potential Loyalists
19029,12,7,3658.0760912093256,5,5,5,15,Champions
19030,21,3,680.8286663243468,4,2,1,7,Potential Loyalists
19031,41,5,3276.336452173549,4,4,4,12,Loyal Customers
19032,228,1,63.54009314746117,1,1,1,3,Lost
19033,127,6,2994.74976862681,2,4,4,10,Loyal Customers
19034,51,7,2872.3738189041965,3,5,4,12,Loyal Customers
19035,19,4,2619.730875304941,5,3,3,11,Loyal Customers
19036,21,4,2714.7791058905477,4,3,3,10,Loyal Customers
19037,4,7,3443.439646482476,5,5,4,14,Champions
19038,116,4,1835.056384027828,2,3,2,7,Potential Loyalists
19039,360,1,607.8370055174755,1,1,1,3,Lost
19040,68,3,1195.4323015239956,3,2,1,6,At Risk
19041,189,3,1329.9849944911389,1,2,1,4,At Risk
19042,69,8,2418.678087038034,3,5,3,11,Loyal Customers
19043,95,8,4262.176911640672,2,5,5,12,Loyal Customers
19044,5,5,1020.7802439603588,5,4,1,10,Loyal Customers
19045,135,3,1524.5287652397333,1,2,2,5,At Risk
19046,20,4,2368.500530740704,4,3,3,10,Loyal Customers
19047,132,7,2892.186627317836,2,5,4,11,Loyal Customers
19048,134,6,2445.883786180986,1,4,3,8,Potential Loyalists
19049,110,4,2084.042240164136,2,3,2,7,Potential Loyalists
19050,252,4,3377.743409678312,1,3,4,8,Potential Loyalists
19051,68,2,1550.0225882869636,3,1,2,6,At Risk
19052,203,2,662.6142938330095,1,1,1,3,Lost
19053,16,8,3521.502365820317,5,5,4,14,Champions
19054,66,5,2994.4650421760166,3,4,4,11,Loyal Customers
19055,45,2,1481.216097274926,3,1,2,6,At Risk
19056,60,4,1864.3675088464104,3,3,2,8,Potential Loyalists
19057,35,4,2410.60641686793,4,3,3,10,Loyal Customers
19058,18,3,1383.7931845908784,5,2,1,8,Potential Loyalists
19059,88,3,2183.780963201658,2,2,3,7,Potential Loyalists
19060,131,5,2918.429837530954,2,4,4,10,Loyal Customers
19061,207,3,1329.5873142175617,1,2,1,4,At Risk
19062,328,1,22.568168417044134,1,1,1,3,Lost
19063,55,5,2885.117009220299,3,4,4,11,Loyal Customers
19064,9,5,1503.738110165783,5,4,2,11,Loyal Customers
19065,53,4,2398.483224334808,3,3,3,9,Potential Loyalists
19066,14,7,4569.801697007817,5,5,5,15,Champions
19067,30,8,3911.2629666606304,4,5,5,14,Champions
19068,106,7,3066.910186271225,2,5,4,11,Loyal Customers
19069,146,3,2036.310424779912,1,2,2,5,At Risk
19070,71,3,1743.049248889607,3,2,2,7,Potential Loyalists
19071,116,5,1656.635927182564,2,4,2,8,Potential Loyalists
19072,230,1,145.9168930222673,1,1,1,3,Lost
19073,71,7,2133.600527793541,3,5,3,11,Loyal Customers
19074,321,2,761.2068900274371,1,1,1,3,Lost
19075,3,9,5815.173517942909,5,5,5,15,Champions
19076,8,4,2674.2839078481256,5,3,3,11,Loyal Customers
19077,84,5,2758.020110927493,2,4,4,10,Loyal Customers
19078,102,8,4708.728851113594,2,5,5,12,Loyal Customers
19079,38,6,3369.7689991973075,4,4,4,12,Loyal Customers
19080,28,4,1776.1969458702326,4,3,2,9,Potential Loyalists
19081,62,8,3749.559842632196,3,5,5,13,Champions
19082,7,9,4717.196214846523,5,5,5,15,Champions
19083,23,3,1660.7257147643295,4,2,2,8,Potential Loyalists
19084,10,7,3963.950761116401,5,5,5,15,Champions
19085,62,2,1684.1056414297268,3,1,2,6,At Risk
19086,61,5,3318.065413168348,3,4,4,11,Loyal Customers
19087,147,6,3971.304059159762,1,4,5,10,Loyal Customers
19088,5,5,2515.90296836364,5,4,3,12,Loyal Customers
19089,66,4,2483.144178225049,3,3,3,9,Potential Loyalists
19090,3,8,5686.82967884261,5,5,5,15,Champions
19091,93,4,955.3468240020054,2,3,1,6,At Risk
19092,34,4,1535.7336913248832,4,3,2,9,Potential Loyalists
19093,3,9,3463.7974375532945,5,5,4,14,Champions
19094,101,2,764.9220082504829,2,1,1,4,At Risk
19095,11,6,2624.3580451031644,5,4,3,12,Loyal Customers
19096,110,6,3317.417810875536,2,4,4,10,Loyal Customers
19097,8,10,3431.153639576153,5,5,4,14,Champions
19098,166,4,2811.269651365799,1,3,4,8,Potential Loyalists
19099,48,6,3922.2881735534665,3,4,5,12,Loyal Customers
19100,35,8,2673.0531559947635,4,5,3,12,Loyal Customers
19102,29,3,1407.8356831393903,4,2,1,7,Potential Loyalists
19103,3,3,1983.9064306483344,5,2,2,9,Potential Loyalists
19104,15,5,2653.92826607479,5,4,3,12,Loyal Customers
19105,89,4,2550.6328326715857,2,3,3,8,Potential Loyalists
19106,6,5,2427.693424415789,5,4,3,12,Loyal Customers
19107,29,6,2426.235757780482,4,4,3,11,Loyal Customers
19108,33,11,4484.388208264949,4,5,5,14,Champions
19109,14,11,6441.327099810375,5,5,5,15,Champions
19110,23,7,3145.6755303920745,4,5,4,13,Champions
19111,55,6,2475.852679838905,3,4,3,10,Loyal Customers
19112,8,4,2140.204206607428,5,3,3,11,Loyal Customers
19113,97,6,2544.0111312111326,2,4,3,9,Potential Loyalists
19114,101,5,1251.1542822674794,2,4,1,7,Potential Loyalists
19115,81,9,5367.659413308582,2,5,5,12,Loyal Customers
19116,148,3,1663.1336679305184,1,2,2,5,At Risk
19117,22,5,2399.6375438610507,4,4,3,11,Loyal Customers
19118,308,3,1138.869038300082,1,2,1,4,At Risk
19119,125,3,1195.1396832824655,2,2,1,5,At Risk
19120,110,4,2021.2742726368724,2,3,2,7,Potential Loyalists
19121,179,3,1964.182865889931,1,2,2,5,At Risk
19122,49,7,3752.3068495062384,3,5,5,13,Champions
19123,78,6,2570.6080483445257,2,4,3,9,Potential Loyalists
19124,23,4,2054.581878405094,4,3,2,9,Potential Loyalists
19125,130,5,2303.556579824231,2,4,3,9,Potential Loyalists
19126,89,3,1470.8664797102426,2,2,2,6,At Risk
19127,247,2,1174.867495639562,1,1,1,3,Lost
19128,49,12,6630.473821679316,3,5,5,13,Champions
19129,201,2,1479.0388076413872,1,1,2,4,At Risk
19130,92,3,1259.2043720974748,2,2,1,5,At Risk
19131,66,7,2483.107814037002,3,5,3,11,Loyal Customers
19132,5,11,5918.580665659016,5,5,5,15,Champions
19133,48,5,3030.6763876834684,3,4,4,11,Loyal Customers
19134,32,5,2927.133949605146,4,4,4,12,Loyal Customers
19135,81,3,983.5442163747068,2,2,1,5,At Risk
19136,13,6,2346.9422581254034,5,4,3,12,Loyal Customers
19137,198,6,3397.720725143153,1,4,4,9,Potential Loyalists
19138,78,7,3147.28104217117,2,5,4,11,Loyal Customers
19139,163,3,900.955744600574,1,2,1,4,At Risk
19140,84,5,1639.5997673143197,2,4,2,8,Potential Loyalists
19141,55,6,1877.2144953682184,3,4,2,9,Potential Loyalists
19142,61,5,2720.450461659687,3,4,3,10,Loyal Customers
19143,13,5,1981.0452907743097,5,4,2,11,Loyal Customers
19144,22,6,3078.1648595953884,4,4,4,12,Loyal Customers
19145,161,2,789.7291445260397,1,1,1,3,Lost
19146,15,8,3197.23311229468,5,5,4,14,Champions
19147,7,6,2351.9063181384736,5,4,3,12,Loyal Customers
19148,93,3,1912.7001171097652,2,2,2,6,At Risk
19149,44,7,3575.8565939916807,3,5,5,13,Champions
19150,41,2,872.6970350653564,4,1,1,6,At Risk
19151,273,5,2707.781734996054,1,4,3,8,Potential Loyalists
19152,8,3,1777.4448099103429,5,2,2,9,Potential Loyalists
19153,187,4,3211.5687854412063,1,3,4,8,Potential Loyalists
19154,57,5,2090.800716173375,3,4,3,10,Loyal Customers
19155,38,8,3696.3805495081674,4,5,5,14,Champions
19156,159,2,649.3106061317118,1,1,1,3,Lost
19157,90,5,2424.9050089913253,2,4,3,9,Potential Loyalists
19158,196,4,2107.615966587452,1,3,3,7,Potential Loyalists
19159,206,2,1171.9151993390449,1,1,1,3,Lost
19160,117,3,1044.7899763494977,2,2,1,5,At Risk
19161,97,7,3847.210198129924,2,5,5,12,Loyal Customers
19162,8,6,2951.3774708629867,5,4,4,13,Champions
19163,57,2,1217.2195371558353,3,1,1,5,At Risk
19164,92,3,1814.5306606141444,2,2,2,6,At Risk
19165,26,9,3565.058482702917,4,5,5,14,Champions
19166,120,2,1155.4380650954083,2,1,1,4,At Risk
19167,74,5,2066.021403435824,3,4,2,9,Potential Loyalists
19168,9,7,2777.79076978623,5,5,4,14,Champions
19169,51,11,6519.759363701353,3,5,5,13,Champions
19170,120,3,1494.451208250188,2,2,2,6,At Risk
19171,68,4,1615.6606382527243,3,3,2,8,Potential Loyalists
19172,79,7,3415.043510679784,2,5,4,11,Loyal Customers
19173,9,2,771.0400865747803,5,1,1,7,Potential Loyalists
19174,56,7,4555.419649426247,3,5,5,13,Champions
19175,27,6,1879.4242627011936,4,4,2,10,Loyal Customers
19176,24,6,3224.8017194170075,4,4,4,12,Loyal Customers
19177,24,10,5573.688844859708,4,5,5,14,Champions
19178,21,7,3632.590398986769,4,5,5,14,Champions
19179,94,4,2740.028649195138,2,3,3,8,Potential Loyalists
19180,11,9,4734.636420120574,5,5,5,15,Champions
19181,103,7,3278.8075724739274,2,5,4,11,Loyal Customers
19182,7,7,2566.582735135703,5,5,3,13,Champions
19183,22,7,4012.803417573711,4,5,5,14,Champions
19184,118,7,2912.4508617267143,2,5,4,11,Loyal Customers
19185,44,7,3062.075057235508,3,5,4,12,Loyal Customers
19186,159,2,1492.7174378632722,1,1,2,4,At Risk
19187,306,5,1424.2613075088882,1,4,2,7,Potential Loyalists
19188,39,3,1740.16127560555,4,2,2,8,Potential Loyalists
19189,281,4,2433.75493220077,1,3,3,7,Potential Loyalists
19190,294,1,288.4251001069201,1,1,1,3,Lost
19191,14,9,4828.727720531042,5,5,5,15,Champions
19192,38,3,1277.402404755113,4,2,1,7,Potential Loyalists
19193,91,2,653.5463750169012,2,1,1,4,At Risk
19194,9,6,2911.055760344955,5,4,4,13,Champions
19196,339,2,1105.4585728628897,1,1,1,3,Lost
19197,3,6,2643.255016983393,5,4,3,12,Loyal Customers
19198,125,2,728.8410986234187,2,1,1,4,At Risk
19199,51,5,3137.3020025027668,3,4,4,11,Loyal Customers
19200,77,3,1263.915118283117,2,2,1,5,At Risk
19201,18,6,3638.685665940956,5,4,5,14,Champions
19202,32,6,3931.712316410903,4,4,5,13,Champions
19203,65,5,2808.88013442924,3,4,4,11,Loyal Customers
19204,73,6,3294.795984661031,3,4,4,11,Loyal Customers
19205,9,6,3447.2359319434545,5,4,4,13,Champions
19206,79,5,1521.2748325978007,2,4,2,8,Potential Loyalists
19207,51,5,2569.3353443058118,3,4,3,10,Loyal Customers
19208,45,3,1560.4863346830412,3,2,2,7,Potential Loyalists
19209,87,7,4062.4806115923434,2,5,5,12,Loyal Customers
19210,314,1,77.97650563759052,1,1,1,3,Lost
19211,99,6,2240.672250455023,2,4,3,9,Potential Loyalists
19212,79,5,2099.468805640203,2,4,3,9,Potential Loyalists
19213,65,5,2994.30521755722,3,4,4,11,Loyal Customers
19214,175,2,491.1282731314941,1,1,1,3,Lost
19215,230,3,2144.960088159632,1,2,3,6,At Risk
19216,3,9,4999.677173147049,5,5,5,15,Champions
19217,4,4,1291.9672044186086,5,3,1,9,Potential Loyalists
19218,7,4,1776.2148652507722,5,3,2,10,Loyal Customers
19219,61,8,4449.331354951842,3,5,5,13,Champions
19220,110,3,867.5906199570505,2,2,1,5,At Risk
19221,19,6,3096.012486564325,5,4,4,13,Champions
19222,5,6,2977.795892213622,5,4,4,13,Champions
19223,111,3,1107.60817816827,2,2,1,5,At Risk
19224,190,5,3465.964597119505,1,4,4,9,Potential Loyalists
19225,94,5,2347.7151628079628,2,4,3,9,Potential Loyalists
19226,53,4,2143.3506497900626,3,3,3,9,Potential Loyalists
19227,21,3,2682.3637238013675,4,2,3,9,Potential Loyalists
19228,92,4,2549.1767024425103,2,3,3,8,Potential Loyalists
19229,75,5,2741.0262739603936,3,4,4,11,Loyal Customers
19230,41,5,2650.5980612747285,4,4,3,11,Loyal Customers
19231,127,4,2205.0133205371467,2,3,3,8,Potential Loyalists
19232,17,6,2809.063782359173,5,4,4,13,Champions
19233,68,4,1707.928679418344,3,3,2,8,Potential Loyalists
19234,127,6,2698.1883838414287,2,4,3,9,Potential Loyalists
19235,245,5,2757.687244264546,1,4,4,9,Potential Loyalists
19236,50,4,2007.1655616118376,3,3,2,8,Potential Loyalists
19237,29,3,1196.7431981288723,4,2,1,7,Potential Loyalists
19238,15,3,2062.47691330468,5,2,2,9,Potential Loyalists
19239,74,5,1648.4838334876142,3,4,2,9,Potential Loyalists
19240,9,5,1904.770668224792,5,4,2,11,Loyal Customers
19241,33,3,1803.3709022545515,4,2,2,8,Potential Loyalists
19242,142,4,2213.9516215721897,1,3,3,7,Potential Loyalists
19243,229,2,1598.4193512766306,1,1,2,4,At Risk
19244,264,3,1417.3092614950292,1,2,1,4,At Risk
19245,25,8,3948.689862961611,4,5,5,14,Champions
19246,112,6,2150.7466092014824,2,4,3,9,Potential Loyalists
19247,202,2,726.6342915515846,1,1,1,3,Lost
19248,15,5,2372.633717988831,5,4,3,12,Loyal Customers
19249,111,7,4472.801673918576,2,5,5,12,Loyal Customers
19250,92,4,778.0133121904522,2,3,1,6,At Risk
19251,10,9,4916.713024364226,5,5,5,15,Champions
19252,77,4,2100.995534266649,2,3,3,8,Potential Loyalists
19253,46,6,2368.2096930231583,3,4,3,10,Loyal Customers
19254,3,4,2062.3833632301494,5,3,2,10,Loyal Customers
19255,81,2,1571.0048092183845,2,1,2,5,At Risk
19256,50,4,2826.073839344299,3,3,4,10,Loyal Customers
19257,32,8,3470.611419535517,4,5,4,13,Champions
19258,19,4,2932.9360622875647,5,3,4,12,Loyal Customers
19259,2,5,2031.8361902183512,5,4,2,11,Loyal Customers
19260,37,5,3197.9310677613066,4,4,4,12,Loyal Customers
19261,14,7,3179.20508992604,5,5,4,14,Champions
19262,7,7,4130.977406853609,5,5,5,15,Champions
19263,20,8,4533.069363359773,4,5,5,14,Champions
19264,31,4,1155.9659672540351,4,3,1,8,Potential Loyalists
19265,9,2,1568.5669607861505,5,1,2,8,Potential Loyalists
19266,160,3,1433.6169817007024,1,2,2,5,At Risk
19267,125,4,2025.072496125684,2,3,2,7,Potential Loyalists
19268,118,4,2212.582468685497,2,3,3,8,Potential Loyalists
19269,28,5,3207.777692372344,4,4,4,12,Loyal Customers
19270,284,5,1704.4313225549354,1,4,2,7,Potential Loyalists
19271,70,6,4149.779654814567,3,4,5,12,Loyal Customers
19272,15,4,1877.8152681441015,5,3,2,10,Loyal Customers
19273,15,5,2661.8052280853267,5,4,3,12,Loyal Customers
19274,233,5,3418.564863325877,1,4,4,9,Potential Loyalists
19275,135,8,4177.447720348856,1,5,5,11,Loyal Customers
19276,152,7,2506.9140553880543,1,5,3,9,Potential Loyalists
19277,6,3,859.2629256618286,5,2,1,8,Potential Loyalists
19278,70,2,338.39124767170495,3,1,1,5,At Risk
19279,17,3,404.60548219313546,5,2,1,8,Potential Loyalists
19280,38,3,2172.2048497439296,4,2,3,9,Potential Loyalists
19281,43,10,4483.002491391402,4,5,5,14,Champions
19282,168,3,360.4831125211535,1,2,1,4,At Risk
19283,109,4,2984.165691478536,2,3,4,9,Potential Loyalists
19284,104,5,1861.664535458493,2,4,2,8,Potential Loyalists
19285,108,2,1516.6159840878147,2,1,2,5,At Risk
19286,29,5,3003.9306378862825,4,4,4,12,Loyal Customers
19287,1,5,1948.15657262925,5,4,2,11,Loyal Customers
19288,81,3,2082.973827056964,2,2,2,6,At Risk
19289,245,4,1682.029402165786,1,3,2,6,At Risk
19290,182,2,1154.8973961688184,1,1,1,3,Lost
19291,1,13,7291.869833329826,5,5,5,15,Champions
19292,16,4,2999.0977351279034,5,3,4,12,Loyal Customers
19293,64,8,4256.524730062596,3,5,5,13,Champions
19294,43,4,1752.1161723957675,4,3,2,9,Potential Loyalists
19295,64,4,2106.257226073458,3,3,3,9,Potential Loyalists
19296,38,7,2198.2915315546693,4,5,3,12,Loyal Customers
19297,242,3,2650.595187085144,1,2,3,6,At Risk
19298,39,4,3159.4513580096877,4,3,4,11,Loyal Customers
19299,26,3,868.3802358686218,4,2,1,7,Potential Loyalists
19300,66,5,3433.521426214836,3,4,4,11,Loyal Customers
19301,145,3,1325.7882467303452,1,2,1,4,At Risk
19302,189,5,3204.169066045647,1,4,4,9,Potential Loyalists
19303,23,4,1681.7664033841224,4,3,2,9,Potential Loyalists
19304,179,1,537.4824264773868,1,1,1,3,Lost
19305,71,10,6234.1475684492125,3,5,5,13,Champions
19306,120,4,2958.0316843022297,2,3,4,9,Potential Loyalists
19307,10,4,1746.7293220234485,5,3,2,10,Loyal Customers
19308,18,4,1140.323582656154,5,3,1,9,Potential Loyalists
19309,22,6,3705.235187714432,4,4,5,13,Champions
19310,153,4,813.3083641369866,1,3,1,5,At Risk
19311,85,4,2612.6348653066907,2,3,3,8,Potential Loyalists
19312,184,2,537.8669105375905,1,1,1,3,Lost
19313,62,3,1227.6050570553712,3,2,1,6,At Risk
19314,132,6,3343.71475096251,2,4,4,10,Loyal Customers
19315,41,3,1156.4106174098963,4,2,1,7,Potential Loyalists
19316,107,7,4962.201898918234,2,5,5,12,Loyal Customers
19317,104,8,4215.726657636994,2,5,5,12,Loyal Customers
19318,296,2,1132.7901145377873,1,1,1,3,Lost
19319,12,5,2706.876068440557,5,4,3,12,Loyal Customers
19320,28,7,3898.714543757176,4,5,5,14,Champions
19321,305,5,2639.460577764762,1,4,3,8,Potential Loyalists
19322,8,9,4359.665208660823,5,5,5,15,Champions
19323,1,6,3455.358635250744,5,4,4,13,Champions
19324,126,6,1819.316752754445,2,4,2,8,Potential Loyalists
19325,65,7,2371.0810082759795,3,5,3,11,Loyal Customers
19326,19,4,1936.8199782073077,5,3,2,10,Loyal Customers
19327,61,6,2410.0000325099613,3,4,3,10,Loyal Customers
19328,33,10,5296.395269436707,4,5,5,14,Champions
19329,2,7,4075.043617106625,5,5,5,15,Champions
19330,52,2,1013.793292627984,3,1,1,5,At Risk
19331,70,6,1998.6194206999455,3,4,2,9,Potential Loyalists
19332,11,4,2034.427865639334,5,3,2,10,Loyal Customers
19333,2,4,2018.3771108879284,5,3,2,10,Loyal Customers
19334,161,4,1950.8258147814847,1,3,2,6,At Risk
19335,178,3,2074.1611673141497,1,2,2,5,At Risk
19336,46,6,2289.264817564671,3,4,3,10,Loyal Customers
19337,30,3,868.6584344214148,4,2,1,7,Potential Loyalists
19338,91,5,1565.343382649717,2,4,2,8,Potential Loyalists
19339,2,3,1482.5070132503463,5,2,2,9,Potential Loyalists
19340,17,7,3450.261956825188,5,5,4,14,Champions
19341,2,6,2748.806625960036,5,4,4,13,Champions
19342,79,4,1920.10362773798,2,3,2,7,Potential Loyalists
19343,7,2,132.65530025234338,5,1,1,7,Potential Loyalists
19344,254,4,2626.53829010684,1,3,3,7,Potential Loyalists
19345,9,7,3255.6916172242404,5,5,4,14,Champions
19346,110,4,2311.3656915178194,2,3,3,8,Potential Loyalists
19347,78,5,2467.8302922954995,2,4,3,9,Potential Loyalists
19348,53,5,2362.3627589415614,3,4,3,10,Loyal Customers
19349,10,3,1269.2261978125073,5,2,1,8,Potential Loyalists
19350,88,3,1353.5671154759132,2,2,1,5,At Risk
19351,17,6,2787.061412163711,5,4,4,13,Champions
19352,7,2,1227.6507580626458,5,1,1,7,Potential Loyalists
19353,42,8,3227.251699353445,4,5,4,13,Champions
19354,51,3,2400.167986529108,3,2,3,8,Potential Loyalists
19355,57,2,721.4821786075921,3,1,1,5,At Risk
19356,21,4,726.4722155310066,4,3,1,8,Potential Loyalists
19357,81,4,1939.8244338960455,2,3,2,7,Potential Loyalists
19358,106,8,4005.617776576125,2,5,5,12,Loyal Customers
19359,23,6,3584.146577901597,4,4,5,13,Champions
19360,56,2,377.5342909632704,3,1,1,5,At Risk
19361,208,4,3236.5458710865896,1,3,4,8,Potential Loyalists
19362,35,8,3740.290138601183,4,5,5,14,Champions
19363,95,6,3010.500494039216,2,4,4,10,Loyal Customers
19364,3,3,1980.943325132908,5,2,2,9,Potential Loyalists
19365,18,8,3625.251719626626,5,5,5,15,Champions
19366,79,4,2219.159046650829,2,3,3,8,Potential Loyalists
19367,292,1,889.5461780927246,1,1,1,3,Lost
19368,192,1,921.588593757258,1,1,1,3,Lost
19369,58,7,3301.052458467121,3,5,4,12,Loyal Customers
19370,55,11,3724.4675617649714,3,5,5,13,Champions
19371,202,2,1607.7127166974308,1,1,2,4,At Risk
19372,117,6,3030.353487565121,2,4,4,10,Loyal Customers
19373,162,6,2624.522940207847,1,4,3,8,Potential Loyalists
19374,37,5,2778.771312042584,4,4,4,12,Loyal Customers
19375,13,6,2875.967049474269,5,4,4,13,Champions
19376,166,6,1506.4652800008823,1,4,2,7,Potential Loyalists
19377,87,4,2919.8591470978417,2,3,4,9,Potential Loyalists
19378,29,6,2986.107724165901,4,4,4,12,Loyal Customers
19379,208,4,1062.6055195379372,1,3,1,5,At Risk
19380,10,6,2199.403989680772,5,4,3,12,Loyal Customers
19381,188,4,1788.9213003313594,1,3,2,6,At Risk
19382,6,5,2194.160365875973,5,4,3,12,Loyal Customers
19383,4,10,5100.457288910448,5,5,5,15,Champions
19384,265,4,1318.6990959208397,1,3,1,5,At Risk
19385,105,2,1263.5443722543164,2,1,1,4,At Risk
19386,41,3,1016.9174920581376,4,2,1,7,Potential Loyalists
19387,7,5,2205.5479982704096,5,4,3,12,Loyal Customers
19388,36,3,2251.1579099755845,4,2,3,9,Potential Loyalists
19389,34,8,3478.827388507305,4,5,4,13,Champions
19390,109,4,2078.5311205402804,2,3,2,7,Potential Loyalists
19391,20,5,1906.1387238651337,4,4,2,10,Loyal Customers
19392,191,2,830.4211829820174,1,1,1,3,Lost
19393,96,5,2518.932392312474,2,4,3,9,Potential Loyalists
19394,11,3,1634.451721502668,5,2,2,9,Potential Loyalists
19395,35,4,1365.5032202566283,4,3,1,8,Potential Loyalists
19396,137,4,1184.3214820299506,1,3,1,5,At Risk
19397,98,3,2046.135882681971,2,2,2,6,At Risk
19398,296,3,1345.6024551985706,1,2,1,4,At Risk
19399,44,5,2148.1852549016,3,4,3,10,Loyal Customers
19400,36,5,1726.731033630175,4,4,2,10,Loyal Customers
19401,138,9,5744.8300842047765,1,5,5,11,Loyal Customers
19402,101,7,4252.752718024404,2,5,5,12,Loyal Customers
19403,119,2,1942.3366010556524,2,1,2,5,At Risk
19404,393,1,484.3919411592698,1,1,1,3,Lost
19405,75,5,1442.6959256024652,3,4,2,9,Potential Loyalists
19406,5,4,1564.243022237726,5,3,2,10,Loyal Customers
19407,182,5,2153.153466089668,1,4,3,8,Potential Loyalists
19408,69,4,2776.8539307156047,3,3,4,10,Loyal Customers
19409,88,8,3704.051968189607,2,5,5,12,Loyal Customers
19410,126,6,3185.735622749969,2,4,4,10,Loyal Customers
19411,4,4,1453.925190990602,5,3,2,10,Loyal Customers
19412,338,3,1011.8169261218908,1,2,1,4,At Risk
19413,108,6,1876.3244226836716,2,4,2,8,Potential Loyalists
19414,116,4,1031.0129379931125,2,3,1,6,At Risk
19415,21,4,1669.4761173331551,4,3,2,9,Potential Loyalists
19416,3,3,980.4150304870224,5,2,1,8,Potential Loyalists
19417,11,7,2900.183153635581,5,5,4,14,Champions
19418,29,6,3359.3500425325124,4,4,4,12,Loyal Customers
19419,103,4,2374.025793859999,2,3,3,8,Potential Loyalists
19420,266,3,1268.6647047314725,1,2,1,4,At Risk
19421,192,4,2078.433862653618,1,3,2,6,At Risk
19422,72,5,2014.5934787735184,3,4,2,9,Potential Loyalists
19423,177,4,1916.6667824009853,1,3,2,6,At Risk
19424,157,4,2117.6125252128645,1,3,3,7,Potential Loyalists
19425,138,5,2743.050235815292,1,4,4,9,Potential Loyalists
19426,159,4,3076.7040691134957,1,3,4,8,Potential Loyalists
19427,73,2,678.8286486867934,3,1,1,5,At Risk
19428,7,7,3939.2758989462086,5,5,5,15,Champions
19429,61,5,2694.430359257062,3,4,3,10,Loyal Customers
19430,125,6,3638.586005417591,2,4,5,11,Loyal Customers
19431,18,6,3138.4301670755085,5,4,4,13,Champions
19432,49,3,773.8977831165421,3,2,1,6,At Risk
19433,40,6,3694.59540747143,4,4,5,13,Champions
19434,49,5,3651.061513427664,3,4,5,12,Loyal Customers
19435,32,8,4343.932944339913,4,5,5,14,Champions
19436,60,10,5352.782389306763,3,5,5,13,Champions
19437,3,8,4695.082957064286,5,5,5,15,Champions
19438,77,6,3131.3045700309644,2,4,4,10,Loyal Customers
19439,142,5,2076.771661733897,1,4,2,7,Potential Loyalists
19440,81,7,4136.364155424849,2,5,5,12,Loyal Customers
19441,329,5,1193.1721767392628,1,4,1,6,At Risk
19442,63,2,1127.9118299681368,3,1,1,5,At Risk
19443,13,10,5547.216960313584,5,5,5,15,Champions
19444,26,7,2979.20425960042,4,5,4,13,Champions
19445,18,8,4567.113213006469,5,5,5,15,Champions
19446,154,4,1275.3607130354112,1,3,1,5,At Risk
19447,84,2,478.3630519700391,2,1,1,4,At Risk
19448,312,5,2180.1519731262283,1,4,3,8,Potential Loyalists
19449,7,10,5576.631284710892,5,5,5,15,Champions
19450,33,8,4455.362548210549,4,5,5,14,Champions
19451,175,3,945.279116577144,1,2,1,4,At Risk
19452,92,2,73.57700442238514,2,1,1,4,At Risk
19453,75,4,2813.073258369652,3,3,4,10,Loyal Customers
19454,66,4,1102.9327998593767,3,3,1,7,Potential Loyalists
19455,67,7,3772.600596426876,3,5,5,13,Champions
19456,230,5,2494.471705094238,1,4,3,8,Potential Loyalists
19457,20,3,1650.2393422050568,4,2,2,8,Potential Loyalists
19458,34,7,2584.846555451457,4,5,3,12,Loyal Customers
19459,38,4,2377.783670026032,4,3,3,10,Loyal Customers
19460,74,2,1500.8779656784018,3,1,2,6,At Risk
19461,22,8,3137.0449645835856,4,5,4,13,Champions
19462,162,7,3450.815441172193,1,5,4,10,Loyal Customers
19463,157,3,2124.001732382792,1,2,3,6,At Risk
19464,58,8,3945.25930874684,3,5,5,13,Champions
19465,67,5,3447.708006556169,3,4,4,11,Loyal Customers
19466,25,4,2220.623076060363,4,3,3,10,Loyal Customers
19467,74,4,2774.16714100384,3,3,4,10,Loyal Customers
19468,20,6,2235.000223614716,4,4,3,11,Loyal Customers
19469,122,4,1823.782680711054,2,3,2,7,Potential Loyalists
19470,45,3,1634.0054063076332,3,2,2,7,Potential Loyalists
19471,18,5,3614.747550822342,5,4,5,14,Champions
19472,106,5,2016.2200858474023,2,4,2,8,Potential Loyalists
19473,11,8,4505.415831703621,5,5,5,15,Champions
19474,89,4,2287.758797262714,2,3,3,8,Potential Loyalists
19475,84,2,1330.5900237644476,2,1,1,4,At Risk
19476,32,7,3370.837157092161,4,5,4,13,Champions
19477,30,14,7182.056638271138,4,5,5,14,Champions
19478,199,4,2381.739217228903,1,3,3,7,Potential Loyalists
19479,1,3,2323.989822134896,5,2,3,10,Loyal Customers
19480,314,3,1155.0269853900136,1,2,1,4,At Risk
19481,142,3,1637.4692839090812,1,2,2,5,At Risk
19482,266,3,869.8452817967919,1,2,1,4,At Risk
19483,68,3,1590.834399340839,3,2,2,7,Potential Loyalists
19484,47,5,2824.4684864311107,3,4,4,11,Loyal Customers
19485,18,5,2826.013348350047,5,4,4,13,Champions
19486,45,3,2372.871508606905,3,2,3,8,Potential Loyalists
19487,179,4,1699.214316287512,1,3,2,6,At Risk
19488,95,10,3685.158616894936,2,5,5,12,Loyal Customers
19489,22,4,2003.89977579566,4,3,2,9,Potential Loyalists
19490,39,3,1016.4449191864336,4,2,1,7,Potential Loyalists
19491,39,6,2219.361379778401,4,4,3,11,Loyal Customers
19492,154,9,3958.2070927686295,1,5,5,11,Loyal Customers
19493,171,2,645.4023413067077,1,1,1,3,Lost
19494,53,6,2487.1616048833703,3,4,3,10,Loyal Customers
19495,87,7,4225.578004626059,2,5,5,12,Loyal Customers
19496,40,4,2186.828537835368,4,3,3,10,Loyal Customers
19497,25,6,3282.6200316178497,4,4,4,12,Loyal Customers
19498,20,7,2411.693837928307,4,5,3,12,Loyal Customers
19499,39,4,2323.64401644608,4,3,3,10,Loyal Customers
19500,78,7,4209.220392794773,2,5,5,12,Loyal Customers
19501,261,4,2035.903454354852,1,3,2,6,At Risk
19502,176,3,1649.3297972627438,1,2,2,5,At Risk
19503,84,4,2063.9567607173726,2,3,2,7,Potential Loyalists
19504,15,7,4051.871338310343,5,5,5,15,Champions
19505,19,7,4120.669059155962,5,5,5,15,Champions
19506,45,4,2610.540738547059,3,3,3,9,Potential Loyalists
19507,4,5,3003.296832328425,5,4,4,13,Champions
19508,128,5,1079.806949057415,2,4,1,7,Potential Loyalists
19509,48,7,3816.243424337315,3,5,5,13,Champions
19510,8,5,2229.7706582397573,5,4,3,12,Loyal Customers
19511,43,4,2760.0566654514205,4,3,4,11,Loyal Customers
19512,157,4,1741.4757672397675,1,3,2,6,At Risk
19513,24,6,2928.4865963726907,4,4,4,12,Loyal Customers
19514,44,4,2630.4049017047973,3,3,3,9,Potential Loyalists
19515,129,4,1545.2000196206684,2,3,2,7,Potential Loyalists
19516,141,5,2526.399198021253,1,4,3,8,Potential Loyalists
19517,152,2,542.1434568420387,1,1,1,3,Lost
19518,3,4,2456.5168722744684,5,3,3,11,Loyal Customers
19519,57,3,2231.418763630013,3,2,3,8,Potential Loyalists
19520,35,5,2300.765434784694,4,4,3,11,Loyal Customers
19521,229,2,1203.515219110302,1,1,1,3,Lost
19522,9,7,3784.746132798568,5,5,5,15,Champions
19523,9,10,4340.427085129157,5,5,5,15,Champions
19524,203,3,643.2226115886109,1,2,1,4,At Risk
19525,22,9,5293.784678680587,4,5,5,14,Champions
19526,223,6,3033.055889401489,1,4,4,9,Potential Loyalists
19527,163,2,991.6437217617756,1,1,1,3,Lost
19528,6,3,1808.8264354597763,5,2,2,9,Potential Loyalists
19529,16,5,3130.311184080889,5,4,4,13,Champions
19530,96,4,2168.243869899035,2,3,3,8,Potential Loyalists
19531,18,6,2764.3469052274004,5,4,4,13,Champions
19532,127,2,952.888109444471,2,1,1,4,At Risk
19533,25,3,1979.205495439824,4,2,2,8,Potential Loyalists
19534,1,9,6435.208884913475,5,5,5,15,Champions
19535,58,2,1360.0220641581147,3,1,1,5,At Risk
19536,208,5,2281.3103340762327,1,4,3,8,Potential Loyalists
19537,142,4,1247.1402894939456,1,3,1,5,At Risk
19538,97,9,2948.2815991930283,2,5,4,11,Loyal Customers
19540,33,6,2547.225406066159,4,4,3,11,Loyal Customers
19541,122,5,2564.1802739317577,2,4,3,9,Potential Loyalists
19542,34,2,1249.2973340007843,4,1,1,6,At Risk
19543,166,3,1279.8163420513824,1,2,1,4,At Risk
19544,80,7,2309.7614215375584,2,5,3,10,Loyal Customers
19545,106,3,1933.4027693806424,2,2,2,6,At Risk
19546,23,9,3142.0075945339886,4,5,4,13,Champions
19547,44,5,2886.084680710974,3,4,4,11,Loyal Customers
19548,11,5,2509.91483359222,5,4,3,12,Loyal Customers
19549,9,3,1799.6966556535235,5,2,2,9,Potential Loyalists
19550,11,8,4783.353797319393,5,5,5,15,Champions
19551,101,4,2433.3981286907388,2,3,3,8,Potential Loyalists
19552,10,9,3857.39013937024,5,5,5,15,Champions
19553,47,9,3739.5595808830576,3,5,5,13,Champions
19554,137,2,1489.4098957844112,1,1,2,4,At Risk
19555,58,9,5467.119775471929,3,5,5,13,Champions
19556,173,6,3398.1358390976798,1,4,4,9,Potential Loyalists
19557,214,3,1076.841511710135,1,2,1,4,At Risk
19558,41,6,3442.5067155689253,4,4,4,12,Loyal Customers
19559,23,4,2077.747717257288,4,3,2,9,Potential Loyalists
19560,18,3,2549.9922833629034,5,2,3,10,Loyal Customers
19561,124,7,3688.6898715184448,2,5,5,12,Loyal Customers
19562,104,3,1722.4089178355111,2,2,2,6,At Risk
19563,93,4,2010.20302110352,2,3,2,7,Potential Loyalists
19564,22,6,3654.2946346607487,4,4,5,13,Champions
19565,231,1,115.18962011173932,1,1,1,3,Lost
19566,11,2,1172.6404102294075,5,1,1,7,Potential Loyalists
19567,90,2,991.6359440199242,2,1,1,4,At Risk
19568,31,5,2227.3864314152734,4,4,3,11,Loyal Customers
19569,10,2,1162.707597532636,5,1,1,7,Potential Loyalists
19570,43,6,2188.27955682516,4,4,3,11,Loyal Customers
19571,106,3,1226.3740803092885,2,2,1,5,At Risk
19572,2,4,1782.6100730324702,5,3,2,10,Loyal Customers
19573,13,6,3705.080285194623,5,4,5,14,Champions
19574,31,5,2190.525848319411,4,4,3,11,Loyal Customers
19575,13,8,3488.74211765278,5,5,4,14,Champions
19576,7,3,2121.9874643681383,5,2,3,10,Loyal Customers
19577,85,5,1802.1022144917056,2,4,2,8,Potential Loyalists
19578,178,4,1995.0753139051249,1,3,2,6,At Risk
19579,65,4,1628.7968182167515,3,3,2,8,Potential Loyalists
19580,148,4,2107.473138343718,1,3,3,7,Potential Loyalists
19581,172,5,3012.1031058598323,1,4,4,9,Potential Loyalists
19582,57,4,1691.8625840523423,3,3,2,8,Potential Loyalists
19583,12,7,4322.568749808165,5,5,5,15,Champions
19584,158,6,1660.5797643265828,1,4,2,7,Potential Loyalists
19585,94,6,3375.6171249211693,2,4,4,10,Loyal Customers
19586,39,6,3092.368200053781,4,4,4,12,Loyal Customers
19587,150,7,3036.408329263262,1,5,4,10,Loyal Customers
19588,117,3,1886.3966030878216,2,2,2,6,At Risk
19589,19,5,1653.976979147259,5,4,2,11,Loyal Customers
19590,47,13,7213.571660292126,3,5,5,13,Champions
19591,284,2,1045.8340638159698,1,1,1,3,Lost
19592,70,7,3415.755199630404,3,5,4,12,Loyal Customers
19593,65,6,4081.45648084632,3,4,5,12,Loyal Customers
19594,141,5,3316.7696359289707,1,4,4,9,Potential Loyalists
19595,219,4,2126.6406235608792,1,3,3,7,Potential Loyalists
19596,63,6,2296.223908189684,3,4,3,10,Loyal Customers
19597,9,4,1176.5122324376066,5,3,1,9,Potential Loyalists
19598,25,7,3774.390908714469,4,5,5,14,Champions
19599,31,1,839.0809644025555,4,1,1,6,At Risk
19600,267,3,1318.9358573420725,1,2,1,4,At Risk
19601,112,8,4917.721657010049,2,5,5,12,Loyal Customers
19602,19,6,3761.9587248608623,5,4,5,14,Champions
19603,60,2,1367.2363637432773,3,1,1,5,At Risk
19604,12,6,2923.0767908790267,5,4,4,13,Champions
19605,29,5,2602.787354531561,4,4,3,11,Loyal Customers
19606,33,8,4250.492531183396,4,5,5,14,Champions
19608,166,4,2075.264957863066,1,3,2,6,At Risk
19609,68,8,4958.866801187822,3,5,5,13,Champions
19610,8,10,4432.757788623882,5,5,5,15,Champions
19611,51,7,3340.3566097742278,3,5,4,12,Loyal Customers
19612,11,7,4080.9592738865895,5,5,5,15,Champions
19613,89,6,3122.846648984112,2,4,4,10,Loyal Customers
19614,61,3,1513.4601803243606,3,2,2,7,Potential Loyalists
19615,143,5,3105.7368775852274,1,4,4,9,Potential Loyalists
19616,22,8,3221.2765466377086,4,5,4,13,Champions
19617,155,4,1100.771533957574,1,3,1,5,At Risk
19618,55,8,4917.92172213996,3,5,5,13,Champions
19619,140,2,270.9309516734761,1,1,1,3,Lost
19620,83,3,1719.886334727885,2,2,2,6,At Risk
19621,151,1,313.42529871641165,1,1,1,3,Lost
19622,112,2,341.7161529178294,2,1,1,4,At Risk
19623,43,4,2526.509650454019,4,3,3,10,Loyal Customers
19624,279,4,2118.6184086042103,1,3,3,7,Potential Loyalists
19625,139,5,1857.9357038585704,1,4,2,7,Potential Loyalists
19626,27,4,2664.36577845391,4,3,3,10,Loyal Customers
19627,384,1,723.1566096576255,1,1,1,3,Lost
19628,28,5,2524.7416959390434,4,4,3,11,Loyal Customers
19629,135,7,3321.312923804961,1,5,4,10,Loyal Customers
19630,37,7,4361.118542461645,4,5,5,14,Champions
19631,29,6,2194.1265347272733,4,4,3,11,Loyal Customers
19632,26,7,3270.7993910311734,4,5,4,13,Champions
19633,91,5,1782.846611230484,2,4,2,8,Potential Loyalists
19634,60,5,2402.736333566715,3,4,3,10,Loyal Customers
19635,29,3,1710.4418856357952,4,2,2,8,Potential Loyalists
19636,45,5,2736.776973483387,3,4,3,10,Loyal Customers
19637,10,4,2274.1467031876537,5,3,3,11,Loyal Customers
19638,31,8,3745.706064588877,4,5,5,14,Champions
19639,7,10,6384.816048571034,5,5,5,15,Champions
19640,82,4,2489.655762219504,2,3,3,8,Potential Loyalists
19641,97,4,1391.473808361083,2,3,1,6,At Risk
19642,24,8,3612.1867651021207,4,5,5,14,Champions
19643,144,4,1059.9532031538808,1,3,1,5,At Risk
19644,19,6,3311.862856902997,5,4,4,13,Champions
19645,33,7,3339.87479121002,4,5,4,13,Champions
19646,138,2,644.2202757093328,1,1,1,3,Lost
19647,28,5,3098.6037942221697,4,4,4,12,Loyal Customers
19648,219,2,1442.6733407883953,1,1,2,4,At Risk
19649,26,3,1475.105155973663,4,2,2,8,Potential Loyalists
19650,35,4,2432.7646935701373,4,3,3,10,Loyal Customers
19651,10,8,2689.925689200844,5,5,3,13,Champions
19652,33,7,4057.14598818605,4,5,5,14,Champions
19653,255,3,1604.1369530096326,1,2,2,5,At Risk
19654,203,3,424.91559314473136,1,2,1,4,At Risk
19655,211,6,3779.480143328992,1,4,5,10,Loyal Customers
19656,56,6,2001.6707851553613,3,4,2,9,Potential Loyalists
19657,145,6,2836.1305099592264,1,4,4,9,Potential Loyalists
19658,38,7,2691.067522657336,4,5,3,12,Loyal Customers
19659,244,3,983.0726299219295,1,2,1,4,At Risk
19660,132,4,2101.2353707805223,2,3,3,8,Potential Loyalists
19661,7,8,3795.350190085952,5,5,5,15,Champions
19662,79,3,1294.13555814503,2,2,1,5,At Risk
19663,60,5,1958.499322409427,3,4,2,9,Potential Loyalists
19664,45,8,4845.505991012413,3,5,5,13,Champions
19665,148,4,2929.71379541073,1,3,4,8,Potential Loyalists
19666,44,6,3735.6688112161246,3,4,5,12,Loyal Customers
19667,77,3,1414.6648028536872,2,2,1,5,At Risk
19668,91,3,2404.756653764329,2,2,3,7,Potential Loyalists
19669,56,7,2953.2636315704403,3,5,4,12,Loyal Customers
19670,44,3,2181.476652786673,3,2,3,8,Potential Loyalists
19671,49,4,1275.7627580951785,3,3,1,7,Potential Loyalists
19672,1,7,2076.8608569123944,5,5,2,12,Loyal Customers
19673,21,6,2940.603829888514,4,4,4,12,Loyal Customers
19674,123,5,1983.6596910051571,2,4,2,8,Potential Loyalists
19675,25,4,1686.20358711966,4,3,2,9,Potential Loyalists
19676,94,5,2405.4384734804016,2,4,3,9,Potential Loyalists
19677,331,3,1219.9781282780527,1,2,1,4,At Risk
19678,14,6,3176.393179257845,5,4,4,13,Champions
19679,18,8,3836.808237547214,5,5,5,15,Champions
19680,88,3,2536.9582821159106,2,2,3,7,Potential Loyalists
19681,32,4,2411.5171731797973,4,3,3,10,Loyal Customers
19682,139,4,2241.332033257274,1,3,3,7,Potential Loyalists
19683,62,3,1687.8622187897718,3,2,2,7,Potential Loyalists
19684,3,5,2298.616536507377,5,4,3,12,Loyal Customers
19685,134,3,2394.511249394198,1,2,3,6,At Risk
19686,168,3,1711.9118408183967,1,2,2,5,At Risk
19687,17,4,2137.387378682812,5,3,3,11,Loyal Customers
19688,81,4,2034.8626900577003,2,3,2,7,Potential Loyalists
19689,56,3,2030.6014775419744,3,2,2,7,Potential Loyalists
19690,72,4,1499.038213813296,3,3,2,8,Potential Loyalists
19691,108,5,2176.929332349237,2,4,3,9,Potential Loyalists
19692,3,6,2177.4354980065614,5,4,3,12,Loyal Customers
19693,26,8,4830.61428173906,4,5,5,14,Champions
19694,170,2,1558.5392370349016,1,1,2,4,At Risk
19695,75,3,2454.696925156884,3,2,3,8,Potential Loyalists
19696,170,5,2433.4378685813163,1,4,3,8,Potential Loyalists
19697,76,4,1591.6955443559596,3,3,2,8,Potential Loyalists
19698,87,5,2059.0914012922963,2,4,2,8,Potential Loyalists
19699,10,6,3845.647943845113,5,4,5,14,Champions
19700,170,6,2401.2464393199334,1,4,3,8,Potential Loyalists
19701,32,6,2407.297501420364,4,4,3,11,Loyal Customers
19702,43,4,1240.2684198504503,4,3,1,8,Potential Loyalists
19703,88,8,5458.812861349672,2,5,5,12,Loyal Customers
19704,37,5,2239.744457453097,4,4,3,11,Loyal Customers
19705,60,6,4334.413465346171,3,4,5,12,Loyal Customers
19706,53,3,2042.899997981624,3,2,2,7,Potential Loyalists
19707,193,2,1423.0106930736283,1,1,2,4,At Risk
19708,227,6,2169.954818752049,1,4,3,8,Potential Loyalists
19709,158,7,2831.7166332551537,1,5,4,10,Loyal Customers
19710,6,7,3764.3954106478577,5,5,5,15,Champions
19711,53,7,2997.751766133624,3,5,4,12,Loyal Customers
19712,124,2,686.2990761089883,2,1,1,4,At Risk
19713,303,1,762.3945829547984,1,1,1,3,Lost
19714,115,7,3514.508497396881,2,5,4,11,Loyal Customers
19715,3,6,2644.8236054385347,5,4,3,12,Loyal Customers
19716,58,8,2973.930486542074,3,5,4,12,Loyal Customers
19717,71,3,926.7662854857518,3,2,1,6,At Risk
19718,67,4,1539.7924521819118,3,3,2,8,Potential Loyalists
19719,3,5,1897.0738241953013,5,4,2,11,Loyal Customers
19720,37,4,1565.4514125877436,4,3,2,9,Potential Loyalists
19721,173,3,1465.4189770998626,1,2,2,5,At Risk
19722,17,9,3654.785643137902,5,5,5,15,Champions
19724,58,6,3836.580142184345,3,4,5,12,Loyal Customers
19725,7,7,4622.864573360113,5,5,5,15,Champions
19726,74,4,2951.908630725657,3,3,4,10,Loyal Customers
19727,23,9,4620.633885374544,4,5,5,14,Champions
19728,54,9,5428.247959722923,3,5,5,13,Champions
19730,19,7,4140.219206745581,5,5,5,15,Champions
19731,4,7,4979.844368695612,5,5,5,15,Champions
19733,61,9,5136.172279406251,3,5,5,13,Champions
19734,146,5,1637.7426156235094,1,4,2,7,Potential Loyalists
19735,4,8,4917.564562879651,5,5,5,15,Champions
19736,94,6,2971.665739239429,2,4,4,10,Loyal Customers
19737,184,2,194.67054303750243,1,1,1,3,Lost
19738,86,5,2727.2060284273966,2,4,3,9,Potential Loyalists
19739,130,4,1703.8343644464455,2,3,2,7,Potential Loyalists
19740,78,6,3917.364090561663,2,4,5,11,Loyal Customers
19741,47,4,1121.457798522018,3,3,1,7,Potential Loyalists
19742,104,6,2968.1561464267243,2,4,4,10,Loyal Customers
19743,11,2,871.27091991765,5,1,1,7,Potential Loyalists
19744,42,4,2776.551800772359,4,3,4,11,Loyal Customers
19745,182,5,2082.2381748851108,1,4,2,7,Potential Loyalists
19746,15,9,4435.099367630933,5,5,5,15,Champions
19747,56,5,1205.911815779949,3,4,1,8,Potential Loyalists
19748,43,7,4268.3366941096565,4,5,5,14,Champions
19749,34,6,4135.475251939951,4,4,5,13,Champions
19750,5,6,1746.0280574829085,5,4,2,11,Loyal Customers
19751,30,3,884.4259930584368,4,2,1,7,Potential Loyalists
19752,37,5,1897.8044402149944,4,4,2,10,Loyal Customers
19753,4,6,3208.414752953092,5,4,4,13,Champions
19754,74,3,2029.7651822267435,3,2,2,7,Potential Loyalists
19755,89,4,1582.80295644304,2,3,2,7,Potential Loyalists
19756,3,3,2235.6846624458185,5,2,3,10,Loyal Customers
19757,9,9,4390.351002390766,5,5,5,15,Champions
19758,90,5,2018.7337381419643,2,4,2,8,Potential Loyalists
19760,19,10,4194.700810128877,5,5,5,15,Champions
19761,202,3,2587.6232544803456,1,2,3,6,At Risk
19762,279,3,1772.8804587779296,1,2,2,5,At Risk
19763,110,8,3312.3511472019736,2,5,4,11,Loyal Customers
19764,91,5,2677.3427311476044,2,4,3,9,Potential Loyalists
19765,112,7,2697.4338466840263,2,5,3,10,Loyal Customers
19766,22,11,5292.650586980163,4,5,5,14,Champions
19767,2,7,2289.6184693901337,5,5,3,13,Champions
19768,356,1,145.81992144400343,1,1,1,3,Lost
19769,138,8,4207.016050324998,1,5,5,11,Loyal Customers
19770,120,5,2902.9168685274653,2,4,4,10,Loyal Customers
19771,134,6,2920.2275157653366,1,4,4,9,Potential Loyalists
19772,5,6,3586.958428875856,5,4,5,14,Champions
19773,170,3,1610.04655686982,1,2,2,5,At Risk
19774,52,6,2566.7615820857413,3,4,3,10,Loyal Customers
19775,24,4,1951.428786210132,4,3,2,9,Potential Loyalists
19776,113,6,4289.625975702101,2,4,5,11,Loyal Customers
19777,48,8,2858.727917711357,3,5,4,12,Loyal Customers
19778,81,5,2238.145043536188,2,4,3,9,Potential Loyalists
19779,100,7,2989.351229445225,2,5,4,11,Loyal Customers
19780,25,7,2779.32520056487,4,5,4,13,Champions
19781,156,3,1147.5009737273283,1,2,1,4,At Risk
19782,80,7,4039.053312174746,2,5,5,12,Loyal Customers
19783,32,4,2477.3742131219424,4,3,3,10,Loyal Customers
19784,37,5,2929.056487009781,4,4,4,12,Loyal Customers
19785,22,3,1715.6889277101525,4,2,2,8,Potential Loyalists
19786,187,5,2997.5654439785603,1,4,4,9,Potential Loyalists
19787,6,4,1932.850217704568,5,3,2,10,Loyal Customers
19788,23,5,2514.4705937842773,4,4,3,11,Loyal Customers
19789,10,7,3885.663200937288,5,5,5,15,Champions
19790,144,5,3495.492725522516,1,4,4,9,Potential Loyalists
19791,145,4,2028.308872010885,1,3,2,6,At Risk
19792,188,4,1991.9216596336648,1,3,2,6,At Risk
19793,239,2,1242.2517365614945,1,1,1,3,Lost
19794,14,6,3250.323467302658,5,4,4,13,Champions
19795,38,6,3181.1493880095995,4,4,4,12,Loyal Customers
19796,56,6,3958.430269833477,3,4,5,12,Loyal Customers
19797,53,4,2261.4727549410472,3,3,3,9,Potential Loyalists
19798,100,7,4085.353224230261,2,5,5,12,Loyal Customers
19800,55,6,3131.385177048894,3,4,4,11,Loyal Customers
19801,2,6,3124.310238491488,5,4,4,13,Champions
19802,291,1,843.1856206325499,1,1,1,3,Lost
19803,10,6,3876.175317339087,5,4,5,14,Champions
19804,128,3,325.9769297150815,2,2,1,5,At Risk
19805,135,5,2010.139592533834,1,4,2,7,Potential Loyalists
19806,177,5,2842.7789936284803,1,4,4,9,Potential Loyalists
19807,92,5,1871.774958306088,2,4,2,8,Potential Loyalists
19808,17,4,2127.9783372905345,5,3,3,11,Loyal Customers
19809,74,4,3199.838705645853,3,3,4,10,Loyal Customers
19810,146,3,1334.2855175552702,1,2,1,4,At Risk
19811,59,4,2164.9909243023667,3,3,3,9,Potential Loyalists
19812,11,5,1793.8291264287443,5,4,2,11,Loyal Customers
19813,47,6,4041.5551711479593,3,4,5,12,Loyal Customers
19814,173,8,3239.7058230752946,1,5,4,10,Loyal Customers
19815,63,6,3206.764831212743,3,4,4,11,Loyal Customers
19816,91,9,3431.3436143831395,2,5,4,11,Loyal Customers
19817,72,5,2462.3862183695883,3,4,3,10,Loyal Customers
19818,36,5,2138.3583732119178,4,4,3,11,Loyal Customers
19819,214,4,1377.69608505193,1,3,1,5,At Risk
19820,94,6,3656.973993874693,2,4,5,11,Loyal Customers
19821,34,4,1183.1370091309789,4,3,1,8,Potential Loyalists
19822,41,8,4690.945068616958,4,5,5,14,Champions
19823,131,4,1785.0310619569043,2,3,2,7,Potential Loyalists
19824,48,6,2795.9460934328304,3,4,4,11,Loyal Customers
19825,22,4,2144.3462488263044,4,3,3,10,Loyal Customers
19826,175,3,2676.2244279043107,1,2,3,6,At Risk
19827,275,1,545.7569395418743,1,1,1,3,Lost
19828,24,4,2724.1494690664026,4,3,3,10,Loyal Customers
19829,23,6,2872.099181409969,4,4,4,12,Loyal Customers
19830,81,5,3079.452163082421,2,4,4,10,Loyal Customers
19831,18,3,995.9912425592352,5,2,1,8,Potential Loyalists
19832,11,6,3544.526791025873,5,4,4,13,Champions
19833,15,5,2666.2747783010377,5,4,3,12,Loyal Customers
19834,162,3,1281.8444701633623,1,2,1,4,At Risk
19835,115,5,2806.5265628141024,2,4,4,10,Loyal Customers
19836,239,3,1078.7172981112462,1,2,1,4,At Risk
19837,17,6,2290.215608261506,5,4,3,12,Loyal Customers
19838,8,7,3037.945383080064,5,5,4,14,Champions
19839,158,5,4150.480263552494,1,4,5,10,Loyal Customers
19840,200,2,1270.35653430334,1,1,1,3,Lost
19841,124,6,2930.8572870731286,2,4,4,10,Loyal Customers
19842,183,2,1352.348308697431,1,1,1,3,Lost
19843,52,2,947.0462210221076,3,1,1,5,At Risk
19844,61,3,1027.1007902131637,3,2,1,6,At Risk
19845,23,8,4467.724112783756,4,5,5,14,Champions
19847,13,7,4358.258079421141,5,5,5,15,Champions
19848,31,3,1782.009455683808,4,2,2,8,Potential Loyalists
19849,8,7,2218.9284763579294,5,5,3,13,Champions
19850,130,4,1372.2024888414094,2,3,1,6,At Risk
19851,28,4,2715.6418568041686,4,3,3,10,Loyal Customers
19852,11,3,2069.90714853805,5,2,2,9,Potential Loyalists
19853,14,5,3034.696183682271,5,4,4,13,Champions
19854,190,4,2504.896287725547,1,3,3,7,Potential Loyalists
19855,126,4,1953.9376321765055,2,3,2,7,Potential Loyalists
19856,54,5,3134.031328002078,3,4,4,11,Loyal Customers
19857,54,3,1857.8659747023007,3,2,2,7,Potential Loyalists
19858,246,6,3245.7685746268635,1,4,4,9,Potential Loyalists
19859,6,5,2128.0927285057287,5,4,3,12,Loyal Customers
19860,99,4,3505.754597626768,2,3,4,9,Potential Loyalists
19861,67,3,1080.005775959689,3,2,1,6,At Risk
19862,64,4,2862.163115168808,3,3,4,10,Loyal Customers
19863,52,5,3460.224711258663,3,4,4,11,Loyal Customers
19864,179,6,3566.027338235415,1,4,5,10,Loyal Customers
19865,57,7,3344.256144604421,3,5,4,12,Loyal Customers
19866,10,4,1760.2487003776328,5,3,2,10,Loyal Customers
19867,25,7,3921.496411701093,4,5,5,14,Champions
19868,10,10,6558.0483331802925,5,5,5,15,Champions
19869,19,7,3958.93763297059,5,5,5,15,Champions
19870,86,4,3347.349704355742,2,3,4,9,Potential Loyalists
19871,1,7,3692.58984368304,5,5,5,15,Champions
19872,35,4,1618.5730373831234,4,3,2,9,Potential Loyalists
19873,40,8,2713.3772868504257,4,5,3,12,Loyal Customers
19874,93,6,1884.7618408766607,2,4,2,8,Potential Loyalists
19875,24,5,2268.490389999531,4,4,3,11,Loyal Customers
19876,50,3,1125.3468948268155,3,2,1,6,At Risk
19877,37,8,3221.369549765311,4,5,4,13,Champions
19878,181,5,2876.061225639599,1,4,4,9,Potential Loyalists
19879,39,4,2627.1318915345137,4,3,3,10,Loyal Customers
19880,213,7,2693.861415138592,1,5,3,9,Potential Loyalists
19881,7,5,3339.7221451900614,5,4,4,13,Champions
19882,11,4,2621.3547999748307,5,3,3,11,Loyal Customers
19883,149,3,1281.6645270418574,1,2,1,4,At Risk
19884,31,4,2509.6880652360524,4,3,3,10,Loyal Customers
19885,28,4,1759.495227948355,4,3,2,9,Potential Loyalists
19886,31,8,3606.270241033551,4,5,5,14,Champions
19887,175,3,2656.728597849604,1,2,3,6,At Risk
19888,348,1,309.04067310953405,1,1,1,3,Lost
19889,14,8,3185.577604735613,5,5,4,14,Champions
19890,19,3,2172.1115528494925,5,2,3,10,Loyal Customers
19891,71,8,4678.267593973584,3,5,5,13,Champions
19892,153,3,1999.408798403993,1,2,2,5,At Risk
19893,76,2,1149.209992611598,3,1,1,5,At Risk
19894,101,6,3597.645654729617,2,4,5,11,Loyal Customers
19895,58,9,3957.656350931644,3,5,5,13,Champions
19896,150,6,3075.17955205622,1,4,4,9,Potential Loyalists
19897,146,4,1643.5833803232372,1,3,2,6,At Risk
19898,34,4,2631.447977070224,4,3,3,10,Loyal Customers
19899,19,5,1983.645975806536,5,4,2,11,Loyal Customers
19900,64,6,2830.50493864006,3,4,4,11,Loyal Customers
19901,176,8,4902.421313366747,1,5,5,11,Loyal Customers
19902,43,5,2596.839641052914,4,4,3,11,Loyal Customers
19903,63,1,92.85349421587924,3,1,1,5,At Risk
19904,46,10,4264.78272216771,3,5,5,13,Champions
19905,76,6,3098.332402368558,3,4,4,11,Loyal Customers
19906,15,6,2767.612371002597,5,4,4,13,Champions
19907,99,10,5147.401159461889,2,5,5,12,Loyal Customers
19908,28,8,4926.240599542489,4,5,5,14,Champions
19909,110,5,2149.135356814837,2,4,3,9,Potential Loyalists
19910,129,7,3315.207947380679,2,5,4,11,Loyal Customers
19911,183,5,3000.32305185806,1,4,4,9,Potential Loyalists
19912,132,7,3239.789912848002,2,5,4,11,Loyal Customers
19913,63,5,2525.8513376699166,3,4,3,10,Loyal Customers
19914,78,6,3465.5016869187502,2,4,4,10,Loyal Customers
19915,153,7,3764.934018578311,1,5,5,11,Loyal Customers
19916,176,4,1388.4418035458857,1,3,1,5,At Risk
19917,38,9,4200.289641711681,4,5,5,14,Champions
19918,16,10,5193.407981543686,5,5,5,15,Champions
19919,1,3,1227.3151667021164,5,2,1,8,Potential Loyalists
19920,18,3,1465.762243486246,5,2,2,9,Potential Loyalists
19921,16,5,2104.602282399058,5,4,3,12,Loyal Customers
19922,119,5,1834.611876044273,2,4,2,8,Potential Loyalists
19923,82,3,1531.1092724975515,2,2,2,6,At Risk
19924,79,7,3002.2601164298767,2,5,4,11,Loyal Customers
19925,10,5,1481.81386197378,5,4,2,11,Loyal Customers
19926,187,5,2266.3726960808854,1,4,3,8,Potential Loyalists
19927,39,7,3356.8001156020327,4,5,4,13,Champions
19928,61,2,682.3068832284105,3,1,1,5,At Risk
19929,180,3,1051.8005096092363,1,2,1,4,At Risk
19930,49,4,2207.839300485902,3,3,3,9,Potential Loyalists
19931,101,3,694.4719484088621,2,2,1,5,At Risk
19932,121,3,2284.9235932426,2,2,3,7,Potential Loyalists
19934,12,7,3659.4276200236327,5,5,5,15,Champions
19935,222,2,1485.0254367906118,1,1,2,4,At Risk
19936,23,3,964.9195544353648,4,2,1,7,Potential Loyalists
19937,228,2,1023.2606203520454,1,1,1,3,Lost
19938,12,4,2855.890944511527,5,3,4,12,Loyal Customers
19939,31,3,1816.527145184593,4,2,2,8,Potential Loyalists
19940,151,5,2771.327759772749,1,4,4,9,Potential Loyalists
19941,13,7,3172.365256188717,5,5,4,14,Champions
19942,16,8,3958.101291259658,5,5,5,15,Champions
19943,21,7,3270.347051289891,4,5,4,13,Champions
19944,10,6,2342.990408911902,5,4,3,12,Loyal Customers
19945,17,7,3430.6108011629667,5,5,4,14,Champions
19946,95,8,4546.662460020949,2,5,5,12,Loyal Customers
19947,208,2,1036.6076007393235,1,1,1,3,Lost
19948,38,5,2957.414222152793,4,4,4,12,Loyal Customers
19949,82,3,1504.934383124949,2,2,2,6,At Risk
19950,41,9,5470.055430013655,4,5,5,14,Champions
19951,137,3,1456.396796671327,1,2,2,5,At Risk
19952,3,6,3514.821186140547,5,4,4,13,Champions
19953,119,3,897.1659177010329,2,2,1,5,At Risk
19954,51,8,3501.694492275052,3,5,4,12,Loyal Customers
19955,94,2,718.2918833076786,2,1,1,4,At Risk
19956,48,3,1446.9058580064086,3,2,2,7,Potential Loyalists
19957,83,4,1611.0335500983906,2,3,2,7,Potential Loyalists
19958,37,3,2261.430595579033,4,2,3,9,Potential Loyalists
19959,85,5,3851.555017707138,2,4,5,11,Loyal Customers
19960,27,9,3678.580650204983,4,5,5,14,Champions
19961,197,3,1171.037133163165,1,2,1,4,At Risk
19962,119,3,1375.7342970626196,2,2,1,5,At Risk
19963,233,3,1059.9674099453682,1,2,1,4,At Risk
19964,56,7,3760.55096291888,3,5,5,13,Champions
19965,87,6,3244.15939381973,2,4,4,10,Loyal Customers
19966,17,10,3866.080106747815,5,5,5,15,Champions
19967,4,5,1802.5235038277997,5,4,2,11,Loyal Customers
19968,131,6,2974.025568279488,2,4,4,10,Loyal Customers
19969,43,9,4749.497857445337,4,5,5,14,Champions
19970,29,7,2613.2986568814044,4,5,3,12,Loyal Customers
19971,148,4,1402.5592426212218,1,3,1,5,At Risk
19972,45,6,3097.515243296324,3,4,4,11,Loyal Customers
19973,186,4,934.6843952028552,1,3,1,5,At Risk
19974,17,5,1988.6477414149813,5,4,2,11,Loyal Customers
19975,123,5,3320.9698048557875,2,4,4,10,Loyal Customers
19976,12,5,2311.342214503481,5,4,3,12,Loyal Customers
19977,113,2,1044.867764746341,2,1,1,4,At Risk
19978,100,5,3587.240079770062,2,4,5,11,Loyal Customers
19979,129,5,1152.1941189876095,2,4,1,7,Potential Loyalists
19980,102,7,3079.7238616253144,2,5,4,11,Loyal Customers
19981,36,6,3037.499821228569,4,4,4,12,Loyal Customers
19982,43,5,2503.552620568504,4,4,3,11,Loyal Customers
19983,1,6,3146.142047364426,5,4,4,13,Champions
19984,43,4,2989.882278472221,4,3,4,11,Loyal Customers
19985,67,6,2551.9616928956684,3,4,3,10,Loyal Customers
19986,325,2,1127.415822390872,1,1,1,3,Lost
19987,186,2,714.9049315534228,1,1,1,3,Lost
19988,400,1,138.69173896102524,1,1,1,3,Lost
19989,43,6,2496.382918869278,4,4,3,11,Loyal Customers
19990,84,6,3019.5100236283065,2,4,4,10,Loyal Customers
19991,46,5,2934.105077280948,3,4,4,11,Loyal Customers
19992,90,7,4583.1336803248,2,5,5,12,Loyal Customers
19993,13,6,3751.43739896785,5,4,5,14,Champions
19994,79,4,2092.496174391385,2,3,3,8,Potential Loyalists
19995,117,3,2190.068955681437,2,2,3,7,Potential Loyalists
19996,208,5,2287.611567620771,1,4,3,8,Potential Loyalists
19997,18,4,2091.4880457084128,5,3,3,11,Loyal Customers
19998,109,3,1855.766727142794,2,2,2,6,At Risk
19999,266,6,2669.0238308593043,1,4,3,8,Potential Loyalists
20000,8,3,2421.930287540981,5,2,3,10,Loyal Customers
