Customer_ID,Days_Since_Last_Purchase,Total_Orders,Total_Spent,R_Score,F_score,M_score,Final_RFM_Score
10001,25,5,2298.395444900226,4,3,3,10
10002,58,7,3406.54646081014,3,4,4,11
10003,181,5,2875.8384722113506,1,3,4,8
10004,100,8,4555.787767649018,2,5,5,12
10005,80,4,2802.3195424831256,2,2,4,8
10006,14,7,2936.5881029427446,5,4,4,13
10007,12,5,2571.2900838067476,5,3,3,11
10008,222,4,2523.7870705197806,1,2,3,6
10009,276,2,1009.6177791696505,1,1,1,3
10010,31,4,1054.137352704167,4,2,1,7
10011,28,7,3149.19747988829,4,4,4,12
10012,65,9,5648.683840559279,3,5,5,13
10013,139,6,3951.6680794694425,1,4,5,10
10014,2,5,2157.9190850230198,5,3,3,11
10015,83,5,2627.281638787456,2,3,3,8
10016,266,4,1691.3447757382412,1,2,2,5
10017,60,8,3739.5538164769146,3,5,5,13
10018,65,4,2173.3050086187473,3,2,3,8
10019,45,8,5071.024421623793,3,5,5,13
10020,153,5,2079.980940596707,1,3,2,6
10021,32,4,2595.5255389218682,4,2,3,9
10022,167,4,1717.514155880735,1,2,2,5
10023,25,6,3829.0537758695737,4,4,5,13
10024,79,5,2345.717754601383,2,3,3,8
10025,102,3,1103.9614523575592,2,1,1,4
10026,81,5,3463.7855515186097,2,3,4,9
10027,21,8,3573.05639074733,4,5,5,14
10028,41,14,4935.516239037761,4,5,5,14
10029,245,3,1042.2597290180652,1,1,1,3
10030,6,4,1857.7285257726242,5,2,2,9
10031,10,4,2912.920167569167,5,2,4,11
10032,68,6,3152.8118063112324,3,4,4,11
10033,59,4,2368.027774394416,3,2,3,8
10034,159,5,2060.7321273229154,1,3,2,6
10035,77,2,1037.6401762016426,2,1,1,4
10036,210,1,437.8949462663986,1,1,1,3
10037,34,5,1664.149370954047,4,3,2,9
10038,73,5,3903.5161687222944,3,3,5,11
10039,16,6,2680.1117540549294,5,4,3,12
10040,69,2,1076.794613671612,3,1,1,5
10041,104,3,2196.143406920707,2,1,3,6
10042,61,2,527.1340655299272,3,1,1,5
10043,132,3,2025.0656525509162,2,1,2,5
10044,116,5,2783.422465180575,2,3,4,9
10045,14,7,2925.7317031499874,5,4,4,13
10046,14,4,1133.388916363231,5,2,1,8
10047,54,1,301.29014987057974,3,1,1,5
10048,126,4,1509.4860204891504,2,2,2,6
10049,123,5,2220.341188940572,2,3,3,8
10050,98,5,1898.3447812840488,2,3,2,7
10051,13,8,3446.125391418286,5,5,4,14
10052,100,6,1894.967479121716,2,4,2,8
10053,34,3,1296.8190974913414,4,1,1,6
10054,198,4,2204.480587257375,1,2,3,6
10055,157,5,3058.494191304687,1,3,4,8
10056,27,7,2188.3855820356753,4,4,3,11
10057,56,7,4043.3387834184173,3,4,5,12
10058,11,3,1379.5804786367144,5,1,1,7
10059,1,8,3032.307984165486,5,5,4,14
10060,2,6,3829.392343320385,5,4,5,14
10061,164,6,2593.046725765525,1,4,3,8
10062,18,6,3277.9806657822655,5,4,4,13
10063,60,6,2578.0766564470564,3,4,3,10
10064,16,8,3576.798949969636,5,5,5,15
10065,4,7,3601.6820940178454,5,4,5,14
10066,16,8,3535.3682377172977,5,5,4,14
10067,45,7,4785.619219358107,3,4,5,12
10068,75,5,2392.011616775567,3,3,3,9
10069,6,6,3164.737852325844,5,4,4,13
10070,25,8,4190.489742875496,4,5,5,14
10071,111,1,752.8574056633737,2,1,1,4
10072,71,10,5216.243637052558,3,5,5,13
10073,13,7,2464.3392016239163,5,4,3,12
10074,33,6,2893.203155608867,4,4,4,12
10075,240,2,752.4077177837487,1,1,1,3
10076,74,4,2415.774151922648,3,2,3,8
10077,55,6,1955.5426448076603,3,4,2,9
10078,233,2,1007.6115157062004,1,1,1,3
10079,3,7,4245.436753860005,5,4,5,14
10080,95,4,1572.8654879134206,2,2,2,6
10081,100,4,1479.1312853216655,2,2,2,6
10082,21,6,3612.725751043896,4,4,5,13
10083,56,8,3356.010049184164,3,5,4,12
10084,289,1,119.69709542913685,1,1,1,3
10085,54,4,2131.1365529699024,3,2,3,8
10086,152,6,3001.8015688290075,1,4,4,9
10087,176,2,999.3991018003373,1,1,1,3
10088,139,7,3514.0536072637215,1,4,4,9
10089,10,5,2645.281849085744,5,3,3,11
10090,10,7,4477.078682230747,5,4,5,14
10091,1,4,474.02544762114,5,2,1,8
10092,29,6,2101.678180300826,4,4,3,11
10093,26,6,1715.4607095711508,4,4,2,10
10094,27,5,4585.581357546848,4,3,5,12
10095,125,4,2083.972793013844,2,2,2,6
10096,42,4,1576.9564381501682,4,2,2,8
10097,96,6,2523.0615637732335,2,4,3,9
10098,5,5,1524.8294004057816,5,3,2,10
10099,84,7,5131.740638282867,2,4,5,11
10100,23,4,2229.9073057941887,4,2,3,9
10101,150,7,3420.102153467499,1,4,4,9
10102,83,5,1639.4915843578137,2,3,2,7
10103,32,5,3139.7274686639344,4,3,4,11
10104,130,3,1847.222043000691,2,1,2,5
10105,13,7,4245.405217271714,5,4,5,14
10106,142,9,4789.6757412990755,1,5,5,11
10107,51,7,2152.2882382032967,3,4,3,10
10108,87,7,3516.953120977154,2,4,4,10
10109,146,3,1254.7371191951001,1,1,1,3
10110,122,3,1103.4258221169089,2,1,1,4
10111,11,5,2704.6798990561683,5,3,3,11
10112,4,8,4442.165272626254,5,5,5,15
10113,207,5,2229.4846490400596,1,3,3,7
10114,143,4,2661.6174066926246,1,2,3,6
10115,8,4,3463.780645082107,5,2,4,11
10116,197,2,665.1540205375618,1,1,1,3
10117,13,5,2743.716273866872,5,3,4,12
10118,124,4,1535.2194902812687,2,2,2,6
10119,37,7,2629.6955173571732,4,4,3,11
10120,4,3,1740.454654904308,5,1,2,8
10121,67,5,2971.062762321855,3,3,4,10
10122,88,7,3306.952286087517,2,4,4,10
10123,220,4,1882.6490183476665,1,2,2,5
10124,29,5,2584.448796527747,4,3,3,10
10125,34,3,1585.241819559017,4,1,2,7
10126,81,11,5261.782750139807,2,5,5,12
10127,25,6,2705.021721403596,4,4,3,11
10128,142,4,1667.5455491474106,1,2,2,5
10129,164,3,1442.4068834687612,1,1,2,4
10130,33,8,4008.2727186578477,4,5,5,14
10131,7,6,1586.8351317310253,5,4,2,11
10132,60,9,3299.4589337558623,3,5,4,12
10133,108,4,2176.675112466976,2,2,3,7
10134,182,5,1468.681744394997,1,3,2,6
10135,102,4,1877.7516343478733,2,2,2,6
10136,40,5,836.2977367766365,4,3,1,8
10137,47,4,1677.8973513515166,3,2,2,7
10138,184,4,1606.6583553552323,1,2,2,5
10139,89,5,1808.2339211251099,2,3,2,7
10140,11,4,2112.801016648924,5,2,3,10
10141,3,8,3197.52323808583,5,5,4,14
10142,118,5,1932.4714719637745,2,3,2,7
10143,31,7,3169.5861560960684,4,4,4,12
10144,56,6,3411.5581139945352,3,4,4,11
10145,366,1,792.176501503648,1,1,1,3
10146,58,6,2369.0412829584866,3,4,3,10
10147,48,3,329.16044431771587,3,1,1,5
10148,42,4,2352.6654203354897,4,2,3,9
10149,34,8,3677.9670169727324,4,5,5,14
10150,3,5,1713.309621216366,5,3,2,10
10151,3,3,1089.2815601682385,5,1,1,7
10152,31,6,1635.9602525471987,4,4,2,10
10153,10,6,3051.7940828353303,5,4,4,13
10154,69,7,3326.5173516587015,3,4,4,11
10155,136,6,3433.0773104813993,1,4,4,9
10156,37,4,1168.0451760628512,4,2,1,7
10157,69,4,1471.3156155332326,3,2,2,7
10158,96,4,1818.6107221838856,2,2,2,6
10159,48,6,3270.1508625571837,3,4,4,11
10160,261,6,2492.3730609288514,1,4,3,8
10161,95,7,3067.139696462807,2,4,4,10
10162,64,5,3075.781822645982,3,3,4,10
10163,12,5,3353.2838152564796,5,3,4,12
10164,90,4,1134.5661170190583,2,2,1,5
10165,21,8,2865.1311770623843,4,5,4,13
10166,27,6,3731.0676298662256,4,4,5,13
10167,165,8,4347.803646790549,1,5,5,11
10168,241,3,1557.38839751686,1,1,2,4
10169,149,5,1455.7326801305126,1,3,2,6
10170,6,4,1958.4948648408401,5,2,2,9
10171,61,4,2035.2785222665602,3,2,2,7
10172,84,7,4794.547796111422,2,4,5,11
10173,29,3,521.7025388240354,4,1,1,6
10174,271,4,2445.4802490382904,1,2,3,6
10175,53,5,2849.82873897131,3,3,4,10
10176,52,6,2364.3756020567553,3,4,3,10
10177,61,2,980.2724031267105,3,1,1,5
10178,29,6,4261.920263668873,4,4,5,13
10179,53,7,3931.3813370048956,3,4,5,12
10180,19,5,2382.444495979839,5,3,3,11
10181,80,3,1574.1912227275743,2,1,2,5
10182,67,4,1277.3809011722046,3,2,1,6
10183,53,5,3213.9612665340865,3,3,4,10
10184,59,3,1102.217747387012,3,1,1,5
10185,51,6,3282.451134993158,3,4,4,11
10186,47,5,2333.9078477998555,3,3,3,9
10187,75,3,1913.28142698813,3,1,2,6
10188,173,5,2199.5555712356063,1,3,3,7
10189,55,4,2427.166553061831,3,2,3,8
10190,63,4,2019.9362827532368,3,2,2,7
10191,103,4,2142.1309986024653,2,2,3,7
10192,38,6,3474.476275412654,4,4,4,12
10193,139,3,2201.8009343029057,1,1,3,5
10194,24,9,5508.457667222277,4,5,5,14
10195,59,5,2596.222490309621,3,3,3,9
10196,49,6,3280.010949533113,3,4,4,11
10197,89,3,2076.7763128444294,2,1,2,5
10198,16,4,2945.616223336452,5,2,4,11
10199,67,5,2761.108779878391,3,3,4,10
10200,17,4,1761.3983363997781,5,2,2,9
10201,11,3,1916.6178331002939,5,1,2,8
10202,17,12,6953.284173543165,5,5,5,15
10203,35,7,4312.201770553282,4,4,5,13
10204,18,7,3449.6149910130375,5,4,4,13
10205,13,7,2402.515920675305,5,4,3,12
10206,2,5,2024.070688743614,5,3,2,10
10207,37,6,3585.5715253468707,4,4,5,13
10208,121,10,5565.07079921821,2,5,5,12
10209,24,4,1848.9025892442137,4,2,2,8
10210,23,9,5225.389638143538,4,5,5,14
10212,26,7,3365.9325455241947,4,4,4,12
10213,202,3,1425.1371554284183,1,1,2,4
10214,76,5,2135.6691907139157,3,3,3,9
10215,64,3,1298.549007738611,3,1,1,5
10216,16,6,3607.5706392262446,5,4,5,14
10217,51,2,967.928463348736,3,1,1,5
10218,278,2,1081.186368087251,1,1,1,3
10219,8,5,2723.629411184711,5,3,3,11
10220,56,4,1920.8854320887206,3,2,2,7
10221,60,6,3333.468558602757,3,4,4,11
10222,163,3,1483.79914992055,1,1,2,4
10223,140,4,1663.5878588082894,1,2,2,5
10224,4,6,2815.7381455892614,5,4,4,13
10225,10,6,2932.9875144684092,5,4,4,13
10226,183,4,1477.8935129661731,1,2,2,5
10227,95,8,4456.437047754432,2,5,5,12
10228,54,10,6432.591149351034,3,5,5,13
10229,93,6,4018.0363257439244,2,4,5,11
10230,45,5,3734.7596849854444,3,3,5,11
10231,212,5,1795.3544174646322,1,3,2,6
10232,50,6,2173.4217188247912,3,4,3,10
10233,15,8,2523.429732197683,5,5,3,13
10234,115,7,3482.9928432584984,2,4,4,10
10235,15,8,2751.7064898735202,5,5,4,14
10236,15,4,2281.7140417755,5,2,3,10
10237,148,6,2344.281944414525,1,4,3,8
10238,12,6,3546.158453982044,5,4,4,13
10239,47,10,7232.3565914886,3,5,5,13
10240,3,7,3765.858572571386,5,4,5,14
10241,64,3,1801.9055129982594,3,1,2,6
10242,42,6,2666.488518458383,4,4,3,11
10243,14,9,4230.062643132942,5,5,5,15
10244,42,5,3022.339700057028,4,3,4,11
10245,35,10,5976.819279963928,4,5,5,14
10246,209,2,48.26099514473084,1,1,1,3
10247,6,9,4512.21217095465,5,5,5,15
10248,182,3,1612.1488786163889,1,1,2,4
10249,50,5,1480.8926270528584,3,3,2,8
10250,129,6,2935.2151626789946,2,4,4,10
10251,16,5,2783.035930693664,5,3,4,12
10252,327,1,217.37598832162018,1,1,1,3
10253,113,5,1977.8912900206726,2,3,2,7
10254,141,3,1386.4069159009744,1,1,1,3
10255,126,3,1742.6789363501975,2,1,2,5
10256,114,6,3067.939112003208,2,4,4,10
10257,15,10,6483.753638680659,5,5,5,15
10258,22,7,2939.7697148383136,4,4,4,12
10259,111,9,4946.660764985918,2,5,5,12
10260,68,10,3633.5189685412424,3,5,5,13
10261,61,7,3853.926510444968,3,4,5,12
10262,241,1,587.8338219776384,1,1,1,3
10263,119,3,1786.6828907096015,2,1,2,5
10264,44,4,1013.8913316593485,3,2,1,6
10265,53,6,3046.032889494377,3,4,4,11
10266,1,4,1818.8050439932156,5,2,2,9
10267,17,6,3193.8829076655193,5,4,4,13
10268,157,6,2960.234866199026,1,4,4,9
10269,6,4,1720.1387752938879,5,2,2,9
10270,2,7,3072.421068471506,5,4,4,13
10271,103,5,2075.6402208174222,2,3,2,7
10272,7,6,3181.7046660007563,5,4,4,13
10273,121,6,4264.028700523058,2,4,5,11
10275,71,1,874.0642388726792,3,1,1,5
10276,21,11,5637.856692591098,4,5,5,14
10277,14,7,2959.7699375461802,5,4,4,13
10278,142,6,3002.8441849179103,1,4,4,9
10279,49,4,2449.113104010064,3,2,3,8
10280,73,4,1184.7534990050247,3,2,1,6
10281,199,2,1049.5077015479933,1,1,1,3
10282,29,6,2708.7033863181778,4,4,3,11
10283,53,5,2362.601824926829,3,3,3,9
10284,287,3,1634.8732695521908,1,1,2,4
10285,55,8,3706.847686929123,3,5,5,13
10286,8,4,2538.8275590414373,5,2,3,10
10287,193,2,1201.892484482231,1,1,1,3
10288,115,4,1812.545944338319,2,2,2,6
10289,7,2,796.3642734940454,5,1,1,7
10290,2,9,4397.092548799087,5,5,5,15
10291,91,6,3583.56839935005,2,4,5,11
10292,95,3,1410.4000516131496,2,1,1,4
10293,65,6,3612.8733711246055,3,4,5,12
10294,112,5,2190.422006609968,2,3,3,8
10295,143,7,4166.755768260111,1,4,5,10
10296,134,4,2664.377913895745,1,2,3,6
10297,15,4,1806.9226473402687,5,2,2,9
10298,89,4,1860.7555750322751,2,2,2,6
10299,32,5,2470.5002259310427,4,3,3,10
10300,7,6,3325.5966780545914,5,4,4,13
10301,297,5,1394.9689107702793,1,3,1,5
10302,32,7,2695.3041185573757,4,4,3,11
10303,45,4,2075.902698415172,3,2,2,7
10304,139,6,3501.265594596817,1,4,4,9
10305,22,4,1576.1024516239336,4,2,2,8
10306,51,6,2687.4041450048917,3,4,3,10
10307,7,7,2526.6208001237437,5,4,3,12
10308,4,7,2673.699342561812,5,4,3,12
10309,71,7,1748.0600978834536,3,4,2,9
10310,27,6,3648.441822678092,4,4,5,13
10311,21,3,2211.6414056718445,4,1,3,8
10312,207,1,587.9830032995106,1,1,1,3
10313,160,4,1740.835857249781,1,2,2,5
10314,198,3,2398.1262567831936,1,1,3,5
10315,52,3,1834.6708941521356,3,1,2,6
10316,35,4,2142.555240920333,4,2,3,9
10317,113,3,1665.055353719786,2,1,2,5
10318,9,6,1123.567844281951,5,4,1,10
10319,33,6,4118.04159093645,4,4,5,13
10320,57,2,768.4367038048458,3,1,1,5
10321,56,2,1058.8883406899984,3,1,1,5
10322,161,4,2229.9594097685876,1,2,3,6
10323,111,2,670.9560816102355,2,1,1,4
10324,50,3,1745.2458888433785,3,1,2,6
10325,75,5,2154.617142578634,3,3,3,9
10326,129,8,3240.3839825374425,2,5,4,11
10327,140,3,1749.083709043175,1,1,2,4
10328,11,5,1776.4955653853617,5,3,2,10
10329,84,8,5599.432645536905,2,5,5,12
10330,20,8,5220.462002935149,4,5,5,14
10331,80,4,2358.6034071022245,2,2,3,7
10332,136,9,5091.933236251801,1,5,5,11
10333,111,3,1912.0052715597303,2,1,2,5
10334,50,6,4253.2119236346625,3,4,5,12
10335,64,2,923.9457377921422,3,1,1,5
10336,3,3,940.9343043412126,5,1,1,7
10337,83,4,1992.2425755444976,2,2,2,6
10338,13,6,2513.3299570942795,5,4,3,12
10339,43,4,2369.318971388049,4,2,3,9
10340,121,5,3450.608923896151,2,3,4,9
10341,51,11,6390.070520956705,3,5,5,13
10342,226,4,1776.7673786010191,1,2,2,5
10343,41,3,2224.0053221650915,4,1,3,8
10344,241,5,2032.257479246904,1,3,2,6
10345,339,2,914.2040779472884,1,1,1,3
10346,2,3,1915.4774598771487,5,1,2,8
10347,99,3,1154.5120933326489,2,1,1,4
10348,166,4,2116.9799133103734,1,2,3,6
10349,20,7,4033.0748606338366,4,4,5,13
10350,52,5,1968.7881056498495,3,3,2,8
10351,45,8,3197.248833287451,3,5,4,12
10352,197,2,1301.8948823174685,1,1,1,3
10353,48,6,2854.4848170150885,3,4,4,11
10354,124,4,2010.4016031007989,2,2,2,6
10355,7,6,2628.7613977783776,5,4,3,12
10356,171,3,1374.1301979713112,1,1,1,3
10357,13,6,3367.71950535256,5,4,4,13
10358,94,9,3815.0146934777326,2,5,5,12
10359,52,8,3287.5893869565916,3,5,4,12
10360,50,4,1899.8524569666472,3,2,2,7
10361,84,8,4229.7906037468765,2,5,5,12
10362,224,3,1261.6907743501315,1,1,1,3
10363,77,6,4208.363575466827,2,4,5,11
10364,140,4,1519.7681759193206,1,2,2,5
10365,48,8,3482.3364209794536,3,5,4,12
10366,52,4,2409.428929865608,3,2,3,8
10367,356,1,551.3794971673937,1,1,1,3
10368,117,2,1197.3708949592112,2,1,1,4
10369,17,8,4941.681053662054,5,5,5,15
10370,192,2,622.4768228240958,1,1,1,3
10371,44,6,3450.5291027074472,3,4,4,11
10372,90,4,1764.445970342581,2,2,2,6
10373,82,6,3225.538221141514,2,4,4,10
10374,94,3,1496.7530816632022,2,1,2,5
10375,254,2,1210.901761982193,1,1,1,3
10376,40,6,3734.9576107296707,4,4,5,13
10377,37,8,3453.125580028232,4,5,4,13
10378,15,5,2334.7463826123667,5,3,3,11
10379,19,7,2984.3157432161606,5,4,4,13
10380,310,3,1295.3366659653,1,1,1,3
10381,56,1,541.3393424488817,3,1,1,5
10382,3,3,2002.7520859543129,5,1,2,8
10383,63,6,1567.3026577547562,3,4,2,9
10384,95,5,1450.6556409092814,2,3,2,7
10385,25,3,1051.5066033845003,4,1,1,6
10386,271,2,852.1919272294272,1,1,1,3
10387,151,8,4581.8164598454605,1,5,5,11
10388,62,7,3082.3123461378877,3,4,4,11
10389,4,4,2907.39011141606,5,2,4,11
10390,149,8,2300.4865184493365,1,5,3,9
10391,85,7,3262.2452585246865,2,4,4,10
10392,1,8,4629.374132512025,5,5,5,15
10393,16,7,3163.204198233861,5,4,4,13
10394,62,8,3655.9444364432698,3,5,5,13
10395,272,3,1201.6428279844445,1,1,1,3
10396,60,4,1967.8115777760981,3,2,2,7
10397,276,1,474.43760492160914,1,1,1,3
10398,23,5,2404.5857878225634,4,3,3,10
10399,20,5,3248.5611735491475,4,3,4,11
10400,13,3,1425.7692604569272,5,1,2,8
10401,123,5,2002.8762681840074,2,3,2,7
10402,82,4,2638.0840841595827,2,2,3,7
10403,27,7,4224.480584296836,4,4,5,13
10404,3,7,4471.0789331480855,5,4,5,14
10405,39,8,3477.712388851653,4,5,4,13
10406,22,5,1570.1426888558613,4,3,2,9
10407,1,4,2600.000318806063,5,2,3,10
10408,44,7,2716.1605707938165,3,4,3,10
10409,16,2,758.7121753161326,5,1,1,7
10410,243,2,1148.0082257239526,1,1,1,3
10411,71,3,286.78832135953036,3,1,1,5
10412,22,5,1938.2582782130826,4,3,2,9
10413,16,5,1711.387263809951,5,3,2,10
10414,9,6,3185.6812408953056,5,4,4,13
10415,78,7,4253.057477685952,2,4,5,11
10416,66,5,1740.0795331917977,3,3,2,8
10417,103,2,133.1359994857727,2,1,1,4
10418,35,1,105.74794990567139,4,1,1,6
10419,72,7,4270.77724955365,3,4,5,12
10420,80,6,3114.216829786938,2,4,4,10
10421,160,4,2247.8758643211113,1,2,3,6
10422,39,6,1029.5981392067301,4,4,1,9
10423,32,4,2097.202207615657,4,2,3,9
10424,103,3,1056.2961928805744,2,1,1,4
10425,128,3,1426.1620563062183,2,1,2,5
10426,259,6,2449.607574578069,1,4,3,8
10427,1,2,1431.515090569278,5,1,2,8
10428,47,3,1977.590114341756,3,1,2,6
10430,132,3,1573.3039628522233,2,1,2,5
10431,408,1,108.17424033490518,1,1,1,3
10432,46,2,1677.8751790025358,3,1,2,6
10433,251,4,1618.1359747651936,1,2,2,5
10434,358,1,164.73462219326893,1,1,1,3
10435,55,6,1404.6837874067828,3,4,1,8
10436,97,5,2409.242133054584,2,3,3,8
10437,1,8,6191.7019654954565,5,5,5,15
10438,98,4,1599.4406352965034,2,2,2,6
10439,362,1,670.2253154671686,1,1,1,3
10440,25,2,391.11426870059125,4,1,1,6
10441,37,9,3621.926967952511,4,5,5,14
10442,15,6,2767.1056561209784,5,4,4,13
10443,43,6,2828.6263203861736,4,4,4,12
10444,18,9,4575.807785847103,5,5,5,15
10445,77,2,1684.5863112195057,2,1,2,5
10446,266,3,1354.7615479794563,1,1,1,3
10447,18,7,4076.945857991048,5,4,5,14
10448,229,3,1772.0995891379198,1,1,2,4
10449,45,10,4108.9865445727355,3,5,5,13
10450,107,8,5190.556878573016,2,5,5,12
10451,36,5,1854.5306530526386,4,3,2,9
10452,42,2,553.3338230210691,4,1,1,6
10453,100,5,2305.168491774906,2,3,3,8
10454,52,5,2700.151858438749,3,3,3,9
10455,23,4,1843.8103889536494,4,2,2,8
10456,137,6,3759.07076800158,1,4,5,10
10457,43,5,2434.5140335876654,4,3,3,10
10458,272,1,917.1151868744544,1,1,1,3
10459,43,4,1745.7830508647485,4,2,2,8
10460,63,5,2665.1203623729766,3,3,3,9
10461,151,4,2914.5990119828166,1,2,4,7
10462,10,8,4543.305000958746,5,5,5,15
10463,78,3,1941.8623961387536,2,1,2,5
10464,2,5,2611.1523943123457,5,3,3,11
10465,5,7,3241.569893452398,5,4,4,13
10466,30,3,857.15824864878,4,1,1,6
10467,13,7,3502.753906642002,5,4,4,13
10468,19,4,2577.262419737259,5,2,3,10
10469,6,5,2114.41066678315,5,3,3,11
10470,315,1,418.9055611875766,1,1,1,3
10471,128,4,2393.02365295717,2,2,3,7
10472,64,8,4315.3557920089615,3,5,5,13
10473,59,4,1627.6178587800205,3,2,2,7
10474,16,8,3630.4676467388067,5,5,5,15
10475,236,4,2504.901427195185,1,2,3,6
10476,92,3,2010.808028698167,2,1,2,5
10477,72,2,976.2864976933771,3,1,1,5
10478,311,2,1255.1073640988775,1,1,1,3
10479,32,8,4682.737479405365,4,5,5,14
10480,75,6,2447.415528725033,3,4,3,10
10481,360,2,373.59300641460527,1,1,1,3
10482,8,4,1260.140554835798,5,2,1,8
10483,100,2,954.4454118278076,2,1,1,4
10484,45,4,2243.260617264911,3,2,3,8
10485,100,3,1677.7423764410196,2,1,2,5
10486,318,2,415.01507434489656,1,1,1,3
10487,25,1,484.3797365916407,4,1,1,6
10488,148,2,1185.3065887249395,1,1,1,3
10489,11,5,3228.2390680737212,5,3,4,12
10490,55,6,2327.0930653522505,3,4,3,10
10491,58,8,4691.9351053498285,3,5,5,13
10492,69,5,1795.6379423859023,3,3,2,8
10493,128,3,680.3010411204091,2,1,1,4
10494,18,6,2705.903966969671,5,4,3,12
10495,48,4,2092.010409077207,3,2,3,8
10496,24,6,2808.773978765048,4,4,4,12
10497,2,9,5390.1861728945905,5,5,5,15
10498,2,10,6821.0423404649355,5,5,5,15
10499,37,6,2728.761575501246,4,4,3,11
10500,72,2,736.3224911321231,3,1,1,5
10501,4,9,4951.067728180865,5,5,5,15
10502,412,1,671.753422253739,1,1,1,3
10503,123,4,1875.663843469696,2,2,2,6
10504,204,5,2339.217132461909,1,3,3,7
10505,14,8,4147.348342870797,5,5,5,15
10507,2,6,4245.8840103891625,5,4,5,14
10508,9,4,783.669568606826,5,2,1,8
10509,26,7,3658.851908032975,4,4,5,13
10510,67,5,2266.804791466452,3,3,3,9
10511,1,7,3465.2414274335547,5,4,4,13
10512,110,4,1547.6892362150854,2,2,2,6
10513,161,5,2697.9955650295587,1,3,3,7
10514,72,4,2538.31470111702,3,2,3,8
10515,27,8,3918.3146449201577,4,5,5,14
10516,52,3,2215.320532632255,3,1,3,7
10517,201,2,1405.7188670568696,1,1,1,3
10518,34,4,2111.924364831439,4,2,3,9
10519,258,3,2096.4275592574886,1,1,3,5
10520,26,5,2572.8646203691096,4,3,3,10
10521,204,2,1439.4106578732633,1,1,2,4
10522,1,7,4357.692784144014,5,4,5,14
10523,38,7,3993.8380501754746,4,4,5,13
10524,92,6,2998.91870379672,2,4,4,10
10525,48,5,3609.581880601144,3,3,5,11
10526,212,4,1953.4813262289576,1,2,2,5
10527,21,6,2187.143823466751,4,4,3,11
10528,4,7,2401.342289226326,5,4,3,12
10529,81,2,1478.1698064221196,2,1,2,5
10530,16,8,3287.5350533960054,5,5,4,14
10531,57,4,3012.0463055822584,3,2,4,9
10532,34,12,6261.213674690752,4,5,5,14
10533,104,3,1355.7440524708304,2,1,1,4
10534,13,8,5022.052770696624,5,5,5,15
10535,37,4,1118.4531838403157,4,2,1,7
10536,35,5,2303.3061496159785,4,3,3,10
10537,42,4,1966.2548102998637,4,2,2,8
10538,94,9,3799.668391922155,2,5,5,12
10539,49,7,3978.6400845482835,3,4,5,12
10540,104,7,3151.837012397411,2,4,4,10
10541,52,8,3969.93415480891,3,5,5,13
10542,27,5,2586.0365192119452,4,3,3,10
10543,63,6,3182.035878707435,3,4,4,11
10544,19,3,1180.1027772938082,5,1,1,7
10545,62,8,4011.0609185735484,3,5,5,13
10546,122,7,3608.8716750320627,2,4,5,11
10547,167,5,2883.274800694396,1,3,4,8
10548,112,4,1271.9795586591376,2,2,1,5
10549,212,4,2179.6560236491428,1,2,3,6
10550,240,2,1228.8471128163621,1,1,1,3
10551,50,2,703.8837855591562,3,1,1,5
10552,67,4,2685.3987207698956,3,2,3,8
10553,41,7,3213.9387395183885,4,4,4,12
10554,24,6,2414.7427185794018,4,4,3,11
10555,34,6,3423.3496049491796,4,4,4,12
10556,78,6,3093.5940095407495,2,4,4,10
10557,115,7,4883.514082280767,2,4,5,11
10558,85,6,3189.6791739168384,2,4,4,10
10559,112,3,389.4262343426035,2,1,1,4
10560,131,9,4394.5847842967705,2,5,5,12
10561,25,9,5708.803879781647,4,5,5,14
10562,34,7,3455.2321806393297,4,4,4,12
10563,194,4,1468.4712156854625,1,2,2,5
10564,48,2,1291.4287036163498,3,1,1,5
10565,4,2,1022.8489364024152,5,1,1,7
10566,239,8,2370.632975984101,1,5,3,9
10567,54,4,2703.526404048889,3,2,3,8
10568,95,5,2414.770733542284,2,3,3,8
10569,48,6,2373.2600780706352,3,4,3,10
10570,61,8,3413.050991205671,3,5,4,12
10571,176,4,1445.0555219772566,1,2,2,5
10572,18,11,5662.766515297967,5,5,5,15
10573,43,7,3402.580406250547,4,4,4,12
10574,4,6,3756.557565340274,5,4,5,14
10575,29,7,3853.7273815949593,4,4,5,13
10576,183,4,2682.979156295181,1,2,3,6
10577,36,5,2157.371175906966,4,3,3,10
10578,64,6,3331.509311312926,3,4,4,11
10579,72,2,1505.512823106028,3,1,2,6
10580,216,4,2644.457755008342,1,2,3,6
10581,17,8,4602.663520488491,5,5,5,15
10582,25,5,3888.26909173899,4,3,5,12
10583,35,2,947.7308845147808,4,1,1,6
10584,21,8,4114.2377885931455,4,5,5,14
10585,42,4,1522.8452588328573,4,2,2,8
10586,61,2,1179.308324939126,3,1,1,5
10587,105,3,1722.7088047220977,2,1,2,5
10588,258,4,3110.836145184858,1,2,4,7
10589,82,5,2848.3656117158253,2,3,4,9
10590,50,12,7096.608624372415,3,5,5,13
10591,136,3,799.159668295566,1,1,1,3
10592,22,5,3144.7123502430954,4,3,4,11
10593,19,5,2162.5218523039694,5,3,3,11
10594,108,4,1633.3190815393245,2,2,2,6
10595,1,8,4410.162365802925,5,5,5,15
10596,85,6,3225.519740930549,2,4,4,10
10597,45,4,1409.429139809868,3,2,1,6
10598,45,6,2823.587054238582,3,4,4,11
10599,51,6,3508.507103948818,3,4,4,11
10600,44,6,2153.2823528779977,3,4,3,10
10601,16,8,4914.489215117513,5,5,5,15
10602,219,2,1696.3238941033762,1,1,2,4
10603,37,8,5287.897342104878,4,5,5,14
10604,11,4,1712.541321604945,5,2,2,9
10605,186,6,3613.8264296037705,1,4,5,10
10606,1,8,4470.907594091711,5,5,5,15
10607,110,4,1215.065425786821,2,2,1,5
10608,111,7,4892.994105533094,2,4,5,11
10609,61,4,795.512688743436,3,2,1,6
10610,103,2,1012.3859103314444,2,1,1,4
10611,42,5,1020.7305400351961,4,3,1,8
10612,163,3,1862.8034286389961,1,1,2,4
10613,28,3,1843.1506631884808,4,1,2,7
10614,114,7,3809.606325372155,2,4,5,11
10615,35,6,3230.464646897798,4,4,4,12
10616,24,9,3785.5937312566525,4,5,5,14
10617,73,3,1795.8560264699804,3,1,2,6
10618,24,8,3751.6132795933236,4,5,5,14
10619,184,4,2619.5207008743423,1,2,3,6
10620,159,6,3534.6626419510394,1,4,4,9
10621,7,9,4475.960594027915,5,5,5,15
10622,321,1,188.9292098591687,1,1,1,3
10623,79,6,2557.925148869316,2,4,3,9
10624,25,7,3239.0967738774884,4,4,4,12
10625,159,1,352.51974561972804,1,1,1,3
10626,40,4,1922.7150198317831,4,2,2,8
10627,47,4,2052.3071936333877,3,2,2,7
10628,35,3,2163.2689889217863,4,1,3,8
10629,30,2,831.689301277055,4,1,1,6
10630,57,7,3971.888587051992,3,4,5,12
10631,52,6,2184.7831421947276,3,4,3,10
10632,37,5,3752.3765430281883,4,3,5,12
10633,130,4,2098.179548445806,2,2,3,7
10634,258,4,3389.8707489571907,1,2,4,7
10635,5,7,5537.140524340019,5,4,5,14
10636,32,4,1256.0920412234243,4,2,1,7
10637,257,1,205.70925027334516,1,1,1,3
10638,3,8,4089.150367878927,5,5,5,15
10639,51,6,1789.975435041037,3,4,2,9
10640,175,4,2052.2941096238774,1,2,2,5
10641,109,2,360.0638483923204,2,1,1,4
10642,17,6,2614.36296391944,5,4,3,12
10643,327,3,1063.3059139308582,1,1,1,3
10644,73,6,2809.4411681056495,3,4,4,11
10645,28,3,1371.4855165392378,4,1,1,6
10646,2,12,5928.870435916741,5,5,5,15
10647,248,2,881.985924777892,1,1,1,3
10648,86,5,2751.4694434206654,2,3,4,9
10649,42,5,2628.0136039560007,4,3,3,10
10650,14,4,1525.2788402242065,5,2,2,9
10651,10,7,3657.895105613307,5,4,5,14
10652,7,3,1390.4322502729783,5,1,1,7
10653,23,4,1530.6852298068623,4,2,2,8
10654,45,2,1679.605702487043,3,1,2,6
10655,59,5,2885.917519331383,3,3,4,10
10656,254,2,472.1782821353682,1,1,1,3
10657,94,4,2440.1445889537354,2,2,3,7
10658,200,1,316.71635122457343,1,1,1,3
10659,15,8,3085.5331174578255,5,5,4,14
10660,34,5,2042.3259089728604,4,3,2,9
10661,5,8,4071.462544839487,5,5,5,15
10662,2,8,3629.5987568362075,5,5,5,15
10663,136,5,2938.3932676363593,1,3,4,8
10664,12,7,3036.4781935857222,5,4,4,13
10665,142,2,1561.4094576600664,1,1,2,4
10666,191,5,2324.4818062518275,1,3,3,7
10667,27,7,2903.9446984159335,4,4,4,12
10668,52,5,2237.8892905471994,3,3,3,9
10669,33,4,2733.41987615894,4,2,3,9
10670,261,3,2396.328604632147,1,1,3,5
10671,28,4,2927.963221249099,4,2,4,10
10672,17,9,4410.034781931279,5,5,5,15
10673,91,2,115.65703547893798,2,1,1,4
10674,87,3,2244.370455131985,2,1,3,6
10675,197,4,1660.5139655440516,1,2,2,5
10676,48,7,3144.7848391795455,3,4,4,11
10677,62,6,2568.4145609653046,3,4,3,10
10678,26,8,3376.968935582346,4,5,4,13
10679,60,5,2923.2873172361064,3,3,4,10
10680,58,7,2394.3168684535135,3,4,3,10
10681,51,4,1141.5218921966573,3,2,1,6
10682,75,2,677.3606827650453,3,1,1,5
10683,23,4,2485.2999974232234,4,2,3,9
10684,87,5,2202.7581983474247,2,3,3,8
10685,202,5,2029.7056332713996,1,3,2,6
10686,70,5,3198.711793455888,3,3,4,10
10687,19,5,1924.9556826276303,5,3,2,10
10688,135,8,3165.061723312383,1,5,4,10
10689,37,4,608.068374479362,4,2,1,7
10690,47,10,3356.818349120095,3,5,4,12
10691,37,5,1484.4457899903969,4,3,2,9
10692,153,3,1124.449240672033,1,1,1,3
10693,259,3,1780.6578491156872,1,1,2,4
10694,33,10,4841.13670416859,4,5,5,14
10695,173,3,1022.4853972610343,1,1,1,3
10696,105,3,1205.3206544866132,2,1,1,4
10697,132,1,762.1410860663435,2,1,1,4
10698,40,3,1490.257804752928,4,1,2,7
10699,33,7,3016.79899265052,4,4,4,12
10700,8,5,1439.1812548718926,5,3,2,10
10701,110,3,1703.1241772106837,2,1,2,5
10702,202,4,2592.216816701326,1,2,3,6
10703,124,4,2756.270263418756,2,2,4,8
10704,6,8,3284.9026404353513,5,5,4,14
10705,37,4,995.8507158842673,4,2,1,7
10706,41,2,1183.1520461384061,4,1,1,6
10707,157,3,818.338924381406,1,1,1,3
10708,46,6,3641.6941287135987,3,4,5,12
10709,259,1,635.1814399560208,1,1,1,3
10710,131,5,2596.168796605217,2,3,3,8
10711,60,7,4902.704573471279,3,4,5,12
10712,96,5,3284.6710844757654,2,3,4,9
10713,22,7,3238.9664038275755,4,4,4,12
10714,100,5,1526.7599785515786,2,3,2,7
10715,79,5,2694.909948908713,2,3,3,8
10716,131,5,2443.247658593475,2,3,3,8
10717,61,9,4674.734017386477,3,5,5,13
10718,81,7,3261.3649742593075,2,4,4,10
10719,18,3,963.346165123933,5,1,1,7
10720,76,8,3993.2830990457896,3,5,5,13
10721,20,4,2095.855799143799,4,2,3,9
10722,64,11,5290.788940161498,3,5,5,13
10723,82,8,3934.0481474654543,2,5,5,12
10724,121,7,2170.4162844754833,2,4,3,9
10725,149,5,3783.2579391789423,1,3,5,9
10726,161,4,970.0523997900293,1,2,1,4
10727,180,5,3530.013339537041,1,3,4,8
10728,64,4,2159.8429022862474,3,2,3,8
10729,38,5,3646.0492682556605,4,3,5,12
10731,33,6,2926.305841347479,4,4,4,12
10732,116,2,1628.891732257075,2,1,2,5
10733,77,9,3630.5348732053226,2,5,5,12
10734,68,6,3394.5688853134234,3,4,4,11
10735,73,5,2014.9018596942278,3,3,2,8
10736,7,7,3243.3967585423343,5,4,4,13
10737,406,1,621.1531182826417,1,1,1,3
10738,139,4,2670.6586169730367,1,2,3,6
10739,12,1,407.19833345931363,5,1,1,7
10740,12,5,2640.503086561637,5,3,3,11
10741,49,4,2114.3807914890426,3,2,3,8
10742,189,6,4002.6722479600844,1,4,5,10
10743,2,5,2192.2474415188544,5,3,3,11
10744,29,8,3222.050538537127,4,5,4,13
10745,181,7,4284.557931081397,1,4,5,10
10746,25,5,3579.822309350101,4,3,5,12
10747,8,6,4182.328958737519,5,4,5,14
10748,85,6,2708.4617712279323,2,4,3,9
10749,38,3,2266.766266147505,4,1,3,8
10750,41,5,1735.7852802977866,4,3,2,9
10751,102,5,3168.661448617591,2,3,4,9
10752,77,4,1834.8481439719735,2,2,2,6
10753,106,3,1533.878489026279,2,1,2,5
10754,16,6,2421.9653331304826,5,4,3,12
10755,17,6,1734.0303628855481,5,4,2,11
10756,14,8,3453.7542287730407,5,5,4,14
10757,228,3,1199.2341226428325,1,1,1,3
10758,86,4,1969.0577942751274,2,2,2,6
10759,98,4,1862.3551117531401,2,2,2,6
10760,5,6,3273.0358780127244,5,4,4,13
10761,55,10,5142.535665216048,3,5,5,13
10762,26,8,3904.623528872008,4,5,5,14
10763,41,7,3694.7792908011406,4,4,5,13
10764,133,4,1987.3576057677974,2,2,2,6
10765,162,5,2742.4346535837835,1,3,4,8
10766,42,6,3193.4024409256863,4,4,4,12
10767,116,4,2323.4953568590263,2,2,3,7
10768,4,7,3879.665415472468,5,4,5,14
10769,13,10,6086.917554705966,5,5,5,15
10770,231,5,3279.2420858160917,1,3,4,8
10771,5,6,4266.941373012415,5,4,5,14
10772,22,3,2178.60166803678,4,1,3,8
10773,167,2,1545.4668844077578,1,1,2,4
10774,13,5,3607.9521906245996,5,3,5,13
10775,78,8,5312.874788656887,2,5,5,12
10776,32,4,1411.545319516254,4,2,1,7
10777,78,1,880.7121986871207,2,1,1,4
10778,78,5,1952.7046921728631,2,3,2,7
10779,25,6,2985.12108924899,4,4,4,12
10780,292,3,895.0847440997201,1,1,1,3
10781,142,3,1863.138173276238,1,1,2,4
10782,32,4,1908.9501093357057,4,2,2,8
10783,42,8,4713.8867691761025,4,5,5,14
10784,25,5,2149.1449365155945,4,3,3,10
10785,182,3,1824.9112577189792,1,1,2,4
10786,24,11,6641.873180456822,4,5,5,14
10787,122,3,1481.2030475155702,2,1,2,5
10788,13,9,6195.012156587833,5,5,5,15
10789,107,4,1588.2246135720725,2,2,2,6
10790,13,8,3244.6892045233444,5,5,4,14
10791,89,3,1685.9856493754078,2,1,2,5
10792,98,6,2728.54958742494,2,4,3,9
10793,112,7,4382.548471248636,2,4,5,11
10794,9,5,2660.460342329582,5,3,3,11
10795,30,5,1551.4814179186988,4,3,2,9
10796,213,2,740.7530514004118,1,1,1,3
10797,15,3,1071.1623574600096,5,1,1,7
10798,26,9,3881.867490154516,4,5,5,14
10799,78,5,2478.0178717818167,2,3,3,8
10800,28,4,2865.342279989382,4,2,4,10
10801,303,2,1666.512482253719,1,1,2,4
10802,78,3,2170.322182983882,2,1,3,6
10803,84,5,2617.837935002579,2,3,3,8
10804,288,4,803.8126423121155,1,2,1,4
10805,39,8,2636.291350118283,4,5,3,12
10806,17,8,4248.214208457844,5,5,5,15
10807,368,1,119.80887809857771,1,1,1,3
10808,8,6,3348.0352850438508,5,4,4,13
10809,36,6,3460.5778942508823,4,4,4,12
10810,12,5,2486.0419796986585,5,3,3,11
10811,11,7,3250.1957550867473,5,4,4,13
10812,284,3,2377.954906471127,1,1,3,5
10813,137,3,1559.0394428079176,1,1,2,4
10814,188,6,2617.0880752341372,1,4,3,8
10815,56,8,3390.537701471826,3,5,4,12
10816,8,12,5353.734866537921,5,5,5,15
10817,37,5,2053.161986136353,4,3,2,9
10818,5,3,2068.466209207181,5,1,2,8
10819,92,5,2624.981704268107,2,3,3,8
10820,138,4,2243.8575455791456,1,2,3,6
10821,108,5,2472.2747951601073,2,3,3,8
10822,99,4,1037.7365764362366,2,2,1,5
10823,39,6,3458.8604358724256,4,4,4,12
10824,117,5,2300.1543324037752,2,3,3,8
10825,36,6,2212.1340302993317,4,4,3,11
10826,5,7,4713.657920253071,5,4,5,14
10827,282,1,975.1364587628249,1,1,1,3
10828,88,7,2976.6333408811824,2,4,4,10
10829,316,1,478.2716432994873,1,1,1,3
10830,25,3,1588.0131955782344,4,1,2,7
10831,96,7,3119.0445433944087,2,4,4,10
10832,110,2,598.7205894370909,2,1,1,4
10833,1,5,2892.150056676708,5,3,4,12
10834,99,5,2923.876446461038,2,3,4,9
10835,106,7,3883.7448933107853,2,4,5,11
10836,125,5,2858.1920955179917,2,3,4,9
10837,38,2,844.9431104844818,4,1,1,6
10838,92,8,2656.340829324598,2,5,3,10
10839,92,6,2996.9762789340457,2,4,4,10
10840,62,3,1809.5403211937846,3,1,2,6
10841,49,4,1919.6271804569033,3,2,2,7
10842,46,7,3382.3310175715396,3,4,4,11
10843,120,2,967.3283183572983,2,1,1,4
10844,16,3,711.7588246880933,5,1,1,7
10845,8,6,2161.515957955234,5,4,3,12
10846,64,6,2576.8529659927704,3,4,3,10
10847,146,3,1323.5557810802325,1,1,1,3
10848,17,7,3218.6170935588407,5,4,4,13
10849,225,4,2113.0737565401682,1,2,3,6
10850,94,3,1997.221215208507,2,1,2,5
10851,103,3,606.6501126139257,2,1,1,4
10852,4,5,3153.523858552886,5,3,4,12
10853,90,3,1992.5216996406823,2,1,2,5
10854,99,1,271.9069738485993,2,1,1,4
10855,8,8,3021.4960681745542,5,5,4,14
10856,96,5,3283.8786301975456,2,3,4,9
10857,297,1,881.2829153953414,1,1,1,3
10858,45,9,4429.588849912232,3,5,5,13
10859,1,5,2525.428152363362,5,3,3,11
10860,7,5,2994.4947146280574,5,3,4,12
10861,115,6,4572.261593794072,2,4,5,11
10862,31,5,2938.671739864177,4,3,4,11
10863,79,5,1669.6202484233195,2,3,2,7
10864,121,3,1035.347967676012,2,1,1,4
10865,126,6,2485.377366076439,2,4,3,9
10866,18,4,3227.0320692768773,5,2,4,11
10867,234,1,879.6469501568595,1,1,1,3
10868,30,7,3900.890134009136,4,4,5,13
10869,67,3,1073.095951759139,3,1,1,5
10870,67,9,4402.140457865276,3,5,5,13
10871,37,7,3648.352826374623,4,4,5,13
10872,120,3,864.1292103486575,2,1,1,4
10873,79,3,1337.9547782210375,2,1,1,4
10874,204,2,818.7705188610985,1,1,1,3
10875,258,3,1934.023859510038,1,1,2,4
10876,246,4,1065.4352086946465,1,2,1,4
10877,119,5,1784.5453033961235,2,3,2,7
10878,15,11,3785.8756144855824,5,5,5,15
10879,93,5,1624.624968517922,2,3,2,7
10880,74,5,2423.5776831854046,3,3,3,9
10881,223,2,1064.7041067031041,1,1,1,3
10882,123,6,2288.2109458488753,2,4,3,9
10883,34,9,4269.924441698279,4,5,5,14
10884,50,7,2547.930429330725,3,4,3,10
10885,34,1,329.37438096754596,4,1,1,6
10886,149,6,3244.3053433191303,1,4,4,9
10887,24,6,2557.701145599297,4,4,3,11
10888,70,4,2744.2959579977974,3,2,4,9
10889,115,6,2374.3727528012287,2,4,3,9
10890,41,6,2770.4094049625214,4,4,4,12
10891,68,2,868.9263694333348,3,1,1,5
10892,27,4,702.3653126588579,4,2,1,7
10893,8,8,2532.2144531238737,5,5,3,13
10894,53,2,1225.378719007387,3,1,1,5
10895,72,3,1041.845782923055,3,1,1,5
10896,74,6,3203.8690742540293,3,4,4,11
10897,60,2,1107.8614840824105,3,1,1,5
10898,87,6,2198.0353638461097,2,4,3,9
10899,46,1,209.5343373853685,3,1,1,5
10900,52,5,2870.5493493849217,3,3,4,10
10901,56,4,1841.7587287045053,3,2,2,7
10902,34,8,4589.854377236657,4,5,5,14
10903,268,2,450.5411427025964,1,1,1,3
10904,4,3,1047.3253918849198,5,1,1,7
10905,40,5,3228.65467031293,4,3,4,11
10906,16,5,2997.1676286293864,5,3,4,12
10907,16,5,4228.914138324134,5,3,5,13
10908,28,3,1751.9837837744428,4,1,2,7
10909,36,4,1904.9183712549861,4,2,2,8
10910,93,7,3880.8333993652977,2,4,5,11
10911,27,8,3947.252639925213,4,5,5,14
10912,263,1,167.15704658329085,1,1,1,3
10913,37,7,2941.4895256467835,4,4,4,12
10914,47,7,4307.883030615363,3,4,5,12
10915,142,1,249.43643097042974,1,1,1,3
10916,165,4,1621.4582703795274,1,2,2,5
10917,80,7,3906.11638231666,2,4,5,11
10918,74,5,1591.4671350797148,3,3,2,8
10919,123,7,3025.684828695045,2,4,4,10
10920,85,7,3325.6589636271456,2,4,4,10
10921,87,6,3278.705560332276,2,4,4,10
10922,130,4,3041.323219509989,2,2,4,8
10923,11,7,2301.1818678390086,5,4,3,12
10924,36,7,3281.2848880682186,4,4,4,12
10925,29,5,3483.3101138414904,4,3,4,11
10926,214,4,2761.188242787138,1,2,4,7
10927,51,3,1614.0541273496235,3,1,2,6
10928,86,4,2055.3858837746493,2,2,2,6
10929,34,2,321.27001823886076,4,1,1,6
10930,56,7,4020.7401298836485,3,4,5,12
10931,102,6,3848.1148860099174,2,4,5,11
10932,34,4,2141.794329123552,4,2,3,9
10933,216,3,658.8176993297357,1,1,1,3
10934,157,4,1039.5995147128103,1,2,1,4
10935,14,3,1347.911369423617,5,1,1,7
10936,86,4,2924.794962610897,2,2,4,8
10937,182,1,748.7804463676962,1,1,1,3
10938,8,8,4043.855496371275,5,5,5,15
10939,9,6,2666.975935184346,5,4,3,12
10940,42,4,2041.7548488465172,4,2,2,8
10941,124,2,432.2183972652417,2,1,1,4
10942,44,10,6211.45061979077,3,5,5,13
10943,15,6,4312.486475451188,5,4,5,14
10944,98,3,2054.4961633256894,2,1,2,5
10945,144,10,4944.143250368443,1,5,5,11
10946,106,3,1368.1632893508877,2,1,1,4
10947,91,7,2563.3108318075647,2,4,3,9
10948,52,11,4659.332992378643,3,5,5,13
10949,11,8,3924.322192435717,5,5,5,15
10950,33,7,3932.479619946457,4,4,5,13
10951,81,4,1365.212998081255,2,2,1,5
10952,6,6,4142.584462736048,5,4,5,14
10953,274,4,1269.729318706874,1,2,1,4
10954,85,4,1793.221073887662,2,2,2,6
10955,11,9,3594.699967586172,5,5,5,15
10956,59,5,2275.002827237953,3,3,3,9
10957,7,9,4836.865126265622,5,5,5,15
10958,22,6,2914.8547448625736,4,4,4,12
10959,80,5,2157.3480488200003,2,3,3,8
10960,120,7,3290.764487112385,2,4,4,10
10961,26,3,1595.2118733721036,4,1,2,7
10962,21,3,2611.2965308092134,4,1,3,8
10963,211,1,640.53090282152,1,1,1,3
10964,226,4,1903.193560785629,1,2,2,5
10965,82,4,2063.752103362054,2,2,2,6
10966,51,5,2018.84216948851,3,3,2,8
10967,41,6,4429.225999646166,4,4,5,13
10968,71,2,1003.6534384918731,3,1,1,5
10969,25,9,4129.688119259338,4,5,5,14
10970,65,6,3369.617813585039,3,4,4,11
10971,41,3,1230.7722450072524,4,1,1,6
10972,196,2,991.4121156789339,1,1,1,3
10973,35,6,2616.5363805727275,4,4,3,11
10974,23,7,3625.643113196479,4,4,5,13
10975,2,10,3937.226091756098,5,5,5,15
10976,70,7,3060.888183003179,3,4,4,11
10977,9,5,3384.873700401595,5,3,4,12
10978,165,7,4334.39223764504,1,4,5,10
10979,2,3,1365.6454581329172,5,1,1,7
10980,15,3,1553.3667244397707,5,1,2,8
10981,16,3,1421.5307825042405,5,1,2,8
10982,128,5,2397.093305954159,2,3,3,8
10983,107,4,1621.5184262424016,2,2,2,6
10984,69,4,1609.5368387307979,3,2,2,7
10985,32,9,5100.111674117586,4,5,5,14
10986,9,2,1192.3185356961649,5,1,1,7
10987,132,5,3268.1665609370184,2,3,4,9
10988,37,11,5908.673163084061,4,5,5,14
10989,4,6,3046.7740662445967,5,4,4,13
10990,43,7,3833.3856134220446,4,4,5,13
10991,81,7,3755.07461289425,2,4,5,11
10992,4,5,4204.41030178501,5,3,5,13
10993,11,7,4159.6333170884445,5,4,5,14
10994,241,3,1239.3193525930985,1,1,1,3
10995,42,3,1356.1031980946386,4,1,1,6
10996,148,7,2439.797067178673,1,4,3,8
10997,51,3,1288.1628711165629,3,1,1,5
10998,86,6,1826.850707596059,2,4,2,8
10999,175,4,1904.9259916030833,1,2,2,5
11000,222,4,1322.6226340776395,1,2,1,4
11001,18,2,1244.6444836845696,5,1,1,7
11002,37,2,1285.3091443384292,4,1,1,6
11003,109,8,4342.101663848787,2,5,5,12
11004,190,4,1494.8212124719716,1,2,2,5
11005,18,5,2331.7563108579784,5,3,3,11
11006,35,3,1498.2686258779177,4,1,2,7
11007,1,6,3034.164218256614,5,4,4,13
11008,20,5,1548.8604086479565,4,3,2,9
11009,199,5,2824.7005636903664,1,3,4,8
11010,14,7,3825.754370338561,5,4,5,14
11011,7,2,1081.3259438976397,5,1,1,7
11012,123,4,3118.6072031866106,2,2,4,8
11013,58,5,2669.6978216488405,3,3,3,9
11014,60,6,3225.405349688631,3,4,4,11
11015,73,9,3390.0345902310614,3,5,4,12
11016,43,8,3906.4467421521585,4,5,5,14
11017,135,7,2730.3425173378705,1,4,3,8
11018,49,8,2908.482393445512,3,5,4,12
11019,42,4,1873.7298071132288,4,2,2,8
11020,44,7,3833.6509711106264,3,4,5,12
11021,91,4,2043.0115364975013,2,2,2,6
11022,221,2,1458.7422467891265,1,1,2,4
11023,31,4,2155.892661467219,4,2,3,9
11024,95,5,3197.24847497155,2,3,4,9
11025,183,5,588.5405927050448,1,3,1,5
11026,17,8,5063.945963515505,5,5,5,15
11027,84,4,1414.7782307310174,2,2,1,5
11028,314,1,837.4059980010603,1,1,1,3
11029,64,8,3092.7919165865806,3,5,4,12
11030,154,6,3527.113166682594,1,4,4,9
11031,61,5,3367.824775130899,3,3,4,10
11032,61,4,578.5514051813457,3,2,1,6
11033,11,6,3011.0321263899855,5,4,4,13
11034,202,3,1948.164812600005,1,1,2,4
11035,2,1,290.8804303736197,5,1,1,7
11036,30,2,876.0516429049746,4,1,1,6
11037,77,4,1931.3087843054604,2,2,2,6
11038,107,9,4122.1110934737835,2,5,5,12
11039,52,3,2068.5918886164413,3,1,2,6
11040,12,3,1845.2420926093737,5,1,2,8
11041,40,5,3189.8272188684127,4,3,4,11
11042,36,6,3607.0529360033665,4,4,5,13
11043,10,7,2420.1592872759916,5,4,3,12
11044,69,2,1117.5544984637077,3,1,1,5
11045,10,4,2859.0711404416247,5,2,4,11
11046,177,3,2040.5920124452423,1,1,2,4
11047,24,5,1842.8964537813285,4,3,2,9
11048,6,5,1884.8414384543728,5,3,2,10
11049,126,3,1560.4926428612948,2,1,2,5
11050,210,5,2417.04617419185,1,3,3,7
11051,25,9,5375.892838043885,4,5,5,14
11052,130,5,2500.802118980587,2,3,3,8
11053,9,2,1796.006320524946,5,1,2,8
11055,8,6,3184.5357412737135,5,4,4,13
11056,82,6,2542.0463849352295,2,4,3,9
11057,182,3,984.5085286665859,1,1,1,3
11058,30,5,2666.6977287509067,4,3,3,10
11059,145,8,3720.233477487526,1,5,5,11
11060,176,6,3010.033120575892,1,4,4,9
11061,34,3,1538.6485150739218,4,1,2,7
11062,1,3,1070.2745300827432,5,1,1,7
11063,170,4,1843.7993278570445,1,2,2,5
11064,125,6,4672.453243932389,2,4,5,11
11065,115,5,1263.6758930977421,2,3,1,6
11066,23,3,1770.3899859535359,4,1,2,7
11067,78,7,2907.5215230003823,2,4,4,10
11068,59,10,5936.750735689852,3,5,5,13
11069,48,3,1951.3320062832763,3,1,2,6
11070,82,6,4303.610469266139,2,4,5,11
11071,85,7,4685.543983480775,2,4,5,11
11072,194,3,1644.5560230350868,1,1,2,4
11073,25,4,3231.422217879307,4,2,4,10
11074,6,5,2843.3398630086976,5,3,4,12
11075,19,9,4399.104645923025,5,5,5,15
11076,24,10,5904.663231001877,4,5,5,14
11077,15,8,3465.235736359482,5,5,4,14
11078,44,5,2208.677759666015,3,3,3,9
11079,279,1,771.2738410545405,1,1,1,3
11080,91,4,2741.638642715722,2,2,4,8
11081,32,7,3403.6505407690793,4,4,4,12
11082,20,8,4698.059131155578,4,5,5,14
11083,20,4,1650.0589881161964,4,2,2,8
11084,220,5,2428.2479827547186,1,3,3,7
11085,30,3,1238.5435109140458,4,1,1,6
11086,24,7,4016.2554238106673,4,4,5,13
11087,79,4,1256.9338013934785,2,2,1,5
11088,25,3,2303.960627943481,4,1,3,8
11089,49,5,1029.0907259061971,3,3,1,7
11090,30,7,4355.004510509394,4,4,5,13
11091,77,2,334.30201850369946,2,1,1,4
11092,190,4,1232.330927408318,1,2,1,4
11093,7,2,1057.9403732191804,5,1,1,7
11094,17,8,3881.681354392549,5,5,5,15
11095,38,3,740.1714891328336,4,1,1,6
11096,17,3,1592.4347613560974,5,1,2,8
11097,76,8,4354.013259157003,3,5,5,13
11098,189,2,502.38993020131534,1,1,1,3
11099,16,8,4583.961034182565,5,5,5,15
11100,39,2,919.2543304894558,4,1,1,6
11101,86,5,1851.0121503384773,2,3,2,7
11102,253,3,2633.475605602644,1,1,3,5
11103,14,4,2570.324833171276,5,2,3,10
11104,60,4,1335.185435731408,3,2,1,6
11105,6,10,5101.97256329136,5,5,5,15
11106,20,7,5007.346260252543,4,4,5,13
11107,11,6,3524.2697181756503,5,4,4,13
11108,23,5,3018.422237784488,4,3,4,11
11109,38,5,2705.2712065284177,4,3,3,10
11110,12,5,1806.838696407809,5,3,2,10
11111,142,5,2480.7403379150846,1,3,3,7
11112,49,6,3715.64580201903,3,4,5,12
11113,174,2,1199.8356245857005,1,1,1,3
11114,152,2,1178.117765828371,1,1,1,3
11115,63,1,12.511129219631105,3,1,1,5
11116,212,3,1908.6856623064587,1,1,2,4
11117,142,7,3869.774102186673,1,4,5,10
11118,56,6,1621.3839061938502,3,4,2,9
11119,72,3,1664.3436380264814,3,1,2,6
11120,65,6,3322.8318950081734,3,4,4,11
11121,131,6,3689.825737587119,2,4,5,11
11122,125,2,229.01604898022845,2,1,1,4
11123,20,6,3235.435140625239,4,4,4,12
11124,21,6,2322.2809971877973,4,4,3,11
11125,131,5,2430.2964074340593,2,3,3,8
11126,48,8,4351.292221657951,3,5,5,13
11127,148,4,1845.5565634014654,1,2,2,5
11128,154,5,3228.0119485517425,1,3,4,8
11129,18,6,4650.670916597719,5,4,5,14
11130,14,8,4243.894710738794,5,5,5,15
11131,78,3,2124.7206133898535,2,1,3,6
11132,413,2,1227.657342910306,1,1,1,3
11133,72,6,3496.336715373098,3,4,4,11
11134,61,6,1497.9196007057074,3,4,2,9
11135,169,3,1011.7574519416177,1,1,1,3
11136,18,4,1935.564461597958,5,2,2,9
11137,120,7,2884.163671369012,2,4,4,10
11138,14,4,1553.7593833308204,5,2,2,9
11139,37,5,2362.0965136860577,4,3,3,10
11140,38,3,1828.1859009793639,4,1,2,7
11141,214,4,2363.774340147855,1,2,3,6
11142,87,8,3761.946307184005,2,5,5,12
11143,2,5,2679.5785622367653,5,3,3,11
11144,19,7,3544.555864143069,5,4,4,13
11145,56,7,3270.7363713436594,3,4,4,11
11146,48,4,2547.1913270393893,3,2,3,8
11147,56,5,3031.9707965162347,3,3,4,10
11148,151,4,1562.0302078776058,1,2,2,5
11149,55,4,2356.6491629242823,3,2,3,8
11150,219,4,1882.3516260605543,1,2,2,5
11151,62,4,2033.050102424031,3,2,2,7
11152,250,3,2029.9149623918527,1,1,2,4
11153,101,4,1425.2796278367823,2,2,2,6
11154,80,4,2219.975789738516,2,2,3,7
11155,26,4,1925.1632880530046,4,2,2,8
11156,4,5,1891.2759902513244,5,3,2,10
11157,85,5,2778.3297843442715,2,3,4,9
11158,134,2,911.5354926862135,1,1,1,3
11159,290,2,721.2009460502151,1,1,1,3
11160,21,4,2255.7721641331377,4,2,3,9
11161,49,4,2508.391618369119,3,2,3,8
11162,49,7,3742.8476012042947,3,4,5,12
11163,91,2,1530.303421600181,2,1,2,5
11164,224,2,1269.3286702890337,1,1,1,3
11165,44,6,2655.6909307783712,3,4,3,10
11166,242,2,1550.291824916555,1,1,2,4
11167,111,3,994.6861802465229,2,1,1,4
11168,75,5,2987.396821141007,3,3,4,10
11169,30,4,2626.3909533321435,4,2,3,9
11170,39,7,3358.7943167065646,4,4,4,12
11171,272,1,48.55605768311246,1,1,1,3
11172,88,4,2182.4517668939347,2,2,3,7
11173,34,5,2693.1123123075613,4,3,3,10
11174,53,4,1517.8270792986286,3,2,2,7
11175,140,5,2716.7981865068455,1,3,3,7
11176,63,1,492.91513293698,3,1,1,5
11177,5,7,2726.8183945885444,5,4,3,12
11178,7,7,3121.357593669608,5,4,4,13
11179,7,5,2499.885633459645,5,3,3,11
11180,94,4,1685.2710381134916,2,2,2,6
11181,95,4,1785.8021196533778,2,2,2,6
11182,9,6,3767.38800583965,5,4,5,14
11183,315,1,184.297585438919,1,1,1,3
11184,180,3,1994.2898273079038,1,1,2,4
11185,35,10,5531.08014703682,4,5,5,14
11186,5,7,3396.6473374180346,5,4,4,13
11187,5,10,5769.417144811501,5,5,5,15
11188,306,2,1028.3279121188941,1,1,1,3
11189,39,3,1221.9204026953307,4,1,1,6
11190,60,6,3681.3890994688104,3,4,5,12
11191,152,3,2001.5687015602766,1,1,2,4
11192,43,7,3240.703278151827,4,4,4,12
11193,67,7,3169.7324447421906,3,4,4,11
11194,57,4,2104.9172439367667,3,2,3,8
11195,62,4,1589.9452456688696,3,2,2,7
11196,37,6,3333.571571766597,4,4,4,12
11197,78,6,2522.454945771937,2,4,3,9
11198,67,4,2039.6459122580334,3,2,2,7
11199,27,8,3786.8340938590027,4,5,5,14
11200,182,2,539.3862352873846,1,1,1,3
11201,86,3,1783.1761785419194,2,1,2,5
11202,90,5,3053.9514832794857,2,3,4,9
11203,89,3,1852.2504948227702,2,1,2,5
11204,1,11,6447.259613938648,5,5,5,15
11205,51,4,2132.598683128452,3,2,3,8
11206,159,7,3195.073784725319,1,4,4,9
11207,41,3,1886.054581565907,4,1,2,7
11208,89,6,3172.1006964638227,2,4,4,10
11209,116,5,1956.1890318051385,2,3,2,7
11210,149,5,1915.8473569555651,1,3,2,6
11211,86,9,5846.122710644499,2,5,5,12
11212,13,3,1266.48386233771,5,1,1,7
11213,216,5,1959.3998229605322,1,3,2,6
11214,12,5,3274.846799181555,5,3,4,12
11215,160,5,2699.0521365731806,1,3,3,7
11216,65,2,984.3912356525648,3,1,1,5
11217,56,8,3639.6163497600664,3,5,5,13
11218,39,4,1882.9093458788966,4,2,2,8
11219,17,7,3375.775185910865,5,4,4,13
11220,198,1,629.6348912299843,1,1,1,3
11221,154,4,2100.6607479985323,1,2,3,6
11222,44,3,885.2836587965218,3,1,1,5
11223,12,6,3302.9441137844606,5,4,4,13
11224,219,8,4249.8604688806145,1,5,5,11
11225,1,5,1866.276618609277,5,3,2,10
11226,51,8,4786.7695264273825,3,5,5,13
11227,16,5,1733.4193800314265,5,3,2,10
11228,105,2,803.4493607455083,2,1,1,4
11229,41,3,1149.9949804362238,4,1,1,6
11230,68,3,1911.7952799446023,3,1,2,6
11231,3,6,2561.006128730356,5,4,3,12
11232,54,6,4009.515153648913,3,4,5,12
11233,164,5,2504.4205484769145,1,3,3,7
11234,78,5,1142.5094969810632,2,3,1,6
11235,166,5,1007.217728105648,1,3,1,5
11236,184,8,4133.639445361797,1,5,5,11
11237,43,4,2572.3050014499504,4,2,3,9
11238,68,5,3256.929338972687,3,3,4,10
11239,32,11,5260.785728077381,4,5,5,14
11240,93,4,1414.1458530043778,2,2,1,5
11241,249,3,1230.5458703661595,1,1,1,3
11242,102,6,2031.9352098564698,2,4,2,8
11243,245,6,2854.9709718672484,1,4,4,9
11244,124,2,317.74969109041785,2,1,1,4
11245,4,8,3793.962693486129,5,5,5,15
11246,122,4,2056.9776843646428,2,2,2,6
11247,291,2,1194.7347488706523,1,1,1,3
11248,31,1,414.43137960132304,4,1,1,6
11249,21,10,4485.488446082129,4,5,5,14
11250,18,9,4076.0522253130202,5,5,5,15
11251,14,7,4611.751118130164,5,4,5,14
11252,48,6,3424.3609745406457,3,4,4,11
11253,3,5,2214.5352739800474,5,3,3,11
11254,120,1,411.7035598575429,2,1,1,4
11255,82,5,2500.482264345741,2,3,3,8
11256,146,4,1357.762355932431,1,2,1,4
11257,92,7,4475.415290573765,2,4,5,11
11258,69,3,1528.7557377399617,3,1,2,6
11259,319,6,4242.532884956275,1,4,5,10
11260,67,7,3744.2672153379617,3,4,5,12
11261,48,6,3305.7340880554093,3,4,4,11
11262,8,5,2638.3537559725896,5,3,3,11
11263,59,5,3399.007391174078,3,3,4,10
11264,19,5,2276.585460162871,5,3,3,11
11265,20,6,3992.119153801844,4,4,5,13
11266,108,4,2383.654315502851,2,2,3,7
11267,149,4,2326.554243907383,1,2,3,6
11268,157,3,1751.2547969923487,1,1,2,4
11269,59,9,4845.741390028931,3,5,5,13
11270,57,7,3133.8086974025614,3,4,4,11
11271,117,2,745.5539038446212,2,1,1,4
11272,32,4,1604.0812817020828,4,2,2,8
11273,250,3,1227.2309705693222,1,1,1,3
11274,50,3,2086.19633491089,3,1,3,7
11275,65,8,4304.857666630662,3,5,5,13
11276,25,3,1994.8914612671692,4,1,2,7
11277,123,3,2022.8097781280376,2,1,2,5
11278,233,6,2467.7375405080043,1,4,3,8
11279,314,2,1083.2356718148453,1,1,1,3
11280,74,5,3154.7322402432173,3,3,4,10
11281,19,6,2973.484585731242,5,4,4,13
11282,25,3,1613.4266509977767,4,1,2,7
11283,105,1,86.95582391841424,2,1,1,4
11284,32,6,2465.848308961933,4,4,3,11
11285,54,5,2423.1485171983322,3,3,3,9
11286,193,4,1281.4450920253435,1,2,1,4
11287,23,7,4308.965925940442,4,4,5,13
11288,1,8,5058.039852949164,5,5,5,15
11289,269,1,739.0679961012272,1,1,1,3
11290,172,6,3437.215890377879,1,4,4,9
11291,38,5,2170.405356182769,4,3,3,10
11292,81,4,1901.715252107432,2,2,2,6
11293,100,4,1881.508024303154,2,2,2,6
11294,61,6,2380.692590159581,3,4,3,10
11295,2,7,2889.5781693556337,5,4,4,13
11296,98,2,1019.507942725395,2,1,1,4
11297,164,6,2352.8627769638374,1,4,3,8
11298,123,2,940.4496241840903,2,1,1,4
11299,35,3,1704.8750737067198,4,1,2,7
11300,51,6,3860.530826254234,3,4,5,12
11301,49,7,1400.1998845190355,3,4,1,8
11302,86,5,2260.5644950379706,2,3,3,8
11303,216,4,1732.7717454364447,1,2,2,5
11304,85,1,900.2505588260481,2,1,1,4
11305,19,5,3007.618090363198,5,3,4,12
11306,7,4,1640.4423231042542,5,2,2,9
11307,23,6,2851.2404318965855,4,4,4,12
11308,61,8,3788.337493537698,3,5,5,13
11309,19,12,5182.0782577543905,5,5,5,15
11310,31,3,2296.8821273727353,4,1,3,8
11311,58,6,3052.6110001890643,3,4,4,11
11312,258,4,2862.8144266041563,1,2,4,7
11313,61,8,2952.9109095603335,3,5,4,12
11314,62,3,1520.0506814377504,3,1,2,6
11315,251,2,854.5781117018358,1,1,1,3
11316,125,7,4420.9437701866245,2,4,5,11
11317,4,8,3112.0502553697825,5,5,4,14
11318,134,5,1531.2939874630806,1,3,2,6
11319,127,4,2273.845393760235,2,2,3,7
11320,224,1,151.23963019575496,1,1,1,3
11321,12,4,2098.4650495264755,5,2,3,10
11322,68,6,3245.262056592017,3,4,4,11
11323,6,2,378.889168345179,5,1,1,7
11324,349,3,1092.1742555683516,1,1,1,3
11325,55,7,3036.8117684580025,3,4,4,11
11326,18,4,3140.194641045363,5,2,4,11
11327,68,6,4691.78990877513,3,4,5,12
11328,145,5,2620.5404253710726,1,3,3,7
11329,132,4,2170.801830388166,2,2,3,7
11330,49,5,1262.302213678543,3,3,1,7
11331,189,1,261.6145858289732,1,1,1,3
11332,48,6,3431.25637370096,3,4,4,11
11333,7,5,1543.8759957168118,5,3,2,10
11334,8,5,1815.20291745569,5,3,2,10
11335,85,6,3582.804116889589,2,4,5,11
11336,249,4,2696.2564452499546,1,2,3,6
11337,26,2,951.1294800088356,4,1,1,6
11338,125,4,2806.1160049956834,2,2,4,8
11339,15,6,1635.6395619162333,5,4,2,11
11340,143,2,1090.3966889774993,1,1,1,3
11341,23,6,2347.7340701354015,4,4,3,11
11342,11,6,2818.6180123043227,5,4,4,13
11343,12,7,3240.041830347158,5,4,4,13
11344,41,4,1943.03623332604,4,2,2,8
11345,305,5,2501.6266634581843,1,3,3,7
11346,39,6,2876.9565972331848,4,4,4,12
11347,251,2,1460.8315064254753,1,1,2,4
11348,313,2,589.306218157818,1,1,1,3
11349,42,4,2432.154935635556,4,2,3,9
11350,114,3,2321.0862837379877,2,1,3,6
11351,29,8,3788.7180731785625,4,5,5,14
11352,80,5,3376.2621725733457,2,3,4,9
11353,16,5,2660.1515089643685,5,3,3,11
11354,62,8,2826.4179586258756,3,5,4,12
11355,38,8,4784.227698076787,4,5,5,14
11356,121,3,1025.9926001149042,2,1,1,4
11357,9,7,3776.184447490638,5,4,5,14
11358,46,7,3017.8648994054483,3,4,4,11
11359,74,5,2273.209477017638,3,3,3,9
11360,156,6,1766.0001332858888,1,4,2,7
11361,34,9,3219.61260398637,4,5,4,13
11362,17,8,3838.5675034059977,5,5,5,15
11363,24,2,943.5768532999784,4,1,1,6
11364,11,7,3287.4625208449943,5,4,4,13
11365,43,6,3774.9840143305123,4,4,5,13
11366,37,9,3779.444191360459,4,5,5,14
11367,8,6,3037.065289449454,5,4,4,13
11368,287,4,670.9255421443934,1,2,1,4
11369,36,5,3383.690554011558,4,3,4,11
11370,67,6,3988.495352969562,3,4,5,12
11371,228,4,2013.0900726378088,1,2,2,5
11372,132,8,3010.3564958366796,2,5,4,11
11373,40,2,736.8941130361294,4,1,1,6
11374,40,3,1968.9603661106257,4,1,2,7
11375,6,4,905.9638896861836,5,2,1,8
11376,72,6,3592.7782442535117,3,4,5,12
11377,146,7,2224.4244616412075,1,4,3,8
11378,55,4,2023.1106616214543,3,2,2,7
11379,11,10,4472.472343998445,5,5,5,15
11380,177,4,1878.2958056297566,1,2,2,5
11381,106,3,2219.90331640586,2,1,3,6
11382,27,8,2080.5581221793977,4,5,2,11
11383,13,7,3787.9969747482137,5,4,5,14
11384,144,7,2369.431929702064,1,4,3,8
11385,65,5,3030.147588101893,3,3,4,10
11386,178,3,753.9168653309274,1,1,1,3
11387,10,6,2443.927732818561,5,4,3,12
11388,132,9,5578.067430209352,2,5,5,12
11389,224,7,4199.196296298171,1,4,5,10
11390,41,7,3491.6060615637293,4,4,4,12
11391,41,3,1176.246465134845,4,1,1,6
11392,34,5,1804.123376773748,4,3,2,9
11393,16,6,3928.0621361484,5,4,5,14
11394,31,5,1110.143579639229,4,3,1,8
11395,58,8,4399.154458426893,3,5,5,13
11396,18,4,2685.1789677930033,5,2,3,10
11397,32,4,3312.45648052884,4,2,4,10
11398,46,1,548.7252877128386,3,1,1,5
11399,116,3,861.9807969934941,2,1,1,4
11400,10,5,1322.8568681600996,5,3,1,9
11401,146,3,1163.79482575068,1,1,1,3
11402,40,8,3930.691711105371,4,5,5,14
11403,362,1,516.3880094244454,1,1,1,3
11404,9,11,4336.054035672794,5,5,5,15
11405,31,5,1129.147417249415,4,3,1,8
11406,36,10,4625.194044384653,4,5,5,14
11407,94,4,2261.926731961941,2,2,3,7
11408,77,5,3194.667898335352,2,3,4,9
11409,27,7,3660.2716648174573,4,4,5,13
11410,48,8,4184.519359035083,3,5,5,13
11411,1,5,3493.382255665847,5,3,4,12
11412,121,3,1036.1108097692697,2,1,1,4
11413,105,4,1060.2774789211433,2,2,1,5
11414,90,2,1273.3540304813125,2,1,1,4
11415,294,3,1019.3748277091627,1,1,1,3
11416,37,5,2678.8028410962393,4,3,3,10
11417,55,7,4559.405166439348,3,4,5,12
11418,24,9,5130.47873274451,4,5,5,14
11419,98,5,2590.2190434775252,2,3,3,8
11420,45,6,3112.3612387450817,3,4,4,11
11421,59,4,2107.887772424595,3,2,3,8
11422,52,6,2862.4647615775,3,4,4,11
11423,233,3,981.8132098095125,1,1,1,3
11424,6,3,1899.383472219169,5,1,2,8
11425,12,2,1567.1208173127106,5,1,2,8
11426,9,7,3051.793473543215,5,4,4,13
11427,9,5,1526.725436566997,5,3,2,10
11428,35,5,2330.351903149433,4,3,3,10
11429,91,6,3320.1513586349065,2,4,4,10
11430,3,6,3104.426877040641,5,4,4,13
11431,111,2,1287.8587700428461,2,1,1,4
11432,80,4,2329.267734592747,2,2,3,7
11433,11,5,1375.5157778621256,5,3,1,9
11434,41,1,341.3398588538623,4,1,1,6
11435,98,4,1819.9602076344827,2,2,2,6
11436,169,1,341.29869843012244,1,1,1,3
11437,61,7,3204.911564154854,3,4,4,11
11438,84,4,1721.0379323980874,2,2,2,6
11439,42,6,3007.326146209388,4,4,4,12
11440,2,4,1652.0599198024668,5,2,2,9
11441,21,9,5696.393955071137,4,5,5,14
11442,345,1,873.5183353490653,1,1,1,3
11443,145,4,1585.5617948782174,1,2,2,5
11444,84,2,688.5564058109849,2,1,1,4
11445,96,3,769.0979680568616,2,1,1,4
11446,80,4,2211.374172287377,2,2,3,7
11447,38,9,4626.182079570403,4,5,5,14
11448,35,7,3882.545639297604,4,4,5,13
11449,197,2,937.4810307403407,1,1,1,3
11450,26,5,2706.604236745246,4,3,3,10
11451,106,5,3367.590376655143,2,3,4,9
11452,104,4,1110.8297769617584,2,2,1,5
11453,249,3,475.0395601779426,1,1,1,3
11454,71,3,1626.1892827186643,3,1,2,6
11455,24,4,1848.5892324131435,4,2,2,8
11456,8,8,5225.592765630187,5,5,5,15
11457,96,5,2991.137958040711,2,3,4,9
11458,230,2,1317.6621759017912,1,1,1,3
11459,66,4,1604.8409131700944,3,2,2,7
11460,86,6,2452.954958655637,2,4,3,9
11461,52,6,3134.0539225480015,3,4,4,11
11462,16,8,5223.113535840093,5,5,5,15
11463,124,5,1682.8239724287755,2,3,2,7
11464,36,4,2972.687973747252,4,2,4,10
11465,31,4,2393.0040761578493,4,2,3,9
11466,31,5,1990.8761328215317,4,3,2,9
11467,32,8,4080.0420882735925,4,5,5,14
11468,23,5,2293.1669767145063,4,3,3,10
11469,93,7,3310.1337680636275,2,4,4,10
11470,120,5,1999.0779606096974,2,3,2,7
11471,16,4,1205.8674359776905,5,2,1,8
11472,21,9,4388.871329465984,4,5,5,14
11473,60,4,1015.5019695102001,3,2,1,6
11474,20,6,2944.4646124394067,4,4,4,12
11475,35,6,2765.7724659101323,4,4,4,12
11476,210,4,2485.4479171736184,1,2,3,6
11477,37,3,1688.1985763936707,4,1,2,7
11478,79,4,2138.8136594635803,2,2,3,7
11479,8,5,1925.1550514268404,5,3,2,10
11480,1,6,3430.632159223714,5,4,4,13
11481,32,4,3121.523274437409,4,2,4,10
11482,60,4,2049.264009749423,3,2,2,7
11483,57,6,3686.894516413807,3,4,5,12
11484,214,1,684.3094934428489,1,1,1,3
11485,17,4,3044.044656103629,5,2,4,11
11486,165,5,2501.9482592139775,1,3,3,7
11487,214,3,1583.760358670681,1,1,2,4
11488,105,6,3615.857691155132,2,4,5,11
11489,4,8,4249.11166930784,5,5,5,15
11490,218,2,1324.3015831141488,1,1,1,3
11491,1,4,2271.450436921327,5,2,3,10
11492,149,4,1842.2596178515644,1,2,2,5
11493,12,5,1260.4731072187753,5,3,1,9
11494,15,5,2958.0057616062513,5,3,4,12
11495,22,7,4003.2624845700147,4,4,5,13
11496,18,7,4458.392313223804,5,4,5,14
11497,52,4,1764.5728862327824,3,2,2,7
11498,4,8,4001.857412463553,5,5,5,15
11499,139,2,1497.7840532254188,1,1,2,4
11500,143,4,2464.36037940773,1,2,3,6
11501,169,7,2762.698724883479,1,4,4,9
11502,27,8,2148.897185057046,4,5,3,12
11503,8,10,3806.9347486915526,5,5,5,15
11504,311,1,388.5631560626127,1,1,1,3
11505,16,3,1653.8717589031094,5,1,2,8
11506,48,8,2266.0081347846835,3,5,3,11
11507,228,4,2347.7968404419107,1,2,3,6
11508,40,3,2321.750497687834,4,1,3,8
11509,244,4,2060.1802127100063,1,2,2,5
11510,13,3,1126.7615189140836,5,1,1,7
11511,70,4,2503.668602563738,3,2,3,8
11512,9,2,1068.3131585801307,5,1,1,7
11513,177,2,828.8422982629723,1,1,1,3
11514,122,3,1958.800578115415,2,1,2,5
11515,14,7,3760.7666016482044,5,4,5,14
11516,5,9,5084.1070520817775,5,5,5,15
11517,52,3,2344.645271371883,3,1,3,7
11518,71,6,2062.077109925265,3,4,2,9
11519,72,2,986.624236418784,3,1,1,5
11520,23,3,363.2901043121031,4,1,1,6
11521,138,2,1069.124099178263,1,1,1,3
11522,1,8,4212.150957699575,5,5,5,15
11523,51,4,1884.2165372989648,3,2,2,7
11524,22,5,2246.3876614920696,4,3,3,10
11525,38,4,1785.0113536879508,4,2,2,8
11526,45,8,4566.46301964904,3,5,5,13
11527,28,10,5282.182351891802,4,5,5,14
11528,50,3,1048.0050072689394,3,1,1,5
11529,6,5,2740.701086928118,5,3,4,12
11530,116,5,3957.1964201713868,2,3,5,10
11531,140,3,1852.915883450972,1,1,2,4
11532,19,9,5084.937209040403,5,5,5,15
11533,106,5,2274.3759884781593,2,3,3,8
11534,20,5,1906.0785841207444,4,3,2,9
11535,348,1,266.40042924256943,1,1,1,3
11536,15,5,2704.710585573976,5,3,3,11
11537,247,2,695.4392571613953,1,1,1,3
11538,24,8,5304.759301477667,4,5,5,14
11539,16,4,1855.2714904338736,5,2,2,9
11540,1,4,1552.403533410728,5,2,2,9
11541,61,9,5683.4305726851935,3,5,5,13
11542,27,3,1595.0639079537414,4,1,2,7
11543,43,8,3038.9080143147867,4,5,4,13
11544,51,7,4170.28527063794,3,4,5,12
11545,120,5,1735.0510836622689,2,3,2,7
11546,8,11,5233.620044051693,5,5,5,15
11547,100,5,3236.5852469567153,2,3,4,9
11548,107,8,3710.7461604989803,2,5,5,12
11549,2,6,2370.467970838058,5,4,3,12
11550,84,5,3118.4045047728237,2,3,4,9
11551,7,7,3754.58733204715,5,4,5,14
11552,9,7,3390.758475081852,5,4,4,13
11553,107,6,3633.664936120373,2,4,5,11
11554,8,6,4207.806504590957,5,4,5,14
11555,101,3,2209.156015622314,2,1,3,6
11556,205,6,4007.1567214485603,1,4,5,10
11557,12,4,1240.1724901861464,5,2,1,8
11558,366,1,927.1395124840269,1,1,1,3
11559,97,8,3899.533974523595,2,5,5,12
11560,22,5,3132.6737322017,4,3,4,11
11561,13,6,3172.07993666545,5,4,4,13
11562,39,10,4737.487505291972,4,5,5,14
11563,137,4,1733.8576249798996,1,2,2,5
11564,44,5,2038.5533927847393,3,3,2,8
11565,55,5,1818.1674652531458,3,3,2,8
11566,20,8,3003.587119056797,4,5,4,13
11567,125,3,496.8693452960759,2,1,1,4
11568,53,6,3125.4166599435703,3,4,4,11
11569,106,6,2384.4263874551407,2,4,3,9
11570,177,7,5397.152816838275,1,4,5,10
11571,386,1,788.4911959141514,1,1,1,3
11572,24,8,5044.948832589903,4,5,5,14
11573,85,3,1608.3705223402123,2,1,2,5
11574,12,7,3012.4786261714926,5,4,4,13
11575,129,4,2569.8870373362493,2,2,3,7
11576,7,4,1647.2387836024154,5,2,2,9
11577,154,1,397.1885327224884,1,1,1,3
11578,42,5,2419.769527293318,4,3,3,10
11579,34,4,3188.8643492611836,4,2,4,10
11580,41,5,1651.432010132324,4,3,2,9
11581,46,2,233.05536111061033,3,1,1,5
11582,58,5,1723.7750811020148,3,3,2,8
11583,53,5,3181.606571686686,3,3,4,10
11584,321,1,684.7237763919284,1,1,1,3
11585,92,2,594.3767848200839,2,1,1,4
11586,98,5,2721.0900362099565,2,3,3,8
11587,5,9,5167.678883302523,5,5,5,15
11588,116,4,2305.974531218781,2,2,3,7
11589,44,4,3030.1736475247226,3,2,4,9
11590,159,3,1995.2293184958282,1,1,2,4
11591,164,2,791.5075687549461,1,1,1,3
11592,54,9,2930.116797409748,3,5,4,12
11593,290,2,1244.0947495724417,1,1,1,3
11594,2,4,1158.3149604094342,5,2,1,8
11595,52,4,1564.4605619750464,3,2,2,7
11596,79,3,1847.2590179176868,2,1,2,5
11597,59,7,3000.6272414423443,3,4,4,11
11598,101,4,1514.998289273745,2,2,2,6
11599,206,5,4189.892258300105,1,3,5,9
11600,324,1,447.56867522843294,1,1,1,3
11601,144,6,2663.8310249018255,1,4,3,8
11602,36,9,4116.363006769678,4,5,5,14
11603,1,5,1853.970448036297,5,3,2,10
11604,33,1,845.5298186510471,4,1,1,6
11605,5,9,4609.309645723304,5,5,5,15
11606,46,9,4105.2749177213245,3,5,5,13
11607,31,6,3038.248825271358,4,4,4,12
11608,76,7,2944.644466165988,3,4,4,11
11609,45,2,921.9232102465257,3,1,1,5
11610,20,5,2782.8731084932606,4,3,4,11
11611,32,7,4053.1651181950456,4,4,5,13
11612,103,3,2058.9033523004546,2,1,2,5
11613,42,4,2285.5815128344775,4,2,3,9
11614,5,8,2916.1786801803296,5,5,4,14
11615,149,1,252.23254911795684,1,1,1,3
11616,28,8,2987.4855826852895,4,5,4,13
11617,2,5,3190.2912302493914,5,3,4,12
11618,7,9,5610.751217833669,5,5,5,15
11619,27,2,954.4146724390874,4,1,1,6
11620,86,7,4576.8611539450485,2,4,5,11
11621,9,13,6208.395339013257,5,5,5,15
11622,25,2,1063.6773630610942,4,1,1,6
11623,24,6,1961.6513074225913,4,4,2,10
11624,167,4,2167.095111115511,1,2,3,6
11625,191,6,3620.424140246788,1,4,5,10
11626,10,8,3075.646726482291,5,5,4,14
11627,146,2,1582.9642752124487,1,1,2,4
11628,78,7,2545.9932741084426,2,4,3,9
11629,21,4,2063.369534452397,4,2,2,8
11630,38,7,3311.5364614104633,4,4,4,12
11631,59,6,2658.4231461909994,3,4,3,10
11632,41,4,1137.0390193347841,4,2,1,7
11633,58,3,976.2856557210808,3,1,1,5
11634,9,5,2188.229682783129,5,3,3,11
11635,11,10,4704.5365994591575,5,5,5,15
11636,133,6,2019.5019185105248,2,4,2,8
11637,2,6,2651.270373103775,5,4,3,12
11638,11,8,4231.907294045182,5,5,5,15
11639,7,3,1688.9787536770214,5,1,2,8
11640,39,6,1571.0175504026706,4,4,2,10
11641,16,1,903.2561343653216,5,1,1,7
11642,250,3,1377.4035446733778,1,1,1,3
11643,68,4,2588.1623148888975,3,2,3,8
11644,27,6,2114.508175951736,4,4,3,11
11645,289,2,1060.1028316959741,1,1,1,3
11646,101,4,2250.843977651874,2,2,3,7
11647,10,8,3457.871665128635,5,5,4,14
11648,77,7,3020.8453213338253,2,4,4,10
11649,65,6,3074.1082729247,3,4,4,11
11650,98,5,1445.31188440206,2,3,2,7
11651,33,5,2725.7860101674855,4,3,3,10
11652,7,2,1198.6117007737967,5,1,1,7
11653,141,3,2231.169634714752,1,1,3,5
11654,141,7,3530.09222071451,1,4,4,9
11655,114,11,5926.649432685909,2,5,5,12
11656,295,2,1972.016515899305,1,1,2,4
11657,4,8,3569.989486704808,5,5,5,15
11658,43,5,2788.012924324691,4,3,4,11
11659,38,8,4021.733370838531,4,5,5,14
11660,203,3,1463.57151888923,1,1,2,4
11661,98,8,3480.701202809548,2,5,4,11
11662,98,2,1884.8781072130691,2,1,2,5
11663,37,2,1362.8095865935204,4,1,1,6
11664,19,8,3186.1201459470535,5,5,4,14
11665,53,3,2115.6205404354696,3,1,3,7
11666,31,9,6448.649825464615,4,5,5,14
11667,37,8,3326.915225577163,4,5,4,13
11668,6,7,4226.318364268298,5,4,5,14
11669,117,2,1305.3599137288593,2,1,1,4
11670,158,1,142.94828668588394,1,1,1,3
11671,36,2,1775.203469443665,4,1,2,7
11672,22,4,2773.602320491384,4,2,4,10
11673,213,5,1741.2153250099038,1,3,2,6
11674,23,6,2498.415083190021,4,4,3,11
11675,133,6,2850.1558778315393,2,4,4,10
11676,1,5,2963.623941340373,5,3,4,12
11677,69,3,1698.9654499950555,3,1,2,6
11678,120,5,2864.0741469160757,2,3,4,9
11679,75,5,2097.7504674588836,3,3,3,9
11680,199,3,1669.0206351013403,1,1,2,4
11681,26,3,1297.9791899165407,4,1,1,6
11682,4,3,428.8782004631007,5,1,1,7
11683,30,5,1932.981827833752,4,3,2,9
11684,106,3,1633.5420914854365,2,1,2,5
11685,35,2,1020.7964598840363,4,1,1,6
11686,3,8,3765.7252860088374,5,5,5,15
11687,2,7,2847.1285892171195,5,4,4,13
11688,77,4,1313.1833361778981,2,2,1,5
11689,25,9,2980.7588476801598,4,5,4,13
11690,30,7,2604.6106649550206,4,4,3,11
11691,19,7,2803.6061757560565,5,4,4,13
11692,30,7,3954.5056402219993,4,4,5,13
11693,260,2,1235.1070621068063,1,1,1,3
11694,4,10,5011.196821331392,5,5,5,15
11695,147,4,1399.0334050703668,1,2,1,4
11696,77,5,3000.156297704314,2,3,4,9
11697,106,2,1533.0678857999264,2,1,2,5
11698,75,3,966.2655736792769,3,1,1,5
11699,79,4,2488.061656619892,2,2,3,7
11700,12,11,6039.860599212739,5,5,5,15
11701,54,5,2011.761805841611,3,3,2,8
11702,210,4,2722.2552657080723,1,2,3,6
11703,62,8,3846.0029130839625,3,5,5,13
11704,164,2,963.226968386022,1,1,1,3
11705,2,3,1401.543283350767,5,1,1,7
11706,23,3,1164.948509731662,4,1,1,6
11707,52,4,1695.422654974943,3,2,2,7
11708,188,5,3346.3037137574397,1,3,4,8
11709,162,2,601.4533711013705,1,1,1,3
11710,26,8,3079.9659521509548,4,5,4,13
11712,101,4,1857.696997547774,2,2,2,6
11713,130,5,3618.3782156352067,2,3,5,10
11714,146,6,2402.5367267500887,1,4,3,8
11715,63,4,937.3556262907439,3,2,1,6
11716,46,3,1405.7436262894112,3,1,1,5
11717,31,10,6288.56211821301,4,5,5,14
11718,105,6,2789.265872315696,2,4,4,10
11719,34,5,3129.9312988542347,4,3,4,11
11720,74,6,3511.6060355841464,3,4,4,11
11721,47,5,2926.601110471126,3,3,4,10
11722,35,7,2709.974523030161,4,4,3,11
11723,68,5,2908.1129687902644,3,3,4,10
11724,160,2,802.5128596614718,1,1,1,3
11725,37,8,4886.4408667686885,4,5,5,14
11726,46,10,5841.650287864878,3,5,5,13
11727,234,3,1549.8566663518968,1,1,2,4
11728,105,4,3207.8059874159126,2,2,4,8
11729,36,4,1659.6040457088006,4,2,2,8
11730,37,4,1504.416087980032,4,2,2,8
11731,68,9,3844.020311959692,3,5,5,13
11732,54,2,679.5765997996299,3,1,1,5
11733,28,5,3339.2514892684685,4,3,4,11
11734,33,6,3121.4684403456044,4,4,4,12
11735,99,4,2721.3141975031044,2,2,3,7
11736,1,5,3059.4679385996305,5,3,4,12
11737,101,2,519.4409487514425,2,1,1,4
11738,5,9,5610.51466918214,5,5,5,15
11739,244,3,1641.52895804914,1,1,2,4
11740,108,4,2998.911952942987,2,2,4,8
11741,72,5,3025.8085742209405,3,3,4,10
11742,66,4,1211.5843675998742,3,2,1,6
11743,30,5,1212.587804935889,4,3,1,8
11744,73,3,1379.8251651361707,3,1,1,5
11745,155,5,2303.1284142032205,1,3,3,7
11746,145,3,2221.10586194297,1,1,3,5
11747,110,8,4765.458486185484,2,5,5,12
11748,67,4,3208.381585811832,3,2,4,9
11749,86,3,1354.4998894493267,2,1,1,4
11750,142,5,3016.8518136608304,1,3,4,8
11751,19,7,1622.6844362836955,5,4,2,11
11752,26,5,1258.1733746452455,4,3,1,8
11753,60,8,3841.3241094035066,3,5,5,13
11754,41,9,2872.509707573001,4,5,4,13
11755,36,4,2599.812850812884,4,2,3,9
11756,97,5,3563.7384990174683,2,3,5,10
11757,47,7,4954.775399928484,3,4,5,12
11758,39,8,4047.190252244212,4,5,5,14
11759,56,4,3198.4935143686835,3,2,4,9
11760,93,7,4244.002237684536,2,4,5,11
11761,37,4,1780.7030943149218,4,2,2,8
11762,299,3,1351.3343601816364,1,1,1,3
11763,71,4,2749.998856223212,3,2,4,9
11764,81,3,1051.8194012531899,2,1,1,4
11765,7,4,2841.797468170801,5,2,4,11
11766,144,3,1744.5994876310683,1,1,2,4
11767,13,4,1548.0534416522978,5,2,2,9
11768,17,4,1895.3819639162634,5,2,2,9
11769,7,5,2186.761017857917,5,3,3,11
11770,66,5,3753.6505828279187,3,3,5,11
11771,38,4,2482.8465125679722,4,2,3,9
11772,82,4,2479.768640360419,2,2,3,7
11773,17,6,2835.929903927257,5,4,4,13
11774,128,6,2090.2108363292136,2,4,3,9
11775,105,5,3411.668084294657,2,3,4,9
11776,50,3,1245.0281894938591,3,1,1,5
11777,36,4,1969.9687381499411,4,2,2,8
11778,5,9,5414.560763418835,5,5,5,15
11779,104,9,5465.8996654486855,2,5,5,12
11780,42,6,2743.2800462818163,4,4,4,12
11781,96,6,3826.13485945499,2,4,5,11
11782,32,8,3088.5496925883817,4,5,4,13
11783,2,5,2724.9035883834504,5,3,3,11
11784,127,8,4374.400676808921,2,5,5,12
11785,39,3,1337.5014159575749,4,1,1,6
11786,51,6,2246.3492747244104,3,4,3,10
11787,218,2,1307.0110957159302,1,1,1,3
11788,3,10,7025.2589893797685,5,5,5,15
11789,48,3,1568.0253682737075,3,1,2,6
11790,118,6,3883.5165026346262,2,4,5,11
11791,114,5,2631.6647578303982,2,3,3,8
11792,329,1,532.8512280525682,1,1,1,3
11793,330,2,568.0586791487165,1,1,1,3
11794,199,5,1962.9353129533592,1,3,2,6
11795,30,7,3057.797887156199,4,4,4,12
11796,21,4,1925.4021963150458,4,2,2,8
11797,83,3,701.4549541492736,2,1,1,4
11798,53,8,2994.9229649419126,3,5,4,12
11799,55,5,2827.7946279460434,3,3,4,10
11800,14,4,2434.7638720344617,5,2,3,10
11801,43,6,2470.0494469326677,4,4,3,11
11802,67,4,1563.453283853042,3,2,2,7
11803,41,5,3017.760836871361,4,3,4,11
11804,2,5,3139.7292257385106,5,3,4,12
11805,80,6,3042.1985935489383,2,4,4,10
11806,220,2,1184.1200052420277,1,1,1,3
11807,62,7,3287.734814135592,3,4,4,11
11808,185,3,947.1014376416949,1,1,1,3
11809,49,3,2381.980676260104,3,1,3,7
11810,12,5,990.9496843524056,5,3,1,9
11811,14,4,1980.4959718207087,5,2,2,9
11812,41,3,1649.1338118742,4,1,2,7
11813,247,3,1566.6732877829786,1,1,2,4
11814,14,6,2285.7025275475776,5,4,3,12
11815,286,2,1259.976806024133,1,1,1,3
11816,187,3,968.4729462149703,1,1,1,3
11817,200,3,1737.5229172958543,1,1,2,4
11818,42,9,3995.91803295101,4,5,5,14
11819,34,4,2619.712667259449,4,2,3,9
11820,38,7,5400.355307842498,4,4,5,13
11821,7,6,2188.5867756933267,5,4,3,12
11822,44,8,4248.608955651371,3,5,5,13
11823,14,3,1431.7034644954117,5,1,2,8
11824,16,11,3549.3051394382146,5,5,5,15
11825,158,4,526.0262022815934,1,2,1,4
11826,51,3,1678.5264821681271,3,1,2,6
11827,60,6,5376.244885055337,3,4,5,12
11828,48,7,3691.4600663648807,3,4,5,12
11829,91,7,4052.301592787576,2,4,5,11
11830,46,3,1981.289774854322,3,1,2,6
11831,31,5,2266.584951492045,4,3,3,10
11832,22,6,2250.802127260313,4,4,3,11
11833,31,7,4440.490948604994,4,4,5,13
11834,79,6,2342.5182005868987,2,4,3,9
11835,233,3,1085.6507580278153,1,1,1,3
11836,60,4,1939.4535498331309,3,2,2,7
11837,60,5,2323.6288621850445,3,3,3,9
11838,27,3,1755.2087974405654,4,1,2,7
11839,75,6,3606.737217817465,3,4,5,12
11840,43,6,2805.028204080222,4,4,4,12
11841,138,5,2699.495047946458,1,3,3,7
11842,135,7,3421.9580522127762,1,4,4,9
11843,6,6,3018.6665632847235,5,4,4,13
11844,28,6,2596.400051285202,4,4,3,11
11845,53,9,3940.6138115215995,3,5,5,13
11846,13,6,2351.1453927294197,5,4,3,12
11847,13,7,3445.131223230633,5,4,4,13
11848,6,5,1600.8178114651128,5,3,2,10
11849,60,7,2903.5252039476745,3,4,4,11
11850,69,4,848.2454019955094,3,2,1,6
11851,163,4,2234.50847926629,1,2,3,6
11852,45,6,2771.8749305545684,3,4,4,11
11853,107,5,1765.2877032740953,2,3,2,7
11854,130,4,2085.900726888501,2,2,3,7
11855,5,7,3073.685252065675,5,4,4,13
11856,120,6,2938.124804125369,2,4,4,10
11857,268,3,1188.0228872715306,1,1,1,3
11858,36,5,2060.446457092278,4,3,2,9
11859,72,10,4351.295659768199,3,5,5,13
11860,151,4,2085.06968189933,1,2,3,6
11861,105,6,3917.151646698158,2,4,5,11
11862,12,6,3435.6565376019958,5,4,4,13
11863,47,4,1704.8612176489137,3,2,2,7
11864,83,4,1690.696254438893,2,2,2,6
11865,221,2,1187.16353347923,1,1,1,3
11866,4,7,5069.194121834588,5,4,5,14
11868,10,8,4136.840210126344,5,5,5,15
11869,38,6,3600.732984823906,4,4,5,13
11870,49,2,712.2489003731408,3,1,1,5
11871,80,5,3231.3180018634184,2,3,4,9
11872,165,4,1018.6678807977257,1,2,1,4
11873,9,6,3213.5434061048736,5,4,4,13
11874,106,5,2383.829219003491,2,3,3,8
11875,31,6,3874.647360406603,4,4,5,13
11876,38,5,2925.2588766254958,4,3,4,11
11877,24,5,3705.117253864526,4,3,5,12
11878,14,6,3375.5350529759066,5,4,4,13
11879,10,6,2574.583064059695,5,4,3,12
11880,36,4,3473.388603799733,4,2,4,10
11881,72,2,559.6476805592163,3,1,1,5
11882,4,6,4409.271154270239,5,4,5,14
11883,85,6,2576.483970969828,2,4,3,9
11884,33,8,5364.4509379538185,4,5,5,14
11885,59,8,3164.050449552432,3,5,4,12
11886,182,4,1781.9631443855192,1,2,2,5
11887,104,6,3297.0501196259643,2,4,4,10
11888,50,8,3803.7832688708986,3,5,5,13
11889,87,5,3235.035645067671,2,3,4,9
11890,32,3,1467.5637536866843,4,1,2,7
11891,59,8,3532.316222173381,3,5,4,12
11892,212,2,950.5086338733263,1,1,1,3
11893,82,8,2199.493723498267,2,5,3,10
11894,16,6,3306.8857285145973,5,4,4,13
11895,110,6,4044.1213356710787,2,4,5,11
11896,28,6,4215.090081481474,4,4,5,13
11897,65,9,3796.3311357905736,3,5,5,13
11898,158,7,4301.960703820563,1,4,5,10
11899,103,4,2162.2007665317615,2,2,3,7
11900,214,4,1629.3422976331356,1,2,2,5
11901,87,5,1302.320547920069,2,3,1,6
11903,39,6,3654.984908464595,4,4,5,13
11904,19,9,5398.032936960038,5,5,5,15
11905,36,6,2460.4276243035047,4,4,3,11
11906,54,5,2240.540015712047,3,3,3,9
11907,27,7,3161.2044804944026,4,4,4,12
11908,5,10,5606.467673975429,5,5,5,15
11909,13,7,3782.3250383582244,5,4,5,14
11910,44,5,3326.3395701033764,3,3,4,10
11911,49,4,985.3983828030701,3,2,1,6
11912,335,1,188.98738055112617,1,1,1,3
11913,177,4,1694.1087354970502,1,2,2,5
11914,71,6,3567.1444474610244,3,4,5,12
11915,72,5,2763.680205814371,3,3,4,10
11916,33,5,2321.6400490878927,4,3,3,10
11917,29,3,1518.444645846224,4,1,2,7
11918,42,5,2454.9695494043845,4,3,3,10
11919,13,7,2212.563253257299,5,4,3,12
11920,18,3,1677.8939149748524,5,1,2,8
11921,70,5,3485.595609307363,3,3,4,10
11922,58,3,1782.7157586891985,3,1,2,6
11923,41,4,2228.960728671502,4,2,3,9
11924,35,1,693.9151312251199,4,1,1,6
11925,22,8,4371.260302022752,4,5,5,14
11926,64,9,5637.968933146395,3,5,5,13
11927,16,2,275.6605858387293,5,1,1,7
11928,59,6,1904.7650245879986,3,4,2,9
11929,20,5,2152.5600561577617,4,3,3,10
11930,38,4,1671.5564858437529,4,2,2,8
11931,144,5,3045.844423731626,1,3,4,8
11932,86,4,2679.266695823708,2,2,3,7
11933,32,8,3192.7801295841973,4,5,4,13
11934,30,5,2379.3953087842,4,3,3,10
11935,104,5,2227.034242193267,2,3,3,8
11936,1,7,3159.4408239148,5,4,4,13
11937,46,4,1796.0882207563825,3,2,2,7
11938,52,4,1161.58668044963,3,2,1,6
11939,31,4,1424.402049749333,4,2,2,8
11940,17,6,4017.327740518782,5,4,5,14
11941,8,5,2019.7114773108992,5,3,2,10
11942,54,4,1907.347282647366,3,2,2,7
11943,41,6,3284.528878438615,4,4,4,12
11944,2,6,3120.940845387755,5,4,4,13
11945,15,6,3454.160017102936,5,4,4,13
11946,2,3,1878.4051657384673,5,1,2,8
11947,9,10,4943.877307930794,5,5,5,15
11948,152,3,1739.8751054389497,1,1,2,4
11949,59,7,2538.408838235839,3,4,3,10
11950,75,5,2355.8010967657065,3,3,3,9
11951,206,3,1626.4325577829868,1,1,2,4
11952,247,4,2012.2510584716922,1,2,2,5
11953,165,4,1776.36139568552,1,2,2,5
11954,61,5,1810.5748888572116,3,3,2,8
11955,164,5,2126.176936858505,1,3,3,7
11956,169,6,2367.8136712807286,1,4,3,8
11957,176,3,1576.1669153820349,1,1,2,4
11958,14,4,2011.098951411901,5,2,2,9
11959,108,5,3080.6179356163343,2,3,4,9
11960,61,5,1717.2975165700184,3,3,2,8
11961,20,9,3700.856789425063,4,5,5,14
11962,1,11,4714.332355675423,5,5,5,15
11963,152,4,2549.2412408117025,1,2,3,6
11964,140,6,2110.1122893865336,1,4,3,8
11965,8,3,748.1332192893941,5,1,1,7
11966,106,4,1675.2492678062013,2,2,2,6
11967,87,3,1797.9740625854965,2,1,2,5
11968,142,6,4195.095506346767,1,4,5,10
11969,44,4,2249.22236470002,3,2,3,8
11970,39,6,2737.5161121744613,4,4,3,11
11971,31,5,2593.2084473854734,4,3,3,10
11972,103,7,3274.278467822683,2,4,4,10
11973,24,3,1734.4268676460572,4,1,2,7
11974,16,4,1958.7883011884887,5,2,2,9
11975,23,6,2673.935393561933,4,4,3,11
11976,208,2,1079.4959199512252,1,1,1,3
11977,54,7,4757.921544370651,3,4,5,12
11978,5,5,2240.237139978023,5,3,3,11
11979,164,2,1398.5334247414053,1,1,1,3
11980,2,6,2396.4083703496945,5,4,3,12
11981,45,5,2236.217889698661,3,3,3,9
11982,114,3,1421.0567688465585,2,1,2,5
11983,85,8,3842.816019416373,2,5,5,12
11984,106,1,379.9361542960864,2,1,1,4
11985,153,5,3205.7323083039737,1,3,4,8
11986,170,4,2119.089824428469,1,2,3,6
11987,94,9,4443.957924082978,2,5,5,12
11988,5,6,2992.209986785868,5,4,4,13
11989,69,4,2003.1212807970696,3,2,2,7
11990,37,6,2486.1283101461636,4,4,3,11
11991,39,6,2993.658640062091,4,4,4,12
11992,38,4,2410.853811458422,4,2,3,9
11993,153,8,4852.120127179646,1,5,5,11
11994,184,4,1633.91158234141,1,2,2,5
11995,38,6,2785.7418624217116,4,4,4,12
11996,62,6,5083.838647495035,3,4,5,12
11997,81,6,3047.5791594486086,2,4,4,10
11998,32,6,3601.1528847281297,4,4,5,13
11999,72,5,2062.421499469692,3,3,2,8
12000,228,6,2356.98729495966,1,4,3,8
12001,88,6,2907.6242282753883,2,4,4,10
12002,24,4,1925.0185415981373,4,2,2,8
12003,153,3,1688.1337402148315,1,1,2,4
12004,51,4,2024.0257392183526,3,2,2,7
12005,215,1,889.7854010603323,1,1,1,3
12006,120,4,2200.469264860066,2,2,3,7
12007,10,8,4932.9059274972915,5,5,5,15
12008,22,5,1793.176617478961,4,3,2,9
12009,290,1,314.98736283565444,1,1,1,3
12010,30,1,256.08696228165314,4,1,1,6
12011,35,7,3330.6400046188764,4,4,4,12
12012,118,4,615.6259480601909,2,2,1,5
12013,173,2,1140.7501731461793,1,1,1,3
12014,16,4,2294.438079041884,5,2,3,10
12015,23,7,2220.6505026070386,4,4,3,11
12016,81,8,5383.738455017883,2,5,5,12
12017,198,5,3169.6196589672113,1,3,4,8
12018,12,6,3350.530452162469,5,4,4,13
12019,238,3,893.65342883476,1,1,1,3
12020,6,9,3467.6936762253545,5,5,4,14
12021,83,4,2788.957718506669,2,2,4,8
12022,102,8,3944.3262822687952,2,5,5,12
12023,100,6,3930.990706382276,2,4,5,11
12024,31,10,4596.822574492136,4,5,5,14
12025,25,10,6229.84429782555,4,5,5,14
12026,76,7,2161.5833277078336,3,4,3,10
12027,58,6,3858.5682082396415,3,4,5,12
12028,147,5,4127.027017285899,1,3,5,9
12029,34,3,606.483006465364,4,1,1,6
12030,10,3,547.4992124124902,5,1,1,7
12031,36,4,2701.6449922966326,4,2,3,9
12032,28,4,966.1841292911669,4,2,1,7
12033,108,6,2654.238672788363,2,4,3,9
12034,115,3,1045.002618861225,2,1,1,4
12035,134,3,1123.4249780266227,1,1,1,3
12036,101,6,2983.3576496194523,2,4,4,10
12037,45,7,3247.098123671031,3,4,4,11
12038,151,4,2578.106887028615,1,2,3,6
12039,37,7,3155.8938237052334,4,4,4,12
12040,61,6,3309.9676979176043,3,4,4,11
12041,137,6,2797.1984069445216,1,4,4,9
12042,198,2,616.4730008310013,1,1,1,3
12043,8,8,2778.4372398014493,5,5,4,14
12044,114,3,2263.9723104123177,2,1,3,6
12045,9,7,3561.3965908698615,5,4,5,14
12046,174,4,1377.4252959516098,1,2,1,4
12047,213,3,897.6338334861846,1,1,1,3
12048,81,5,2964.181791412349,2,3,4,9
12049,47,5,2373.6504518974584,3,3,3,9
12050,25,5,2341.647988092148,4,3,3,10
12051,116,4,1878.0713246033215,2,2,2,6
12052,27,7,3388.882762370547,4,4,4,12
12053,18,7,3396.2811037717506,5,4,4,13
12054,13,9,4489.9959953748685,5,5,5,15
12055,82,4,1916.9293324503997,2,2,2,6
12056,404,1,764.1482486047865,1,1,1,3
12057,63,5,1878.6329940604455,3,3,2,8
12058,2,8,3954.9765398932273,5,5,5,15
12059,56,2,924.379445737874,3,1,1,5
12060,98,3,1697.8735925087728,2,1,2,5
12061,22,5,3477.701334608174,4,3,4,11
12062,7,6,2956.0397828125942,5,4,4,13
12063,101,7,3139.8499407544887,2,4,4,10
12064,93,6,3434.7285717270383,2,4,4,10
12065,153,10,3511.406402827164,1,5,4,10
12066,68,7,2998.8463827020846,3,4,4,11
12067,146,4,1943.4025461861795,1,2,2,5
12068,86,4,2384.347245883728,2,2,3,7
12069,112,6,1945.5589338353145,2,4,2,8
12070,76,3,2307.893157527932,3,1,3,7
12071,61,8,2124.8362045934414,3,5,3,11
12072,4,5,4011.309468852262,5,3,5,13
12073,36,6,3738.323675547682,4,4,5,13
12074,35,3,1060.397362340408,4,1,1,6
12075,107,9,5442.5433070845,2,5,5,12
12076,27,6,2667.0186190591694,4,4,3,11
12077,98,7,3662.4948199540495,2,4,5,11
12078,46,4,1654.9685750516303,3,2,2,7
12079,56,8,2155.397862701467,3,5,3,11
12080,70,2,1649.0943767641602,3,1,2,6
12081,200,3,1957.9851669888758,1,1,2,4
12082,184,2,749.0841561335282,1,1,1,3
12083,44,5,2226.7269592190064,3,3,3,9
12084,14,6,3690.0655369419146,5,4,5,14
12085,37,5,2978.8950632101423,4,3,4,11
12086,33,6,2603.1460191719593,4,4,3,11
12087,57,6,2872.901917729071,3,4,4,11
12088,79,4,1659.0148130961045,2,2,2,6
12089,40,4,1568.2528166797383,4,2,2,8
12090,49,3,1524.1518784261023,3,1,2,6
12091,3,7,4858.94551536269,5,4,5,14
12092,203,5,3648.7791512683616,1,3,5,9
12093,216,7,2869.9702176036526,1,4,4,9
12094,12,5,1768.061162642483,5,3,2,10
12095,13,4,2672.253054951534,5,2,3,10
12097,36,6,3267.868097244571,4,4,4,12
12098,35,4,1688.5522978141148,4,2,2,8
12099,5,4,1644.6960790112325,5,2,2,9
12100,90,6,2996.2682529519425,2,4,4,10
12101,92,5,2446.9167869518924,2,3,3,8
12102,144,4,2597.1468243428762,1,2,3,6
12103,290,2,1216.1738921046974,1,1,1,3
12104,180,5,1952.2948143345936,1,3,2,6
12105,33,5,681.9759751550685,4,3,1,8
12106,37,7,2076.880077691037,4,4,2,10
12107,132,3,1763.972863918595,2,1,2,5
12108,194,4,2588.410978163591,1,2,3,6
12109,122,4,1497.5598571370688,2,2,2,6
12110,27,3,1657.1526876707967,4,1,2,7
12111,383,2,616.5091059660531,1,1,1,3
12112,8,3,1534.482742898062,5,1,2,8
12113,25,4,2429.529190757578,4,2,3,9
12114,4,7,3457.893592379522,5,4,4,13
12115,368,1,278.0796601403853,1,1,1,3
12116,5,5,2443.881036654868,5,3,3,11
12117,22,4,1316.3818260561097,4,2,1,7
12118,47,5,2180.1879241557604,3,3,3,9
12119,43,4,1410.28332410678,4,2,1,7
12120,41,4,1532.9596762045667,4,2,2,8
12121,35,9,4049.373984245569,4,5,5,14
12122,40,7,3735.425495866602,4,4,5,13
12123,44,10,4910.275899869647,3,5,5,13
12124,124,4,1985.0051732979587,2,2,2,6
12125,14,8,4089.3852679643805,5,5,5,15
12126,14,4,1388.7273311229314,5,2,1,8
12127,84,4,1714.9269136518665,2,2,2,6
12128,21,5,2108.5584073938267,4,3,3,10
12129,54,4,2144.48394342886,3,2,3,8
12130,172,5,1905.9338775834585,1,3,2,6
12131,114,4,2552.866993437394,2,2,3,7
12132,214,5,3373.921678227381,1,3,4,8
12133,3,3,1852.9821219395078,5,1,2,8
12134,55,3,846.7609573175587,3,1,1,5
12135,17,8,3021.7580078294814,5,5,4,14
12136,380,1,978.9940730384387,1,1,1,3
12137,99,5,2316.877649362525,2,3,3,8
12138,122,6,2654.657721988611,2,4,3,9
12139,47,4,1653.8652302480978,3,2,2,7
12140,3,6,2001.5734486263887,5,4,2,11
12141,21,3,2545.3951607132085,4,1,3,8
12142,9,3,1442.6033642963732,5,1,2,8
12143,123,5,2863.954909637993,2,3,4,9
12144,22,7,5623.662115176103,4,4,5,13
12145,86,4,1466.350197707557,2,2,2,6
12146,372,3,915.4821048837937,1,1,1,3
12147,288,4,1447.2632372947967,1,2,2,5
12148,41,5,2111.3092354006226,4,3,3,10
12149,215,3,2143.524000171989,1,1,3,5
12150,92,3,1506.5507749014414,2,1,2,5
12151,4,5,2836.5277997680246,5,3,4,12
12152,8,7,2620.203807755766,5,4,3,12
12153,230,1,345.0364696952535,1,1,1,3
12154,37,9,4323.297147690525,4,5,5,14
12155,21,5,1266.2586144686886,4,3,1,8
12156,47,8,4131.292352577026,3,5,5,13
12157,5,8,5063.154463528508,5,5,5,15
12158,55,8,5102.1563810950865,3,5,5,13
12159,27,7,1352.9365785642037,4,4,1,9
12160,62,7,3461.29752539166,3,4,4,11
12161,173,6,3066.718407547005,1,4,4,9
12162,142,8,4375.432178829253,1,5,5,11
12163,12,7,3391.1857248199394,5,4,4,13
12164,13,5,3849.222134791689,5,3,5,13
12165,27,4,1714.7896831809762,4,2,2,8
12166,106,4,1889.4674941748465,2,2,2,6
12167,70,5,1357.7515701875027,3,3,1,7
12168,25,6,3885.622322340539,4,4,5,13
12169,79,3,1655.9304762612712,2,1,2,5
12170,8,3,1364.599977938844,5,1,1,7
12171,45,4,2524.122378107154,3,2,3,8
12172,89,5,2480.4309088215846,2,3,3,8
12173,34,7,3894.274022901364,4,4,5,13
12174,8,7,4601.575746679088,5,4,5,14
12175,316,2,1545.4044382996863,1,1,2,4
12176,27,6,3424.196221225693,4,4,4,12
12177,66,5,2708.5237301656375,3,3,3,9
12178,28,11,4898.365794808712,4,5,5,14
12179,128,4,2024.7446289421318,2,2,2,6
12180,4,7,3431.308460662038,5,4,4,13
12181,57,6,3540.69499901667,3,4,4,11
12182,30,8,4894.211865362123,4,5,5,14
12183,312,1,244.64153408129621,1,1,1,3
12184,104,6,2343.189650696607,2,4,3,9
12185,8,7,3168.8717637955206,5,4,4,13
12186,152,4,2036.2738726346122,1,2,2,5
12187,55,5,2904.838455384137,3,3,4,10
12188,139,5,1647.9465264499904,1,3,2,6
12189,86,2,607.6905095086591,2,1,1,4
12190,223,2,1153.191321093124,1,1,1,3
12191,47,7,3827.5585522371466,3,4,5,12
12192,100,3,1321.0281050965034,2,1,1,4
12193,7,5,2982.5246689106903,5,3,4,12
12194,10,5,2928.941798639045,5,3,4,12
12195,121,3,1217.9212843506054,2,1,1,4
12196,301,4,1564.9513672772698,1,2,2,5
12197,76,9,4364.125963816849,3,5,5,13
12198,132,4,2522.9678929871698,2,2,3,7
12199,110,9,5071.230481499804,2,5,5,12
12200,39,6,3995.4308576449694,4,4,5,13
12201,27,7,2867.6087184580756,4,4,4,12
12202,260,2,983.0293734744389,1,1,1,3
12203,33,3,904.3133886621724,4,1,1,6
12204,8,7,3646.9064712736467,5,4,5,14
12205,121,10,4320.039670652171,2,5,5,12
12206,15,8,3412.394916990119,5,5,4,14
12207,20,4,954.1770533602206,4,2,1,7
12208,29,3,1799.6316892397913,4,1,2,7
12209,67,2,975.0835040061684,3,1,1,5
12210,32,3,1822.4186996778303,4,1,2,7
12211,21,3,1841.5906245170636,4,1,2,7
12212,15,6,3527.5617244146274,5,4,4,13
12213,47,5,2119.0815087885776,3,3,3,9
12214,207,1,364.54356708722224,1,1,1,3
12215,58,5,2127.5560004149866,3,3,3,9
12216,2,8,5423.470487455202,5,5,5,15
12217,38,4,2866.116126376037,4,2,4,10
12218,36,7,3973.38422935305,4,4,5,13
12219,82,5,3300.1680193604216,2,3,4,9
12220,210,2,1319.1386480692909,1,1,1,3
12221,118,7,3948.7137754393952,2,4,5,11
12222,47,5,2353.548168089706,3,3,3,9
12223,103,4,2287.3656575528316,2,2,3,7
12224,100,3,1335.121587814779,2,1,1,4
12225,178,7,4122.006214194763,1,4,5,10
12226,6,4,3110.996240528406,5,2,4,11
12227,49,9,5320.287247617098,3,5,5,13
12228,170,2,1212.1738607057619,1,1,1,3
12229,99,7,2846.9489122210043,2,4,4,10
12230,35,2,501.62158603027814,4,1,1,6
12231,29,7,3331.9178822196905,4,4,4,12
12232,2,5,3710.885538302222,5,3,5,13
12233,56,5,1996.1931699415863,3,3,2,8
12234,33,8,4604.699066661581,4,5,5,14
12235,236,3,2114.99374987224,1,1,3,5
12236,36,3,580.1914676960362,4,1,1,6
12237,21,3,996.6209453085042,4,1,1,6
12238,1,4,1700.8768135530072,5,2,2,9
12239,81,3,1034.2881768811953,2,1,1,4
12240,213,2,1131.6881343003952,1,1,1,3
12241,4,5,2533.9400782492503,5,3,3,11
12242,123,4,1627.4733582434665,2,2,2,6
12243,32,7,4047.66983092576,4,4,5,13
12244,59,7,1705.167447947023,3,4,2,9
12245,193,5,3063.1389584147137,1,3,4,8
12246,105,3,1833.683004744177,2,1,2,5
12247,84,5,1905.7931869600689,2,3,2,7
12248,300,2,1575.621826248938,1,1,2,4
12249,1,7,3874.5130310045392,5,4,5,14
12250,38,4,1617.5436356213338,4,2,2,8
12251,7,5,2300.3148963701224,5,3,3,11
12252,21,5,2828.9841058365737,4,3,4,11
12253,62,2,1230.506163069274,3,1,1,5
12254,93,5,2853.18046476384,2,3,4,9
12255,51,5,1899.2492358898742,3,3,2,8
12256,208,5,2677.117058699895,1,3,3,7
12257,28,11,5798.134394332967,4,5,5,14
12258,2,2,430.8976286192042,5,1,1,7
12259,42,7,4184.322155699338,4,4,5,13
12260,233,8,3704.6589414443692,1,5,5,11
12261,8,5,3529.604210744178,5,3,4,12
12262,9,12,5329.762966936383,5,5,5,15
12263,77,6,1905.204432765298,2,4,2,8
12264,53,8,3852.0057089855836,3,5,5,13
12265,32,5,3277.2381906875935,4,3,4,11
12266,114,4,1115.6190667476253,2,2,1,5
12267,14,3,1316.2581322528217,5,1,1,7
12268,48,5,1856.6546081551044,3,3,2,8
12269,12,5,2059.9737058191495,5,3,2,10
12270,59,3,1695.0459751382818,3,1,2,6
12271,177,3,1129.057010903765,1,1,1,3
12272,208,3,1035.2320456268856,1,1,1,3
12273,8,8,4110.926899626674,5,5,5,15
12274,50,3,1659.412200682637,3,1,2,6
12275,158,5,1993.9429125568558,1,3,2,6
12276,180,5,3132.6819465818567,1,3,4,8
12277,28,6,2485.752402458115,4,4,3,11
12278,52,1,479.0631642613273,3,1,1,5
12279,68,4,1892.4823671568793,3,2,2,7
12280,48,5,2366.2805134659957,3,3,3,9
12281,66,6,3118.733092077777,3,4,4,11
12282,30,5,2765.9178390401953,4,3,4,11
12283,82,4,2483.9982260162187,2,2,3,7
12284,153,5,3426.853496721173,1,3,4,8
12285,175,5,2479.779668764794,1,3,3,7
12286,52,7,3734.8251495930895,3,4,5,12
12287,414,1,68.22981734543463,1,1,1,3
12288,17,3,1387.5004595487446,5,1,1,7
12289,48,4,1010.1408936375209,3,2,1,6
12290,24,4,1390.2896705119956,4,2,1,7
12291,42,3,1100.5715801903282,4,1,1,6
12292,66,6,1961.352151395312,3,4,2,9
12293,16,6,4089.4017087728475,5,4,5,14
12294,17,8,4378.616933562484,5,5,5,15
12295,8,5,2793.6700349930256,5,3,4,12
12296,133,3,1806.3454805780875,2,1,2,5
12297,61,6,4326.108940055352,3,4,5,12
12298,35,8,4273.693669780018,4,5,5,14
12299,217,2,336.539033729752,1,1,1,3
12300,95,2,717.5941976976275,2,1,1,4
12301,7,1,45.62853181423512,5,1,1,7
12302,48,6,3396.9489273312756,3,4,4,11
12303,19,6,3228.9704808913584,5,4,4,13
12304,11,6,3641.9977101825666,5,4,5,14
12305,76,6,1498.3935874749513,3,4,2,9
12306,160,5,3732.8615580502887,1,3,5,9
12307,205,5,3514.979671727032,1,3,4,8
12308,60,5,2577.8575805525998,3,3,3,9
12309,35,2,1608.665846232589,4,1,2,7
12310,16,5,1730.0680553790303,5,3,2,10
12311,1,3,1200.5259235238166,5,1,1,7
12312,49,5,1605.7276648715235,3,3,2,8
12313,35,5,2739.1749115867087,4,3,3,10
12314,88,4,2782.0503328898576,2,2,4,8
12315,31,3,1213.9805459451843,4,1,1,6
12316,187,2,1093.5345794192908,1,1,1,3
12317,46,7,4450.398168086737,3,4,5,12
12318,19,5,2789.2618763018763,5,3,4,12
12319,55,3,1558.182890059563,3,1,2,6
12320,46,8,3695.133346954148,3,5,5,13
12321,155,4,3207.428209162917,1,2,4,7
12322,88,4,2934.910125844211,2,2,4,8
12323,26,4,2304.7515793872867,4,2,3,9
12324,114,3,1269.294802804673,2,1,1,4
12325,7,4,2216.037003973433,5,2,3,10
12326,72,2,697.1926083933314,3,1,1,5
12327,261,5,2876.227674639854,1,3,4,8
12328,5,8,5340.570455519302,5,5,5,15
12329,228,2,1605.3066007352918,1,1,2,4
12330,37,4,1880.250566500928,4,2,2,8
12331,110,7,4385.226634300111,2,4,5,11
12332,51,1,840.9816498084581,3,1,1,5
12333,194,2,1046.261532624973,1,1,1,3
12334,168,5,2510.029476900766,1,3,3,7
12335,30,4,797.9053618888324,4,2,1,7
12336,23,5,2888.707289648041,4,3,4,11
12337,171,4,2074.6169797968173,1,2,2,5
12338,38,6,3192.758057892092,4,4,4,12
12339,204,4,2191.947036226466,1,2,3,6
12340,5,6,2072.918648987677,5,4,2,11
12341,46,8,4593.76125476312,3,5,5,13
12342,72,5,1699.764204778202,3,3,2,8
12343,310,2,926.3507441891913,1,1,1,3
12344,31,6,3433.2364989465377,4,4,4,12
12345,51,4,2227.7526698337047,3,2,3,8
12346,50,5,2262.4053756981834,3,3,3,9
12347,37,4,2347.774291898751,4,2,3,9
12348,96,6,3662.732216658604,2,4,5,11
12349,61,5,2299.7456911325435,3,3,3,9
12350,11,7,2752.9635046423646,5,4,4,13
12351,299,3,1628.0751580517913,1,1,2,4
12352,89,3,1164.2842817953276,2,1,1,4
12353,83,5,2983.407031721619,2,3,4,9
12354,20,4,1369.4191542249425,4,2,1,7
12355,8,5,3026.700034286612,5,3,4,12
12356,1,7,3864.382681871541,5,4,5,14
12357,208,3,1331.5617038621087,1,1,1,3
12358,20,3,1060.928704777058,4,1,1,6
12359,45,5,2575.238099472726,3,3,3,9
12360,77,2,494.9204136333227,2,1,1,4
12361,192,1,773.6480189517997,1,1,1,3
12362,51,4,1774.7601186828294,3,2,2,7
12363,46,2,319.08464019655975,3,1,1,5
12364,53,6,2070.6970735262194,3,4,2,9
12365,76,9,3399.573792092436,3,5,4,12
12366,37,9,5715.1359303364625,4,5,5,14
12367,90,5,2755.273087703555,2,3,4,9
12368,63,5,1936.0748567218636,3,3,2,8
12369,1,7,3934.085172496655,5,4,5,14
12370,41,7,2303.0803993915265,4,4,3,11
12371,26,5,3699.1069462145433,4,3,5,12
12372,37,6,2797.2827413006858,4,4,4,12
12373,4,6,4546.184583895555,5,4,5,14
12374,10,7,3239.9266436582666,5,4,4,13
12375,47,4,2272.496394242496,3,2,3,8
12376,333,3,1569.8347868816159,1,1,2,4
12377,8,6,2372.0360854160376,5,4,3,12
12378,65,11,6021.531331613325,3,5,5,13
12379,17,2,1488.5823197853924,5,1,2,8
12380,33,6,2859.0184986795557,4,4,4,12
12381,29,9,4913.946341860717,4,5,5,14
12382,119,3,1934.5516549334488,2,1,2,5
12383,100,6,2117.667606845924,2,4,3,9
12384,193,5,2659.1285754350006,1,3,3,7
12385,2,7,3665.212103087163,5,4,5,14
12386,28,7,4148.782952616817,4,4,5,13
12387,45,4,2604.2327092358814,3,2,3,8
12388,8,6,3595.9515024656275,5,4,5,14
12389,90,2,1060.981212339355,2,1,1,4
12390,140,7,3858.1441727167926,1,4,5,10
12391,5,8,4380.942638561482,5,5,5,15
12392,141,3,936.7323264820407,1,1,1,3
12393,57,6,2879.9311524981567,3,4,4,11
12394,58,5,2689.4398230654974,3,3,3,9
12395,48,6,2991.0888771369673,3,4,4,11
12396,65,6,2364.109244532123,3,4,3,10
12397,18,4,2503.035525366193,5,2,3,10
12398,11,7,2938.3973076512784,5,4,4,13
12399,19,8,5453.4277038442,5,5,5,15
12400,39,1,863.791088020486,4,1,1,6
12401,71,6,3728.148610861179,3,4,5,12
12402,65,6,2691.3065375171054,3,4,3,10
12403,188,4,2719.7369351198504,1,2,3,6
12404,88,4,1189.689546050939,2,2,1,5
12405,1,4,2186.667689236724,5,2,3,10
12406,14,4,1994.1098397803714,5,2,2,9
12407,179,2,1000.1346920067668,1,1,1,3
12408,137,9,5179.216728093109,1,5,5,11
12409,82,6,1657.365224572398,2,4,2,8
12410,121,4,1750.44559636182,2,2,2,6
12411,9,4,1786.6124472000115,5,2,2,9
12412,176,3,1874.888231588975,1,1,2,4
12413,182,5,2182.5280016045926,1,3,3,7
12414,49,7,2997.7061767911814,3,4,4,11
12415,21,7,4412.8386793451045,4,4,5,13
12416,55,14,5870.018639659159,3,5,5,13
12417,123,8,3466.7965241960824,2,5,4,11
12418,85,4,2217.5189250772555,2,2,3,7
12419,13,8,4304.902500879978,5,5,5,15
12420,1,11,4507.067057133823,5,5,5,15
12421,17,4,1992.9190565732458,5,2,2,9
12422,50,8,4053.9752247842425,3,5,5,13
12423,1,8,4491.909214560563,5,5,5,15
12424,5,7,4432.009919546662,5,4,5,14
12425,203,6,2738.683261665093,1,4,3,8
12426,11,4,2867.7366556368133,5,2,4,11
12427,232,4,2547.96269824221,1,2,3,6
12428,43,7,2600.422704765968,4,4,3,11
12429,26,10,4586.252182841341,4,5,5,14
12430,69,4,2193.480392190735,3,2,3,8
12431,30,6,3428.203430423716,4,4,4,12
12432,52,6,3313.883356825048,3,4,4,11
12433,71,4,2015.2075438720958,3,2,2,7
12434,16,5,3180.5150323211997,5,3,4,12
12435,41,5,1791.0237639764537,4,3,2,9
12436,171,5,2510.765194068108,1,3,3,7
12437,37,4,1883.330613190312,4,2,2,8
12438,152,4,1517.5143491588055,1,2,2,5
12439,13,4,2747.6058684095215,5,2,4,11
12440,13,5,3351.663352473224,5,3,4,12
12441,8,7,4479.161256464742,5,4,5,14
12442,38,5,1931.9220443253587,4,3,2,9
12443,136,2,1498.8015197859554,1,1,2,4
12444,196,4,2250.847704702977,1,2,3,6
12445,146,4,1670.929099003175,1,2,2,5
12446,213,1,163.91648681101225,1,1,1,3
12447,36,9,3493.832975338697,4,5,4,13
12448,109,6,4740.1452388360685,2,4,5,11
12449,131,4,813.1826917241012,2,2,1,5
12450,97,3,724.9364333539174,2,1,1,4
12451,44,5,3175.899999741075,3,3,4,10
12452,78,6,2786.859804355569,2,4,4,10
12453,301,3,1839.324434184893,1,1,2,4
12454,33,4,1854.309447295776,4,2,2,8
12455,69,7,3778.7624111706727,3,4,5,12
12456,30,7,2207.0980668964717,4,4,3,11
12457,27,7,2861.3780066116674,4,4,4,12
12458,53,3,1019.163022436632,3,1,1,5
12459,65,2,1047.5682126901793,3,1,1,5
12460,198,2,1066.9253152658232,1,1,1,3
12461,44,7,4746.457013651075,3,4,5,12
12462,60,6,2845.508032820248,3,4,4,11
12463,5,4,1575.5440207063589,5,2,2,9
12464,101,2,483.2826082495995,2,1,1,4
12465,55,2,1541.438737185289,3,1,2,6
12466,77,3,1773.1054816094897,2,1,2,5
12467,31,7,2100.232451313211,4,4,3,11
12468,83,3,1135.8895752062056,2,1,1,4
12469,44,5,3234.41340883975,3,3,4,10
12470,96,6,1203.7233128674472,2,4,1,7
12471,72,4,982.5984344125841,3,2,1,6
12472,194,6,3155.7425345459724,1,4,4,9
12473,15,6,4077.1474510671587,5,4,5,14
12474,10,7,4508.137296993859,5,4,5,14
12475,70,4,2976.548999071836,3,2,4,9
12476,190,5,1785.311675070117,1,3,2,6
12477,216,3,1554.272320739744,1,1,2,4
12478,15,4,3141.063818352174,5,2,4,11
12479,121,4,2301.1523458939064,2,2,3,7
12480,127,6,2946.5418242116048,2,4,4,10
12481,1,5,2845.454026878848,5,3,4,12
12482,122,5,2454.1671548749855,2,3,3,8
12483,28,4,2672.2224622228914,4,2,3,9
12484,9,5,2148.9770268826082,5,3,3,11
12485,14,6,1564.7528313301393,5,4,2,11
12486,94,6,2717.1199414074076,2,4,3,9
12487,27,10,4190.819364259554,4,5,5,14
12488,320,2,913.6673291716407,1,1,1,3
12489,10,5,2055.5017013601114,5,3,2,10
12490,19,8,3051.722114324987,5,5,4,14
12491,15,3,206.97576034200546,5,1,1,7
12492,178,2,388.68397787021297,1,1,1,3
12493,164,6,1933.1110323207417,1,4,2,7
12494,110,5,3067.5229359819023,2,3,4,9
12495,256,3,1185.7354360605877,1,1,1,3
12496,134,3,2451.926150204861,1,1,3,5
12497,101,4,2223.0861913481654,2,2,3,7
12498,11,4,1587.9936095813464,5,2,2,9
12499,128,3,1631.3040681704724,2,1,2,5
12500,87,4,2670.742599628093,2,2,3,7
12501,147,9,6253.90362284157,1,5,5,11
12502,219,2,1286.2432941058264,1,1,1,3
12503,122,4,2216.729087121746,2,2,3,7
12504,86,4,524.780788933818,2,2,1,5
12505,39,10,5846.469036605528,4,5,5,14
12506,58,4,2676.679965195023,3,2,3,8
12507,11,5,2614.469644241237,5,3,3,11
12508,251,3,1636.5470974492184,1,1,2,4
12509,188,6,3435.557781092197,1,4,4,9
12510,79,5,2653.7796821567204,2,3,3,8
12511,124,5,2017.386558886314,2,3,2,7
12512,16,12,6396.92703977821,5,5,5,15
12513,69,5,3222.6532231920587,3,3,4,10
12514,94,9,4421.377400412269,2,5,5,12
12515,189,5,1745.6217368321174,1,3,2,6
12516,128,3,1723.7984616034616,2,1,2,5
12517,11,3,1219.4649141252623,5,1,1,7
12518,16,3,1945.415779436926,5,1,2,8
12519,185,3,1620.8243722794944,1,1,2,4
12520,143,5,3465.4102243026064,1,3,4,8
12521,37,7,3416.92869617579,4,4,4,12
12522,171,4,1666.102925118671,1,2,2,5
12523,4,2,144.4010763529945,5,1,1,7
12524,85,6,3513.5731063104085,2,4,4,10
12525,3,8,2992.820594087,5,5,4,14
12526,53,7,4164.442614673184,3,4,5,12
12527,37,7,3092.2325146582607,4,4,4,12
12529,396,1,771.1374595340786,1,1,1,3
12530,64,9,4197.528981936718,3,5,5,13
12531,164,3,2763.861682241742,1,1,4,6
12532,10,5,2347.5913648748515,5,3,3,11
12533,69,4,1969.1269229943948,3,2,2,7
12534,17,9,6737.499569445835,5,5,5,15
12535,69,7,4454.354264325893,3,4,5,12
12536,24,5,1485.747506779747,4,3,2,9
12537,113,5,3085.5288317685145,2,3,4,9
12538,16,6,2698.041225608152,5,4,3,12
12539,8,8,5146.048472226565,5,5,5,15
12540,43,6,3641.517824532682,4,4,5,13
12541,43,3,1748.4623739311137,4,1,2,7
12542,102,2,222.251976679903,2,1,1,4
12543,25,6,3737.366596222536,4,4,5,13
12544,11,6,2627.290166513397,5,4,3,12
12545,30,5,2923.263955221349,4,3,4,11
12546,4,5,2487.7008427658457,5,3,3,11
12547,32,6,3422.5445151980794,4,4,4,12
12548,57,5,2131.4397524093265,3,3,3,9
12549,36,8,4288.679292720223,4,5,5,14
12550,337,1,23.136836708843077,1,1,1,3
12551,19,6,2510.2411466126,5,4,3,12
12552,17,8,5104.195277517103,5,5,5,15
12553,4,6,5003.541348645396,5,4,5,14
12554,46,5,2563.6760745795386,3,3,3,9
12555,183,1,803.4981977747842,1,1,1,3
12556,16,8,2822.481553170549,5,5,4,14
12557,52,5,2788.794672099279,3,3,4,10
12558,34,5,3075.423774583906,4,3,4,11
12559,44,4,2213.0686831507746,3,2,3,8
12560,205,3,1846.0015204579556,1,1,2,4
12561,79,9,5210.09694826038,2,5,5,12
12562,4,2,503.07999900757045,5,1,1,7
12563,28,9,4194.479470908738,4,5,5,14
12564,68,7,2404.4608120355992,3,4,3,10
12565,4,2,1173.7957226283174,5,1,1,7
12566,138,4,1392.321303773812,1,2,1,4
12567,5,5,2444.1846053759814,5,3,3,11
12568,11,9,5343.608396031373,5,5,5,15
12569,10,8,3955.2271516452083,5,5,5,15
12570,199,9,4393.64425056476,1,5,5,11
12571,146,5,2887.7034340262558,1,3,4,8
12572,144,3,2027.8444725380182,1,1,2,4
12573,157,5,3202.305197107101,1,3,4,8
12574,1,5,4382.355897316926,5,3,5,13
12575,69,2,1112.410158972395,3,1,1,5
12576,3,5,3312.646232167698,5,3,4,12
12577,43,4,2456.6757396163684,4,2,3,9
12578,121,6,4932.126989696901,2,4,5,11
12579,144,5,2537.6993523063616,1,3,3,7
12580,48,1,878.6590843984744,3,1,1,5
12581,44,5,2455.979083619736,3,3,3,9
12582,45,7,4300.583748619965,3,4,5,12
12583,68,5,668.3023735973677,3,3,1,7
12584,21,4,3231.372212456231,4,2,4,10
12585,58,6,2696.4193817327496,3,4,3,10
12586,249,2,633.3380028717082,1,1,1,3
12587,78,8,3788.4284297344866,2,5,5,12
12588,5,6,1892.7603587215694,5,4,2,11
12589,1,5,2174.187242016626,5,3,3,11
12590,85,9,6391.1514466442295,2,5,5,12
12591,18,8,4146.042747829603,5,5,5,15
12592,129,7,4916.43932961217,2,4,5,11
12593,81,3,1906.809551142407,2,1,2,5
12594,113,5,3195.0695432123425,2,3,4,9
12595,77,7,3027.926956717314,2,4,4,10
12596,33,5,3083.6233544355437,4,3,4,11
12597,19,6,3592.53761708883,5,4,5,14
12598,113,8,4303.960041921118,2,5,5,12
12599,28,6,2500.766368096721,4,4,3,11
12600,94,4,2847.0502059976843,2,2,4,8
12601,33,8,3697.3917740693378,4,5,5,14
12602,140,4,1770.0483765106233,1,2,2,5
12603,18,3,1244.2232240594146,5,1,1,7
12604,95,7,4126.729460828622,2,4,5,11
12605,169,4,2173.1795058540743,1,2,3,6
12606,92,3,454.1814606111893,2,1,1,4
12607,105,5,2297.3280374731426,2,3,3,8
12608,60,8,2839.304384176232,3,5,4,12
12609,161,2,287.40991941074856,1,1,1,3
12610,7,8,4509.865648602849,5,5,5,15
12611,70,4,2444.0402735242064,3,2,3,8
12612,24,3,1811.899374914929,4,1,2,7
12613,18,10,3605.363456350202,5,5,5,15
12614,9,6,2712.7953245643566,5,4,3,12
12615,108,5,2868.0052443238387,2,3,4,9
12616,62,4,1499.1216926690959,3,2,2,7
12617,114,1,641.058543351407,2,1,1,4
12618,84,5,1517.3565714586252,2,3,2,7
12619,112,3,1429.621588448932,2,1,2,5
12620,15,4,2027.8838290545573,5,2,2,9
12621,19,7,3181.372337861659,5,4,4,13
12622,2,9,5841.439079774997,5,5,5,15
12623,230,3,1566.3245325701394,1,1,2,4
12624,23,5,3123.9776056327264,4,3,4,11
12625,28,3,1867.78300457827,4,1,2,7
12626,12,4,2666.859335212269,5,2,3,10
12627,26,5,2703.137733459361,4,3,3,10
12628,96,5,2096.6812680236417,2,3,3,8
12629,6,8,5466.052192329475,5,5,5,15
12630,139,2,970.0003742189782,1,1,1,3
12631,124,4,2270.5583032892705,2,2,3,7
12632,60,8,5997.220861782491,3,5,5,13
12633,109,4,2474.0319583787573,2,2,3,7
12634,138,5,1923.9774011363484,1,3,2,6
12635,18,6,2550.3253410835664,5,4,3,12
12636,136,4,1609.5764668128086,1,2,2,5
12637,309,2,1617.2682337241854,1,1,2,4
12638,26,3,1305.2641253412094,4,1,1,6
12639,29,2,817.1025792066948,4,1,1,6
12640,22,6,3909.8244012393775,4,4,5,13
12641,33,7,2460.3407482321622,4,4,3,11
12642,201,2,1585.463611843691,1,1,2,4
12643,120,4,1759.7395256471232,2,2,2,6
12644,77,2,1227.6785468927928,2,1,1,4
12645,170,2,1101.8783785882,1,1,1,3
12646,86,7,2113.8195516318715,2,4,3,9
12647,7,6,2046.8670896081983,5,4,2,11
12648,15,4,2189.3451814344935,5,2,3,10
12649,45,5,2506.6213159302233,3,3,3,9
12650,128,3,2173.6060072488012,2,1,3,6
12651,195,3,1902.1983970851575,1,1,2,4
12652,64,5,1935.8253904664512,3,3,2,8
12653,33,2,1283.2750927672375,4,1,1,6
12654,16,8,3335.848803579218,5,5,4,14
12655,21,6,3151.7544299843003,4,4,4,12
12656,80,9,3933.7854318938357,2,5,5,12
12657,84,4,2746.0118456709815,2,2,4,8
12658,29,5,2335.477021668757,4,3,3,10
12659,9,5,2758.5395391679713,5,3,4,12
12660,35,4,1475.3975656457337,4,2,2,8
12661,110,5,2920.931730368509,2,3,4,9
12662,24,8,4908.484205467721,4,5,5,14
12663,42,5,3051.3311850362606,4,3,4,11
12664,71,5,2548.766786468038,3,3,3,9
12665,196,2,187.36640711697024,1,1,1,3
12666,22,11,3608.561039826969,4,5,5,14
12667,22,5,2803.307654783603,4,3,4,11
12668,299,4,1977.964482478636,1,2,2,5
12669,11,5,2257.093926354911,5,3,3,11
12670,95,5,4120.80503183685,2,3,5,10
12671,87,8,5847.032093016028,2,5,5,12
12672,22,3,1907.3510090792397,4,1,2,7
12673,107,5,2938.899904308098,2,3,4,9
12674,65,5,1866.6329777124743,3,3,2,8
12675,156,6,4448.156483497454,1,4,5,10
12676,164,8,5039.728992408534,1,5,5,11
12677,144,4,2247.204323138691,1,2,3,6
12678,60,6,3528.8967993764963,3,4,4,11
12679,35,4,2506.7022628722375,4,2,3,9
12680,191,5,3441.187205933768,1,3,4,8
12681,324,2,1328.9572493994656,1,1,1,3
12682,49,7,4094.0715117800664,3,4,5,12
12683,121,2,1051.5612938160148,2,1,1,4
12684,108,2,264.48115961689507,2,1,1,4
12685,25,3,2073.151786981244,4,1,2,7
12686,8,7,4170.139720569669,5,4,5,14
12687,10,8,3715.5000804458023,5,5,5,15
12688,66,6,1192.9832652613773,3,4,1,8
12689,181,2,963.8322226633819,1,1,1,3
12690,137,6,3115.665645480516,1,4,4,9
12691,14,5,2276.541126943866,5,3,3,11
12692,73,7,2870.7218521538093,3,4,4,11
12693,63,4,1405.5890066482918,3,2,1,6
12694,29,7,3952.628233811359,4,4,5,13
12695,53,5,3017.5657376119443,3,3,4,10
12696,12,5,3390.780787946739,5,3,4,12
12697,22,7,2427.0073910247606,4,4,3,11
12698,232,3,2180.806854061338,1,1,3,5
12699,31,5,2164.5532510009525,4,3,3,10
12700,56,6,2401.7920144839572,3,4,3,10
12701,59,6,1812.2983424442443,3,4,2,9
12702,70,5,1576.8893564903399,3,3,2,8
12703,10,7,2897.844970892944,5,4,4,13
12704,299,5,1997.90639465802,1,3,2,6
12705,45,6,3556.8061352824325,3,4,5,12
12706,78,7,3202.312793741757,2,4,4,10
12707,71,3,1304.7744026915332,3,1,1,5
12708,53,3,1458.096434876272,3,1,2,6
12709,4,8,5129.663521309301,5,5,5,15
12710,184,6,2743.480225161733,1,4,4,9
12711,7,3,1009.1314453427417,5,1,1,7
12712,68,11,4417.717191316165,3,5,5,13
12713,100,4,2369.0656986005943,2,2,3,7
12714,5,6,3293.3186053926406,5,4,4,13
12715,189,5,2089.7658807712305,1,3,3,7
12716,135,4,2817.9228529437514,1,2,4,7
12717,56,5,1407.0439687241742,3,3,1,7
12718,147,4,2505.272556559138,1,2,3,6
12719,148,3,1372.2343099554082,1,1,1,3
12720,83,6,3360.1083876843277,2,4,4,10
12721,81,6,2414.7542373316464,2,4,3,9
12722,62,6,3090.0492535368953,3,4,4,11
12723,59,5,1855.895970787537,3,3,2,8
12724,154,4,2676.473628193323,1,2,3,6
12725,27,3,1528.587539596065,4,1,2,7
12726,22,5,3286.894325931098,4,3,4,11
12728,22,6,3275.032603526415,4,4,4,12
12729,77,9,5191.131415838494,2,5,5,12
12730,177,3,1848.8781931094306,1,1,2,4
12731,228,2,1045.8339901984166,1,1,1,3
12732,89,6,1879.7119391987408,2,4,2,8
12733,74,6,1653.3805446367933,3,4,2,9
12734,18,6,3059.7406697371466,5,4,4,13
12735,1,7,2392.1682715057414,5,4,3,12
12736,16,7,3051.8777443581052,5,4,4,13
12737,33,5,3538.7521104752386,4,3,4,11
12738,14,4,975.7461081986829,5,2,1,8
12739,179,7,3089.189161577645,1,4,4,9
12740,11,7,3433.92605531762,5,4,4,13
12741,21,3,1781.7334511816055,4,1,2,7
12742,37,4,2890.779362359205,4,2,4,10
12743,50,4,3075.292905527829,3,2,4,9
12744,46,5,3321.987460515643,3,3,4,10
12745,38,5,2842.1843504725484,4,3,4,11
12746,43,8,3462.715899767317,4,5,4,13
12747,141,2,941.2943531886935,1,1,1,3
12748,14,8,3218.241038371004,5,5,4,14
12749,22,5,3373.222710333607,4,3,4,11
12750,40,9,5555.195384672757,4,5,5,14
12751,73,6,3060.9563474874126,3,4,4,11
12752,13,5,3237.857569626336,5,3,4,12
12753,33,2,1054.820816452658,4,1,1,6
12754,12,6,2048.2794595453056,5,4,2,11
12755,48,5,2859.08008063324,3,3,4,10
12756,83,8,4023.4355739671764,2,5,5,12
12757,26,2,1456.067355068922,4,1,2,7
12758,254,3,994.140335185594,1,1,1,3
12759,6,4,1296.6996196236232,5,2,1,8
12760,40,4,1382.24316998659,4,2,1,7
12761,136,3,882.0517310810031,1,1,1,3
12762,51,3,832.131101531442,3,1,1,5
12763,106,3,1510.3799439313327,2,1,2,5
12764,11,6,2042.282243214823,5,4,2,11
12765,45,3,1623.0687426551938,3,1,2,6
12766,10,6,1823.6113200783732,5,4,2,11
12767,77,4,3284.1341646222813,2,2,4,8
12768,21,2,649.8243620150733,4,1,1,6
12769,13,10,4865.7406945623725,5,5,5,15
12770,196,4,2036.7728087149735,1,2,2,5
12771,54,7,2687.7275253211546,3,4,3,10
12772,113,4,1821.41873027253,2,2,2,6
12773,42,4,2112.4442999600537,4,2,3,9
12774,40,8,5274.162467396042,4,5,5,14
12775,58,8,3359.2074033414665,3,5,4,12
12776,52,7,2539.5646083610995,3,4,3,10
12777,142,3,1202.876318675153,1,1,1,3
12778,90,3,524.6022911540283,2,1,1,4
12779,15,5,3821.6073912163665,5,3,5,13
12780,9,9,4078.2945595210554,5,5,5,15
12781,31,7,4032.809418031669,4,4,5,13
12782,49,7,2876.243232022144,3,4,4,11
12783,298,4,1193.5545145524538,1,2,1,4
12784,37,4,2256.133930150091,4,2,3,9
12785,27,4,1961.1128500246941,4,2,2,8
12786,36,6,2675.8594587437324,4,4,3,11
12787,6,8,4571.534363609406,5,5,5,15
12788,2,6,2425.84171757173,5,4,3,12
12789,66,5,3514.5431101583636,3,3,4,10
12790,58,4,2172.106861228573,3,2,3,8
12791,47,7,3191.7403199658497,3,4,4,11
12792,279,1,646.2242199275797,1,1,1,3
12793,67,6,3461.742590623602,3,4,4,11
12794,23,5,2378.046186870307,4,3,3,10
12795,130,3,1909.355416349714,2,1,2,5
12796,58,5,1711.981002402428,3,3,2,8
12797,54,6,2251.975212880914,3,4,3,10
12798,231,4,1618.1249349054901,1,2,2,5
12799,25,4,2985.3040728423766,4,2,4,10
12800,99,3,1597.8406864898311,2,1,2,5
12801,39,12,5700.683586729919,4,5,5,14
12802,79,4,1545.6154700595032,2,2,2,6
12803,11,6,3604.0325999169477,5,4,5,14
12804,10,10,4598.913421224825,5,5,5,15
12805,74,7,3868.0652569010986,3,4,5,12
12806,323,3,1786.3575650540588,1,1,2,4
12807,67,5,2735.8232651524168,3,3,3,9
12808,5,6,3329.9937193624164,5,4,4,13
12809,3,11,4622.983741396453,5,5,5,15
12810,59,5,2107.5654288970045,3,3,3,9
12811,20,7,2994.597846960676,4,4,4,12
12812,43,8,5188.70753453873,4,5,5,14
12813,18,6,4026.5213302636143,5,4,5,14
12814,167,2,1569.1901879754228,1,1,2,4
12815,76,5,2800.560943348134,3,3,4,10
12816,74,7,4916.560140101346,3,4,5,12
12817,35,7,3164.6365191296445,4,4,4,12
12818,50,8,4332.578792383525,3,5,5,13
12819,26,6,1734.5943848137226,4,4,2,10
12820,13,8,3158.214388118011,5,5,4,14
12821,287,3,1944.1210951581102,1,1,2,4
12822,80,6,2949.9111194418138,2,4,4,10
12823,22,7,4750.3816371610665,4,4,5,13
12824,59,8,4471.174392161191,3,5,5,13
12825,85,9,3842.0831680832575,2,5,5,12
12826,50,5,3192.9132821080316,3,3,4,10
12827,39,3,2068.1790778059953,4,1,2,7
12828,52,4,1672.861124956325,3,2,2,7
12829,135,7,3312.9670844161747,1,4,4,9
12830,136,4,2573.6945568858764,1,2,3,6
12831,173,1,238.11354435395657,1,1,1,3
12832,72,4,2699.290010643999,3,2,3,8
12833,104,9,4425.336626791176,2,5,5,12
12834,77,2,1424.7976308092107,2,1,2,5
12835,243,4,2954.055245007036,1,2,4,7
12836,101,5,1883.9148302727651,2,3,2,7
12837,29,4,2271.407087081322,4,2,3,9
12838,14,4,1928.882005908837,5,2,2,9
12839,4,6,3262.970588300972,5,4,4,13
12840,206,7,3717.031332866334,1,4,5,10
12841,14,4,1484.149014532642,5,2,2,9
12842,17,9,4673.074529117296,5,5,5,15
12843,170,4,3041.247652047129,1,2,4,7
12844,34,7,3347.1511838425117,4,4,4,12
12845,51,5,1766.4634454832599,3,3,2,8
12846,110,4,2897.0549899285143,2,2,4,8
12847,54,9,5287.624895863028,3,5,5,13
12848,63,6,2940.5153254318698,3,4,4,11
12849,33,2,218.94034759476034,4,1,1,6
12850,185,6,3099.6226817393617,1,4,4,9
12851,107,6,2000.5091316895296,2,4,2,8
12852,132,2,1448.1088072574703,2,1,2,5
12853,16,5,2733.0639924940488,5,3,3,11
12854,198,3,1501.6784707984348,1,1,2,4
12855,93,3,1920.5424707629284,2,1,2,5
12856,174,4,1747.5694276042182,1,2,2,5
12857,12,4,3192.1619056953327,5,2,4,11
12858,118,4,1610.869951805901,2,2,2,6
12859,25,2,491.9781480103888,4,1,1,6
12860,147,5,2874.9164746798338,1,3,4,8
12861,34,6,3027.828786896861,4,4,4,12
12862,7,5,2630.9047147579263,5,3,3,11
12863,3,3,1114.2338160347322,5,1,1,7
12864,29,2,748.8687855968695,4,1,1,6
12865,102,6,3026.635581521379,2,4,4,10
12866,36,3,1904.658045749505,4,1,2,7
12867,51,9,4755.524957194126,3,5,5,13
12868,42,2,1325.034896612091,4,1,1,6
12869,284,2,835.8408958779761,1,1,1,3
12870,19,4,1243.4850455390927,5,2,1,8
12871,24,5,4125.159868388602,4,3,5,12
12872,19,6,3316.6046831704653,5,4,4,13
12873,193,3,1623.4358459526047,1,1,2,4
12874,38,5,1772.4219511623692,4,3,2,9
12875,112,1,552.7610315238069,2,1,1,4
12876,32,4,2206.598655364209,4,2,3,9
12877,12,3,1750.9105240293284,5,1,2,8
12878,45,3,668.1558882798842,3,1,1,5
12879,78,5,2911.9322221676643,2,3,4,9
12880,240,2,1220.2187849946763,1,1,1,3
12881,5,2,740.0449051210455,5,1,1,7
12882,73,6,2638.1226199665402,3,4,3,10
12883,6,6,2297.178699383085,5,4,3,12
12884,113,6,2918.935682568739,2,4,4,10
12885,175,6,2782.4703821779885,1,4,4,9
12887,2,10,3916.490019067716,5,5,5,15
12888,28,5,2936.4427350607943,4,3,4,11
12889,41,3,570.1833311805224,4,1,1,6
12890,140,4,1535.344142821999,1,2,2,5
12891,118,4,2969.6962585219935,2,2,4,8
12892,134,4,1305.8782043796136,1,2,1,4
12893,39,6,3934.5764472109386,4,4,5,13
12895,9,6,3745.9118800237443,5,4,5,14
12896,35,7,3650.5312960358715,4,4,5,13
12897,97,5,2579.194490465229,2,3,3,8
12898,231,5,2281.277868968443,1,3,3,7
12899,62,5,2821.2684855632465,3,3,4,10
12900,89,4,1069.1894765367122,2,2,1,5
12901,76,2,1715.0874143534877,3,1,2,6
12902,42,3,1449.4756334946928,4,1,2,7
12903,17,5,2105.576946978367,5,3,3,11
12904,41,3,609.6762088427809,4,1,1,6
12905,34,4,3146.6900768231676,4,2,4,10
12906,27,4,1922.5045054944503,4,2,2,8
12907,15,5,2625.4550971392446,5,3,3,11
12908,146,1,174.82528665410194,1,1,1,3
12909,164,4,1430.349244391186,1,2,2,5
12910,217,2,788.4407517603175,1,1,1,3
12911,37,6,1899.826965502522,4,4,2,10
12912,12,6,2677.875645896744,5,4,3,12
12913,59,5,3723.034837514711,3,3,5,11
12914,94,3,1539.7501682699524,2,1,2,5
12915,175,5,2011.9288426623527,1,3,2,6
12916,150,3,1454.700844373849,1,1,2,4
12917,62,3,1381.4806017364533,3,1,1,5
12918,47,7,4103.135273108908,3,4,5,12
12919,295,2,786.9378622480089,1,1,1,3
12920,20,5,2994.2672520439282,4,3,4,11
12921,56,4,1822.6979335403778,3,2,2,7
12922,16,11,5280.8758240610805,5,5,5,15
12923,1,6,2430.875383591835,5,4,3,12
12924,119,6,2987.9796762362953,2,4,4,10
12925,32,4,2241.724045741151,4,2,3,9
12926,13,14,6094.09765896163,5,5,5,15
12927,17,6,2193.1570882407045,5,4,3,12
12928,86,4,1835.9085245407844,2,2,2,6
12929,57,4,1823.5016717446492,3,2,2,7
12930,3,3,1826.7391121406688,5,1,2,8
12931,18,5,2443.7922666337818,5,3,3,11
12932,5,4,2165.4683126894547,5,2,3,10
12933,112,3,1766.9365658824925,2,1,2,5
12934,65,9,4052.95801939562,3,5,5,13
12935,76,12,4456.784734365608,3,5,5,13
12936,76,4,1768.8545291446999,3,2,2,7
12937,177,6,1402.6473224403308,1,4,1,6
12938,360,1,845.7964284609185,1,1,1,3
12939,70,6,4437.723990997499,3,4,5,12
12940,31,10,3337.9401382529013,4,5,4,13
12941,129,7,3026.356384915636,2,4,4,10
12942,82,4,2010.2326938345764,2,2,2,6
12943,6,3,2004.6130269728485,5,1,2,8
12944,30,4,2227.7426760408903,4,2,3,9
12945,66,9,5941.335743634912,3,5,5,13
12946,26,8,4984.713283908935,4,5,5,14
12947,66,8,3187.788235336889,3,5,4,12
12948,17,2,963.9064846963281,5,1,1,7
12949,52,6,2989.0073645515286,3,4,4,11
12950,5,4,2270.778227169377,5,2,3,10
12951,115,2,1379.6480244533898,2,1,1,4
12952,1,7,3568.4293003490297,5,4,5,14
12953,90,6,3581.9020746635006,2,4,5,11
12954,5,5,2522.9714361700326,5,3,3,11
12955,5,2,1053.8444282754344,5,1,1,7
12956,10,4,2329.7893916400217,5,2,3,10
12957,23,3,1439.1075455856544,4,1,2,7
12958,72,3,1426.430885217952,3,1,2,6
12959,36,4,2294.4262313228787,4,2,3,9
12960,72,4,1184.060250384275,3,2,1,6
12961,64,4,1787.4886937426138,3,2,2,7
12962,16,3,1289.3747833234897,5,1,1,7
12963,9,8,3418.9506512659405,5,5,4,14
12964,22,5,2620.355213521213,4,3,3,10
12965,14,8,2492.484161208341,5,5,3,13
12966,293,2,1129.1178962641477,1,1,1,3
12967,89,5,1326.537731125995,2,3,1,6
12968,23,5,2901.589329574599,4,3,4,11
12969,53,3,1531.1205631100727,3,1,2,6
12970,18,1,990.1667406130897,5,1,1,7
12971,60,5,2375.8635884215287,3,3,3,9
12972,66,7,4370.837115384975,3,4,5,12
12973,77,5,2119.634004143639,2,3,3,8
12974,222,3,1363.0998725464515,1,1,1,3
12975,8,5,3035.720687430903,5,3,4,12
12976,125,5,2849.7173626997364,2,3,4,9
12977,33,6,2736.0621320356545,4,4,3,11
12978,61,6,2604.7566195333015,3,4,3,10
12979,56,7,3065.878894021213,3,4,4,11
12980,98,6,3396.818321869062,2,4,4,10
12981,69,2,338.0615801590348,3,1,1,5
12982,144,4,1872.8270280960426,1,2,2,5
12983,162,1,889.8106132944333,1,1,1,3
12984,37,8,3628.0580447368743,4,5,5,14
12985,13,4,1589.0257411324392,5,2,2,9
12986,9,9,5307.720462219366,5,5,5,15
12987,57,5,2116.2583448880378,3,3,3,9
12988,6,4,1156.1231878502635,5,2,1,8
12989,40,5,2502.8853315764195,4,3,3,10
12990,96,8,4073.321299988159,2,5,5,12
12991,33,7,3551.3791099490163,4,4,5,13
12992,19,4,1645.0059931715984,5,2,2,9
12994,40,6,4373.037265468448,4,4,5,13
12995,80,6,3578.1535224913378,2,4,5,11
12996,35,8,2750.92603901003,4,5,4,13
12997,104,3,1019.9228046368777,2,1,1,4
12998,91,4,2997.748358139755,2,2,4,8
12999,272,2,1092.9343554205034,1,1,1,3
13000,203,3,1405.2340088848741,1,1,1,3
13001,27,1,52.63756500326504,4,1,1,6
13002,153,2,1133.4728734317687,1,1,1,3
13003,220,1,436.99972714448677,1,1,1,3
13004,412,2,1398.0413252319645,1,1,1,3
13005,9,3,1462.381532118442,5,1,2,8
13006,9,8,5065.726294845841,5,5,5,15
13007,139,9,4074.1241548340536,1,5,5,11
13008,259,6,4143.94980426211,1,4,5,10
13009,59,4,1566.7518396794999,3,2,2,7
13010,6,4,2512.7675345637635,5,2,3,10
13011,32,3,1457.7966710940943,4,1,2,7
13012,84,3,1313.8719729514569,2,1,1,4
13013,2,8,4763.112170133329,5,5,5,15
13014,60,5,3566.5431870647853,3,3,5,11
13015,75,4,1594.5839008976197,3,2,2,7
13016,36,7,4537.417202092893,4,4,5,13
13017,32,5,1685.2936587269257,4,3,2,9
13018,75,5,2251.6240850575546,3,3,3,9
13019,115,4,1692.8158792235577,2,2,2,6
13020,20,6,3515.2924530806145,4,4,4,12
13021,23,5,3175.732779752302,4,3,4,11
13022,41,3,1266.0918045880585,4,1,1,6
13023,12,8,3710.67402012812,5,5,5,15
13024,4,6,2817.567884674377,5,4,4,13
13025,67,4,2341.0003096373716,3,2,3,8
13026,114,2,695.5976582400397,2,1,1,4
13027,92,5,3275.70350480288,2,3,4,9
13028,59,4,2538.9986129763342,3,2,3,8
13029,162,2,941.7890063236684,1,1,1,3
13030,180,4,1708.2000545363087,1,2,2,5
13031,98,5,3004.746330848967,2,3,4,9
13032,415,1,807.9455355671207,1,1,1,3
13033,10,8,4545.422859051035,5,5,5,15
13034,30,6,3120.651197984558,4,4,4,12
13035,91,5,1563.8778421321329,2,3,2,7
13036,2,2,716.3212391404045,5,1,1,7
13037,46,8,3583.532291886046,3,5,5,13
13038,52,4,2183.3398442656303,3,2,3,8
13039,12,6,3243.3233959505233,5,4,4,13
13040,35,7,4757.744350892516,4,4,5,13
13041,251,1,5.65323885199351,1,1,1,3
13042,52,7,3531.3538481141313,3,4,4,11
13043,42,6,3233.722276569869,4,4,4,12
13044,29,5,3042.8442913730178,4,3,4,11
13045,92,8,3468.257276681972,2,5,4,11
13046,46,6,2554.1396996210874,3,4,3,10
13047,6,8,4991.840935750536,5,5,5,15
13048,5,5,2778.060075180872,5,3,4,12
13049,52,8,3462.8859370164855,3,5,4,12
13050,31,6,4019.8665975371255,4,4,5,13
13051,39,2,1061.110618537302,4,1,1,6
13052,31,11,5570.190715548392,4,5,5,14
13053,1,8,3670.1987168616647,5,5,5,15
13055,88,2,1378.0289765198042,2,1,1,4
13056,25,7,3625.781956959817,4,4,5,13
13057,83,4,1563.5151782129499,2,2,2,6
13058,4,4,2788.225938931117,5,2,4,11
13059,2,3,1669.2933726437884,5,1,2,8
13060,144,3,1410.9679122100956,1,1,1,3
13061,131,4,2438.788834287225,2,2,3,7
13062,116,5,3190.7367401756273,2,3,4,9
13063,105,7,3663.6748807901613,2,4,5,11
13064,247,4,3050.397038996159,1,2,4,7
13065,14,4,1356.242925324566,5,2,1,8
13066,47,9,4273.375852465733,3,5,5,13
13067,29,5,3318.5474540489245,4,3,4,11
13068,56,4,2512.7294343983267,3,2,3,8
13069,126,1,387.5927607082298,2,1,1,4
13070,95,5,1509.8952945213086,2,3,2,7
13071,39,3,1639.2820442000257,4,1,2,7
13072,245,3,1419.509307915628,1,1,2,4
13073,38,8,4200.602984783173,4,5,5,14
13074,57,3,666.5702435281798,3,1,1,5
13075,7,4,1742.046332752247,5,2,2,9
13076,25,5,1212.9410436613014,4,3,1,8
13077,89,3,1766.858279342087,2,1,2,5
13079,4,9,3416.373706302172,5,5,4,14
13080,20,6,2643.8868953163214,4,4,3,11
13081,28,6,3178.1388302901823,4,4,4,12
13082,36,11,6583.205285268998,4,5,5,14
13083,73,3,1849.09980050922,3,1,2,6
13084,2,12,4923.022923597008,5,5,5,15
13085,62,5,2278.824113140525,3,3,3,9
13086,109,2,921.0055387021544,2,1,1,4
13087,45,7,4083.637370196149,3,4,5,12
13088,97,5,1343.4388125621156,2,3,1,6
13089,20,7,3342.755857485973,4,4,4,12
13090,143,4,2566.035447190796,1,2,3,6
13091,134,2,1622.7465375654374,1,1,2,4
13092,67,6,1935.9093203956647,3,4,2,9
13093,35,7,3192.8220272227713,4,4,4,12
13094,67,7,3161.3543088978777,3,4,4,11
13095,71,6,2606.3354836177014,3,4,3,10
13096,45,3,1273.5610835249158,3,1,1,5
13097,118,8,4146.921950216955,2,5,5,12
13098,43,11,5549.441340167297,4,5,5,14
13099,58,7,2463.3575170850368,3,4,3,10
13100,10,4,1064.6162802691683,5,2,1,8
13101,246,3,1205.7003827806257,1,1,1,3
13102,82,5,2401.4540244319414,2,3,3,8
13103,126,4,1507.358655695886,2,2,2,6
13104,89,4,2681.4147397350753,2,2,3,7
13105,33,4,1418.4964318232667,4,2,1,7
13106,282,2,150.00246075975593,1,1,1,3
13107,269,2,1132.0941521510633,1,1,1,3
13108,182,6,1831.738947926636,1,4,2,7
13109,46,3,2090.557554428917,3,1,3,7
13110,37,6,3464.2885252787596,4,4,4,12
13111,4,9,4281.750610338919,5,5,5,15
13112,33,4,1635.952488624126,4,2,2,8
13113,61,3,1719.219491685115,3,1,2,6
13114,53,2,1069.7732233189272,3,1,1,5
13115,11,6,1961.8039282517957,5,4,2,11
13116,412,1,942.8165158119091,1,1,1,3
13117,1,6,3057.5665614185987,5,4,4,13
13118,251,4,2230.734992411546,1,2,3,6
13119,98,5,1786.6735540550908,2,3,2,7
13120,63,6,3979.6367381061655,3,4,5,12
13121,32,4,1741.1145016650162,4,2,2,8
13122,156,4,1885.879184742928,1,2,2,5
13123,4,5,3066.069349775546,5,3,4,12
13124,91,8,4399.794780858234,2,5,5,12
13125,68,6,2575.2246157363647,3,4,3,10
13126,83,5,2748.1114476537678,2,3,4,9
13127,50,5,2332.281463205847,3,3,3,9
13128,251,2,958.3361607275791,1,1,1,3
13129,1,6,3237.7176364210063,5,4,4,13
13130,25,8,5286.195705800908,4,5,5,14
13131,12,5,2776.5092231252825,5,3,4,12
13132,85,3,1962.2733245961754,2,1,2,5
13133,154,2,856.6629042825064,1,1,1,3
13134,46,9,3815.139333308436,3,5,5,13
13135,130,7,2670.3181039553574,2,4,3,9
13136,11,6,3856.836360126084,5,4,5,14
13137,88,2,1725.3115501217267,2,1,2,5
13138,55,3,1484.445403308493,3,1,2,6
13139,31,11,6639.947756491911,4,5,5,14
13140,50,4,1493.395598774467,3,2,2,7
13141,11,6,3293.205441968751,5,4,4,13
13142,84,5,1938.100457490446,2,3,2,7
13143,15,2,873.7003494224454,5,1,1,7
13144,206,3,2313.2535461176103,1,1,3,5
13145,79,7,3961.0355464768177,2,4,5,11
13146,96,6,3540.118732460547,2,4,4,10
13147,65,3,2043.6420805429043,3,1,2,6
13148,16,8,3971.2340959389708,5,5,5,15
13149,54,8,3628.013755583702,3,5,5,13
13150,14,3,1312.1767569044378,5,1,1,7
13151,101,3,1160.0952633788793,2,1,1,4
13152,143,4,2635.4025729895357,1,2,3,6
13153,109,2,453.4111599699347,2,1,1,4
13154,156,3,2417.0147969654695,1,1,3,5
13155,4,2,1027.3533628479759,5,1,1,7
13156,18,9,5731.308329964238,5,5,5,15
13157,39,2,1456.576983685483,4,1,2,7
13158,120,8,5719.484830997057,2,5,5,12
13159,64,5,1388.4002297725715,3,3,1,7
13160,5,6,2694.664496377789,5,4,3,12
13161,93,5,1076.9467012957878,2,3,1,6
13162,160,4,2543.406708268627,1,2,3,6
13163,6,8,3697.521356670327,5,5,5,15
13164,142,6,3420.7802840414215,1,4,4,9
13165,1,4,1258.538827961639,5,2,1,8
13166,56,4,1128.0718179783573,3,2,1,6
13167,31,8,4452.062932901292,4,5,5,14
13168,28,5,3622.2654845974816,4,3,5,12
13169,348,3,2200.1236089345894,1,1,3,5
13170,88,4,1223.3996066812006,2,2,1,5
13171,158,6,2650.575309034392,1,4,3,8
13172,45,3,1762.5933718937397,3,1,2,6
13173,55,3,912.7253278053965,3,1,1,5
13174,219,3,1330.9564437694562,1,1,1,3
13175,53,9,3166.500729911004,3,5,4,12
13176,38,3,2052.981424192979,4,1,2,7
13177,116,8,3895.280236906395,2,5,5,12
13178,8,8,3834.497039557182,5,5,5,15
13179,182,8,3675.828398120928,1,5,5,11
13180,55,5,2806.346237830919,3,3,4,10
13181,111,4,1758.7299007499141,2,2,2,6
13182,84,2,941.205804432097,2,1,1,4
13183,114,8,3575.9002063930793,2,5,5,12
13184,121,6,3398.142571007256,2,4,4,10
13186,2,11,5185.6722654147825,5,5,5,15
13187,23,3,1862.7806707858972,4,1,2,7
13188,189,2,610.4627827627087,1,1,1,3
13189,101,5,3023.212308263781,2,3,4,9
13190,328,1,626.2640882219932,1,1,1,3
13191,76,7,4089.7721294260964,3,4,5,12
13192,14,6,3327.0680755759554,5,4,4,13
13193,10,4,2215.7208846897583,5,2,3,10
13194,65,2,1027.1385446150973,3,1,1,5
13195,277,2,1205.3684013044465,1,1,1,3
13196,63,6,2878.1611552790605,3,4,4,11
13197,45,7,3485.8384688971423,3,4,4,11
13198,62,5,3047.602546811918,3,3,4,10
13199,3,6,2453.208855098036,5,4,3,12
13200,156,6,2599.4221848938532,1,4,3,8
13201,61,5,2551.355977772462,3,3,3,9
13202,43,8,5364.029389410838,4,5,5,14
13203,44,4,447.76964382950194,3,2,1,6
13204,114,6,2362.6797387908177,2,4,3,9
13205,57,5,1628.6398320073738,3,3,2,8
13206,54,7,3530.5812411633474,3,4,4,11
13207,4,6,4355.926278839756,5,4,5,14
13208,32,6,2735.6896801266385,4,4,3,11
13209,77,4,2367.743318870085,2,2,3,7
13210,75,2,967.6606888650269,3,1,1,5
13211,131,3,1442.3216756703218,2,1,2,5
13212,7,2,703.0358275657126,5,1,1,7
13213,4,9,3604.832728878159,5,5,5,15
13214,93,3,2020.1676765674301,2,1,2,5
13215,265,1,149.31101088908818,1,1,1,3
13216,50,6,3073.4088821159175,3,4,4,11
13217,119,7,3459.1846004214303,2,4,4,10
13218,108,5,2741.42244565704,2,3,4,9
13219,135,1,856.3996266374961,1,1,1,3
13220,107,4,2571.238783086016,2,2,3,7
13221,169,3,1000.7892086332912,1,1,1,3
13222,36,5,2129.121176983115,4,3,3,10
13223,12,2,434.18393092559614,5,1,1,7
13224,29,6,3156.3954062665794,4,4,4,12
13225,29,4,818.0965642381777,4,2,1,7
13226,15,4,2516.335730794772,5,2,3,10
13227,35,5,2544.195803317464,4,3,3,10
13228,35,3,1843.5448910130704,4,1,2,7
13229,67,10,4026.319752036817,3,5,5,13
13230,23,6,3295.558207336795,4,4,4,12
13231,108,3,1102.2619057171123,2,1,1,4
13232,88,6,3019.8087196853153,2,4,4,10
13233,75,5,2648.099792384609,3,3,3,9
13234,4,6,2818.351157620479,5,4,4,13
13235,106,4,1822.3864897397843,2,2,2,6
13236,25,4,2031.2634248649515,4,2,2,8
13237,132,4,2641.0054381450673,2,2,3,7
13238,16,7,3651.3967172989364,5,4,5,14
13239,16,11,5187.8582278966405,5,5,5,15
13240,42,9,3731.474764542662,4,5,5,14
13241,23,10,4676.382952298893,4,5,5,14
13242,14,5,2811.5851011012483,5,3,4,12
13243,131,2,1017.9440898395608,2,1,1,4
13244,66,5,3019.3472728647303,3,3,4,10
13245,43,7,4436.512245101303,4,4,5,13
13246,62,4,967.2469144389052,3,2,1,6
13247,208,4,2528.1444240174355,1,2,3,6
13248,3,7,3582.034796122497,5,4,5,14
13249,156,3,1820.4488346756632,1,1,2,4
13250,158,6,2784.793426404617,1,4,4,9
13251,60,6,2602.1202510047165,3,4,3,10
13252,89,6,3026.762675662783,2,4,4,10
13253,99,6,3188.975621816372,2,4,4,10
13254,53,4,2524.736299466039,3,2,3,8
13255,71,7,2720.301204467485,3,4,3,10
13256,45,6,2781.20646968859,3,4,4,11
13257,75,6,2398.2869965293917,3,4,3,10
13258,64,7,2701.1200732117386,3,4,3,10
13259,103,7,4290.8531909632775,2,4,5,11
13260,34,7,3787.587056701916,4,4,5,13
13261,156,6,4289.4718250796295,1,4,5,10
13262,7,7,3237.2983395835176,5,4,4,13
13263,23,7,4232.674192436067,4,4,5,13
13265,84,6,2115.194890025725,2,4,3,9
13267,78,7,3973.4845432788516,2,4,5,11
13268,19,6,2584.428317280788,5,4,3,12
13269,97,5,1960.67137247382,2,3,2,7
13270,101,5,3564.224454111637,2,3,5,10
13271,167,2,801.0733078311647,1,1,1,3
13272,30,5,2870.1494161010523,4,3,4,11
13273,91,2,1341.2903096425443,2,1,1,4
13274,91,7,2960.333142219152,2,4,4,10
13275,197,4,1774.4153496396602,1,2,2,5
13276,5,5,1465.257650428833,5,3,2,10
13277,7,5,3155.531090530515,5,3,4,12
13278,122,6,2781.162935989944,2,4,4,10
13279,66,4,2299.1431590296556,3,2,3,8
13280,62,1,662.6642592140549,3,1,1,5
13281,119,4,2584.918136965714,2,2,3,7
13282,31,5,3411.031015188229,4,3,4,11
13283,71,4,1466.4561356629035,3,2,2,7
13284,6,7,3104.680013299249,5,4,4,13
13285,70,4,1392.7616756873244,3,2,1,6
13286,13,8,4966.2503853899525,5,5,5,15
13287,65,5,2706.217265355669,3,3,3,9
13288,192,3,1030.7781904535257,1,1,1,3
13289,377,1,25.61032245759585,1,1,1,3
13290,230,4,2575.3199129976683,1,2,3,6
13291,119,4,2227.429486081462,2,2,3,7
13292,25,10,5930.2189857182475,4,5,5,14
13293,11,4,2460.2090105871225,5,2,3,10
13294,12,6,3726.143556060181,5,4,5,14
13295,141,7,5357.369443007092,1,4,5,10
13296,297,2,534.9092715087213,1,1,1,3
13297,91,6,2854.228929833583,2,4,4,10
13298,84,4,1700.1945718521165,2,2,2,6
13299,84,1,657.7117259413536,2,1,1,4
13300,108,4,1674.5637384440197,2,2,2,6
13301,97,6,3646.8792133511442,2,4,5,11
13302,31,6,3407.691039960477,4,4,4,12
13303,25,6,4462.5157204804855,4,4,5,13
13304,131,5,3146.3847476147716,2,3,4,9
13305,130,1,505.03584634171915,2,1,1,4
13306,44,8,4240.81947900643,3,5,5,13
13307,132,5,2196.58152666008,2,3,3,8
13308,125,6,3533.9766596876907,2,4,4,10
13309,208,3,2440.948361335386,1,1,3,5
13310,6,6,4157.076740994252,5,4,5,14
13311,110,6,4394.67087139137,2,4,5,11
13312,19,6,2722.7497097721925,5,4,3,12
13313,54,5,2385.7926259891246,3,3,3,9
13314,38,3,1464.3709005964522,4,1,2,7
13315,49,5,2394.6299198059305,3,3,3,9
13316,213,3,716.3095593432229,1,1,1,3
13317,2,4,1262.4604645348766,5,2,1,8
13318,37,5,2590.9435810180917,4,3,3,10
13319,35,5,2189.307866220642,4,3,3,10
13320,2,5,3188.864341005231,5,3,4,12
13321,7,7,3475.848544238975,5,4,4,13
13322,116,5,2874.5607309484585,2,3,4,9
13323,86,3,2206.50564249767,2,1,3,6
13324,6,6,2380.93585732394,5,4,3,12
13325,38,11,6898.434419131632,4,5,5,14
13326,36,5,2214.5710343167502,4,3,3,10
13327,3,4,1305.4598679991236,5,2,1,8
13328,86,4,2658.337606885497,2,2,3,7
13329,1,5,1316.1140415452876,5,3,1,9
13330,151,5,1850.605574952404,1,3,2,6
13331,162,5,2935.5378941549925,1,3,4,8
13332,189,10,5175.3282428310185,1,5,5,11
13333,64,6,3917.6280103160625,3,4,5,12
13334,145,4,2493.0406613252344,1,2,3,6
13335,128,4,1345.3535189901152,2,2,1,5
13336,108,2,715.4141167921259,2,1,1,4
13337,25,5,2293.6038241761344,4,3,3,10
13338,103,4,1142.974247144539,2,2,1,5
13339,106,6,1836.7102393577884,2,4,2,8
13340,185,3,1670.7778951307132,1,1,2,4
13341,30,9,4710.631283059288,4,5,5,14
13342,171,4,1850.3525787224974,1,2,2,5
13343,28,8,5096.968589408674,4,5,5,14
13344,53,13,8058.228177435664,3,5,5,13
13345,24,4,1382.613112595131,4,2,1,7
13346,23,8,4607.184388665707,4,5,5,14
13347,156,5,3148.898708785437,1,3,4,8
13348,11,6,2690.2734671997996,5,4,3,12
13349,107,4,1950.2376366299477,2,2,2,6
13350,41,8,2700.8323328862375,4,5,3,12
13351,22,4,1104.9532939238195,4,2,1,7
13352,65,4,2631.010187872466,3,2,3,8
13353,361,2,670.2310930973779,1,1,1,3
13354,128,2,1583.2573745540358,2,1,2,5
13355,80,4,2397.3400397613455,2,2,3,7
13356,16,6,2666.3421540123677,5,4,3,12
13357,73,7,4550.492210820354,3,4,5,12
13358,8,5,2735.791137996724,5,3,3,11
13359,4,8,2866.3043671528435,5,5,4,14
13360,166,6,1868.252839266329,1,4,2,7
13361,120,5,3738.3110085694198,2,3,5,10
13362,30,6,2791.9623477233554,4,4,4,12
13363,76,4,2806.9327516732433,3,2,4,9
13364,11,4,2894.3410868398178,5,2,4,11
13365,115,4,2817.0779450975024,2,2,4,8
13366,64,6,3432.8924583760445,3,4,4,11
13367,29,5,3778.243722588176,4,3,5,12
13368,120,7,3157.0840104353765,2,4,4,10
13369,83,7,2750.2235860013475,2,4,4,10
13370,156,3,901.7083207540237,1,1,1,3
13371,27,6,2546.100738870393,4,4,3,11
13372,71,9,6477.146707127321,3,5,5,13
13373,93,5,2639.761220099854,2,3,3,8
13374,270,4,1339.949660862569,1,2,1,4
13375,24,8,4409.701598521428,4,5,5,14
13376,122,1,575.3677417225753,2,1,1,4
13377,77,5,2557.5544956855456,2,3,3,8
13378,101,4,1961.0605543072231,2,2,2,6
13379,31,3,858.5098128560757,4,1,1,6
13380,6,5,2728.251720803561,5,3,3,11
13381,194,5,2518.9823526828914,1,3,3,7
13382,3,4,1560.0063024531112,5,2,2,9
13383,332,3,671.8769528099485,1,1,1,3
13384,34,2,594.7109878080835,4,1,1,6
13385,75,6,2137.2170285638767,3,4,3,10
13386,50,5,2720.3538664005773,3,3,3,9
13387,96,2,1682.1396899433432,2,1,2,5
13388,13,4,994.2517542749166,5,2,1,8
13389,94,4,2741.584793701769,2,2,4,8
13390,19,7,3461.5267006950608,5,4,4,13
13391,4,10,3426.370136359964,5,5,4,14
13392,90,6,3596.4192516920302,2,4,5,11
13393,91,7,3337.7186371003795,2,4,4,10
13394,110,3,516.3392355937268,2,1,1,4
13395,11,3,1364.65058139487,5,1,1,7
13396,89,6,2447.8166665440936,2,4,3,9
13397,174,1,434.06858213971253,1,1,1,3
13398,159,5,3041.802428760033,1,3,4,8
13399,32,6,2115.1353620684313,4,4,3,11
13400,211,4,2640.270913824894,1,2,3,6
13401,59,5,2197.649848475121,3,3,3,9
13402,9,3,1453.1922886654677,5,1,2,8
13403,198,3,2076.6509396159627,1,1,2,4
13404,72,4,1923.5589103155035,3,2,2,7
13405,29,3,1728.937651490863,4,1,2,7
13406,135,4,1662.9160246906936,1,2,2,5
13407,38,9,4192.581287488161,4,5,5,14
13408,199,5,3335.421616416087,1,3,4,8
13409,33,4,2375.8742871774607,4,2,3,9
13410,1,4,1117.4140741145595,5,2,1,8
13411,23,6,3905.305174784191,4,4,5,13
13412,5,9,5704.404217854126,5,5,5,15
13413,81,7,3565.820104366575,2,4,5,11
13414,8,5,2352.204454391428,5,3,3,11
13415,37,7,2448.410443689127,4,4,3,11
13416,9,6,2507.2325378680107,5,4,3,12
13417,37,3,1023.7375578280196,4,1,1,6
13418,53,7,3911.6528720133847,3,4,5,12
13420,84,2,797.6279531196096,2,1,1,4
13421,27,10,4581.555562621727,4,5,5,14
13422,9,6,3176.987280065825,5,4,4,13
13423,76,4,2681.914575061272,3,2,3,8
13424,45,6,2875.052994148971,3,4,4,11
13425,85,6,3461.6388915823472,2,4,4,10
13427,67,5,2417.6587132697596,3,3,3,9
13428,27,3,784.1003841583765,4,1,1,6
13429,28,5,2214.0410493226696,4,3,3,10
13430,18,6,3802.6414062328763,5,4,5,14
13431,14,4,2388.690230050029,5,2,3,10
13432,144,1,172.57278820835768,1,1,1,3
13433,46,8,4277.32529687565,3,5,5,13
13434,29,4,2801.505862358318,4,2,4,10
13435,103,3,366.14982502214815,2,1,1,4
13436,14,7,4579.124617602299,5,4,5,14
13437,84,4,1371.2837867766816,2,2,1,5
13438,219,1,503.2110105397782,1,1,1,3
13439,101,2,1336.129443264805,2,1,1,4
13440,10,5,2408.844455025419,5,3,3,11
13441,55,7,2720.4718697518256,3,4,3,10
13442,163,2,430.4294657809059,1,1,1,3
13443,45,6,3383.4872021304373,3,4,4,11
13444,46,4,1679.8531103329703,3,2,2,7
13445,11,4,2127.305014626433,5,2,3,10
13446,10,3,1102.5354346268218,5,1,1,7
13447,86,8,4644.007385998059,2,5,5,12
13448,31,7,4224.102858198189,4,4,5,13
13449,192,2,1248.1801195905414,1,1,1,3
13450,41,4,1861.7375922326646,4,2,2,8
13451,118,4,1919.6571694094769,2,2,2,6
13452,8,4,3163.748533672069,5,2,4,11
13453,159,5,1971.9115855213963,1,3,2,6
13454,49,4,2299.992732346731,3,2,3,8
13455,5,9,5492.617403534468,5,5,5,15
13456,145,4,1863.8191578099995,1,2,2,5
13457,27,8,4459.0516265206015,4,5,5,14
13458,16,7,3658.3758719968505,5,4,5,14
13459,118,4,2769.405700192143,2,2,4,8
13460,25,7,3540.729380336224,4,4,4,12
13461,69,7,2347.8426513302757,3,4,3,10
13462,37,1,237.54477275283412,4,1,1,6
13463,13,7,4266.840807165663,5,4,5,14
13464,43,3,2204.410751802448,4,1,3,8
13465,82,5,3014.108462119446,2,3,4,9
13466,116,5,3381.570008047676,2,3,4,9
13467,161,5,1881.5910567277551,1,3,2,6
13468,6,3,1161.4023947680673,5,1,1,7
13469,14,6,3293.0341572741586,5,4,4,13
13470,27,5,1795.0245161903645,4,3,2,9
13471,53,4,2194.5614216648664,3,2,3,8
13472,61,3,1479.9433147864597,3,1,2,6
13473,39,8,3027.3796998829025,4,5,4,13
13474,36,3,1470.9665534795508,4,1,2,7
13475,185,6,2649.6416171519495,1,4,3,8
13476,38,8,5546.307708966885,4,5,5,14
13477,155,4,1045.571834297258,1,2,1,4
13478,10,6,2616.872023719367,5,4,3,12
13479,6,5,2228.2444851190276,5,3,3,11
13480,190,4,2297.5014590022724,1,2,3,6
13481,60,5,3227.5817720333107,3,3,4,10
13482,14,9,3959.441718860801,5,5,5,15
13483,5,5,2208.140215404716,5,3,3,11
13484,6,9,4625.000456179229,5,5,5,15
13485,27,4,1555.2688801618524,4,2,2,8
13486,283,2,1193.6179817443442,1,1,1,3
13487,14,10,4032.8963419092975,5,5,5,15
13488,30,8,5512.885865069204,4,5,5,14
13489,154,5,3047.7370089623946,1,3,4,8
13490,2,7,2891.2906575416973,5,4,4,13
13491,16,12,5132.956240040763,5,5,5,15
13492,106,7,3859.5960743233445,2,4,5,11
13493,60,6,2846.5564917239362,3,4,4,11
13494,33,5,1548.7638575703445,4,3,2,9
13495,7,3,2213.6222461740376,5,1,3,9
13496,63,4,2171.984099435861,3,2,3,8
13497,61,9,5316.0933501052905,3,5,5,13
13498,12,5,1882.083587729448,5,3,2,10
13499,113,6,1522.451072058412,2,4,2,8
13500,4,5,2593.0029437675958,5,3,3,11
13501,26,7,3072.711391911295,4,4,4,12
13502,56,10,5133.247076161211,3,5,5,13
13504,189,5,2602.1246819766357,1,3,3,7
13505,150,8,4463.0125607125465,1,5,5,11
13506,93,8,3434.6204297147015,2,5,4,11
13507,65,4,1524.6720375135753,3,2,2,7
13508,27,3,1515.1159029254002,4,1,2,7
13509,80,4,1874.6021389187035,2,2,2,6
13510,8,3,1230.9388448984716,5,1,1,7
13511,31,6,2467.918042464717,4,4,3,11
13512,168,5,3460.0760217117513,1,3,4,8
13513,30,4,2829.277486348717,4,2,4,10
13514,39,6,3837.411755652949,4,4,5,13
13515,2,6,2877.1202569886627,5,4,4,13
13516,7,5,2351.9568996868065,5,3,3,11
13517,56,5,2923.437910978118,3,3,4,10
13518,49,6,2214.027208315976,3,4,3,10
13519,189,6,2907.862692048846,1,4,4,9
13520,50,2,654.096582226704,3,1,1,5
13521,7,7,3191.9704200417286,5,4,4,13
13522,105,4,2038.487094800164,2,2,2,6
13523,81,6,3501.275674329198,2,4,4,10
13524,53,5,3308.861736360055,3,3,4,10
13525,64,2,293.8660125745282,3,1,1,5
13526,196,3,2317.242068855825,1,1,3,5
13527,113,4,1486.303457992156,2,2,2,6
13528,6,8,2769.2750523108457,5,5,4,14
13529,297,3,1757.435990493721,1,1,2,4
13530,8,4,2169.592790364117,5,2,3,10
13531,53,5,2792.182755642834,3,3,4,10
13532,167,4,2677.0540558409957,1,2,3,6
13533,168,5,2516.0996697702108,1,3,3,7
13534,38,5,3283.791645607348,4,3,4,11
13535,16,13,6767.427675743141,5,5,5,15
13536,70,5,3147.570725306728,3,3,4,10
13537,2,8,4872.5352587213765,5,5,5,15
13538,5,4,1312.8246294841151,5,2,1,8
13539,52,1,39.17289675805921,3,1,1,5
13540,42,5,2253.744248747432,4,3,3,10
13541,26,5,2629.1564752530644,4,3,3,10
13542,145,3,1148.0770207947646,1,1,1,3
13543,69,2,462.9594625288541,3,1,1,5
13544,97,4,1557.0714638811405,2,2,2,6
13545,73,6,4321.763772905488,3,4,5,12
13546,131,2,93.05638713446179,2,1,1,4
13547,12,4,2335.5881096093194,5,2,3,10
13548,134,3,1930.1281757367544,1,1,2,4
13549,62,4,2400.1528733701334,3,2,3,8
13550,22,8,4757.25797822122,4,5,5,14
13551,251,3,1164.3346508050572,1,1,1,3
13552,31,7,3083.4640461650906,4,4,4,12
13553,85,7,2880.403763263855,2,4,4,10
13554,28,7,3147.9862196913173,4,4,4,12
13555,23,5,2857.0924600534026,4,3,4,11
13556,201,4,2704.9018887047714,1,2,3,6
13557,157,5,1809.577666400012,1,3,2,6
13558,88,7,2862.701393698992,2,4,4,10
13559,31,8,3456.7866728540666,4,5,4,13
13560,281,4,2207.0452880318107,1,2,3,6
13561,172,8,3864.3351609433553,1,5,5,11
13562,48,10,6242.984507170166,3,5,5,13
13563,16,6,3916.825674299662,5,4,5,14
13564,32,5,3406.451946954636,4,3,4,11
13565,77,2,562.0416499018677,2,1,1,4
13566,138,2,755.0155322125381,1,1,1,3
13567,98,8,4482.116499868996,2,5,5,12
13568,72,5,1345.2414692632892,3,3,1,7
13569,44,4,2428.659056105908,3,2,3,8
13570,136,5,3021.5558392059975,1,3,4,8
13571,8,5,1845.952370110841,5,3,2,10
13572,91,5,2489.7780700420844,2,3,3,8
13573,113,3,336.5970335753226,2,1,1,4
13574,144,5,3099.875019072344,1,3,4,8
13575,35,9,6450.348832298519,4,5,5,14
13576,163,5,2620.0576563311715,1,3,3,7
13577,8,6,3796.4566159766246,5,4,5,14
13578,57,6,2955.0276519272415,3,4,4,11
13579,45,2,1705.3055053658184,3,1,2,6
13580,41,4,1437.7018933295933,4,2,2,8
13581,144,3,1959.8733786794537,1,1,2,4
13582,49,4,1620.837515444472,3,2,2,7
13583,11,3,1616.438638209068,5,1,2,8
13584,213,3,1500.1916722115684,1,1,2,4
13585,36,6,3025.0664098790544,4,4,4,12
13586,70,2,734.5449554970346,3,1,1,5
13587,134,4,2327.436476155638,1,2,3,6
13588,46,6,3056.444454831164,3,4,4,11
13589,115,4,2191.5538675209464,2,2,3,7
13590,61,5,2532.3264453778283,3,3,3,9
13591,4,8,4381.087726233064,5,5,5,15
13592,26,6,4177.560993066173,4,4,5,13
13593,16,4,2321.5499420175584,5,2,3,10
13594,37,2,1047.1340327057558,4,1,1,6
13595,230,3,749.1643452366138,1,1,1,3
13596,26,5,2548.0996848223326,4,3,3,10
13597,207,3,1461.7332533156625,1,1,2,4
13598,253,6,2979.449223412886,1,4,4,9
13599,46,8,4608.168060088639,3,5,5,13
13600,68,3,1057.1360453004493,3,1,1,5
13601,3,10,5209.825376464693,5,5,5,15
13602,155,2,729.7464797534208,1,1,1,3
13603,21,7,2665.288083576492,4,4,3,11
13604,7,5,2258.4381981228444,5,3,3,11
13605,47,5,3717.3982732038176,3,3,5,11
13606,208,4,2109.7175808428874,1,2,3,6
13607,22,6,3739.0195375642907,4,4,5,13
13608,99,4,2045.676786499063,2,2,2,6
13609,24,6,3261.6877558132865,4,4,4,12
13610,15,3,1146.8047981124214,5,1,1,7
13611,21,5,2863.185662053259,4,3,4,11
13612,90,6,3822.883107640926,2,4,5,11
13613,68,6,2631.2319693829113,3,4,3,10
13614,260,5,2937.411289791288,1,3,4,8
13615,9,5,1974.3684026578696,5,3,2,10
13616,259,2,1154.280829264623,1,1,1,3
13617,22,3,2178.3837198879905,4,1,3,8
13618,194,3,1579.4877842925116,1,1,2,4
13619,107,6,2068.1334862800795,2,4,2,8
13620,90,5,2202.886467490318,2,3,3,8
13621,21,5,2983.963685662305,4,3,4,11
13622,107,10,4186.583771113206,2,5,5,12
13623,114,5,2355.664793153061,2,3,3,8
13624,72,2,1578.0917412658828,3,1,2,6
13625,27,6,2568.343304354686,4,4,3,11
13626,39,6,2224.3295841588824,4,4,3,11
13627,120,4,2819.069040113661,2,2,4,8
13628,172,6,3254.7007639730045,1,4,4,9
13629,80,6,2342.7496120143624,2,4,3,9
13630,54,7,2718.200352903766,3,4,3,10
13631,61,9,3190.435100043728,3,5,4,12
13632,250,3,1694.8101242976581,1,1,2,4
13633,23,4,2684.562165947934,4,2,3,9
13634,109,4,1095.567245241723,2,2,1,5
13635,48,3,1940.187163264317,3,1,2,6
13636,230,2,1314.7873787196709,1,1,1,3
13637,17,5,2916.4393164164862,5,3,4,12
13638,139,4,2461.9768023733664,1,2,3,6
13639,54,6,2835.2105138267298,3,4,4,11
13640,21,4,1919.8610307175431,4,2,2,8
13641,20,3,2257.6564112187793,4,1,3,8
13642,82,6,2325.716837181203,2,4,3,9
13643,21,8,3602.870533757272,4,5,5,14
13644,335,2,976.0695027836374,1,1,1,3
13645,65,9,4719.1638400722495,3,5,5,13
13646,69,4,2701.8201636444264,3,2,3,8
13647,12,8,4591.460472369396,5,5,5,15
13648,3,4,2077.23627313807,5,2,2,9
13649,30,5,3215.018432346397,4,3,4,11
13650,196,7,4714.66309888771,1,4,5,10
13651,149,4,1995.3712527800249,1,2,2,5
13652,25,7,3725.1421776725506,4,4,5,13
13653,125,2,910.1195695461446,2,1,1,4
13654,47,4,2025.0214874326862,3,2,2,7
13655,5,6,3068.094746028235,5,4,4,13
13656,30,9,4029.532089495608,4,5,5,14
13657,126,6,3263.603472892196,2,4,4,10
13658,119,4,796.831442529225,2,2,1,5
13659,202,5,1683.8700330643683,1,3,2,6
13660,62,11,4934.263010454443,3,5,5,13
13661,162,2,187.34035444574215,1,1,1,3
13662,1,5,1948.2273924549456,5,3,2,10
13663,62,7,3871.053629783712,3,4,5,12
13664,12,4,1577.9212003926455,5,2,2,9
13665,83,7,2515.138431439278,2,4,3,9
13666,142,8,3435.055917565037,1,5,4,10
13667,280,3,1960.9521682130137,1,1,2,4
13668,8,7,3820.3182737744046,5,4,5,14
13669,229,2,1174.7035395963971,1,1,1,3
13670,16,7,3729.3047338689175,5,4,5,14
13671,28,7,3079.55109453526,4,4,4,12
13672,83,5,1181.172099363635,2,3,1,6
13673,30,10,5430.40547607257,4,5,5,14
13674,35,3,1990.589256283671,4,1,2,7
13675,98,7,4124.263707996616,2,4,5,11
13676,36,9,5950.7625356971685,4,5,5,14
13677,56,7,3000.2292594428222,3,4,4,11
13678,76,4,1772.4113272174209,3,2,2,7
13679,1,6,3405.5767108526543,5,4,4,13
13680,196,8,4350.070186959423,1,5,5,11
13681,9,7,4077.285368689895,5,4,5,14
13682,18,6,2927.9103190452956,5,4,4,13
13683,12,4,2084.7238584063057,5,2,3,10
13684,11,8,2811.09627616132,5,5,4,14
13685,89,3,1939.679705685395,2,1,2,5
13686,1,5,2868.7140502871503,5,3,4,12
13687,39,6,2998.267408689888,4,4,4,12
13688,17,6,2366.4727286204657,5,4,3,12
13689,18,5,2762.519829487169,5,3,4,12
13690,146,3,2243.279292812884,1,1,3,5
13691,85,6,3803.665693238237,2,4,5,11
13692,50,2,542.1121331095019,3,1,1,5
13693,31,6,3920.827300136359,4,4,5,13
13694,92,2,1470.6261470493255,2,1,2,5
13695,103,2,1236.1107446447222,2,1,1,4
13696,3,4,1569.2511310863656,5,2,2,9
13697,4,7,3200.6912434381316,5,4,4,13
13698,89,2,694.9178017829194,2,1,1,4
13700,61,6,3524.187774885383,3,4,4,11
13701,185,4,2979.0596096398617,1,2,4,7
13702,129,6,3249.579910469637,2,4,4,10
13703,84,3,1766.1334069474299,2,1,2,5
13704,184,3,1915.4339188950269,1,1,2,4
13705,109,4,1610.2283585578216,2,2,2,6
13706,18,4,2331.6056763735546,5,2,3,10
13707,40,4,1852.451369692667,4,2,2,8
13709,12,6,3151.5196503895127,5,4,4,13
13710,9,9,5112.933683221117,5,5,5,15
13711,22,2,602.2360613129,4,1,1,6
13712,213,3,1911.0451670760249,1,1,2,4
13713,14,6,3139.658129513201,5,4,4,13
13714,91,4,1060.9285349510528,2,2,1,5
13715,183,5,2325.6563444091234,1,3,3,7
13716,35,2,224.6148461751654,4,1,1,6
13717,46,6,3586.978193086214,3,4,5,12
13718,28,3,2864.9288047243163,4,1,4,9
13719,40,12,3439.426414651997,4,5,4,13
13720,28,11,6044.312318620346,4,5,5,14
13721,58,3,969.1883205812571,3,1,1,5
13722,93,6,3524.759475753286,2,4,4,10
13723,126,10,3854.5052748285725,2,5,5,12
13724,78,7,4303.353998942703,2,4,5,11
13725,53,6,2370.905811112285,3,4,3,10
13726,113,3,964.8758767749944,2,1,1,4
13727,56,8,4204.313966560752,3,5,5,13
13728,14,8,4220.003401541044,5,5,5,15
13729,41,5,2235.158782374411,4,3,3,10
13730,30,8,3583.4236002762873,4,5,5,14
13731,45,8,5697.831543318773,3,5,5,13
13732,51,7,3865.4309822280334,3,4,5,12
13733,131,1,366.64702838318465,2,1,1,4
13734,9,6,3120.1356268225713,5,4,4,13
13735,193,5,2760.438782193225,1,3,4,8
13736,115,5,2403.1544347786394,2,3,3,8
13737,3,4,2563.9391119442657,5,2,3,10
13738,127,2,1312.1562509775972,2,1,1,4
13739,81,4,2413.210514861408,2,2,3,7
13740,124,2,883.2454961311721,2,1,1,4
13741,84,6,2716.8439091579635,2,4,3,9
13742,27,8,4290.619075496837,4,5,5,14
13743,60,5,3038.7186551602153,3,3,4,10
13744,10,5,1953.7598050108543,5,3,2,10
13745,145,5,1937.7030101851683,1,3,2,6
13746,65,5,2407.6528421193934,3,3,3,9
13747,88,2,853.2586543648957,2,1,1,4
13748,52,9,4537.809869018224,3,5,5,13
13749,5,9,4787.446435121588,5,5,5,15
13750,12,7,4203.942642723866,5,4,5,14
13751,27,5,2413.2910787300143,4,3,3,10
13752,104,4,1881.349126409105,2,2,2,6
13753,38,5,2827.826185891407,4,3,4,11
13754,33,1,361.2802123470787,4,1,1,6
13755,99,7,3757.139433118631,2,4,5,11
13756,159,3,1273.756532792796,1,1,1,3
13757,22,7,3075.6951638895684,4,4,4,12
13758,72,6,1461.1029124238576,3,4,2,9
13759,245,4,2312.303213894087,1,2,3,6
13760,38,6,2663.8003745484984,4,4,3,11
13761,12,4,1879.1067348033675,5,2,2,9
13762,7,3,1393.515754532016,5,1,1,7
13763,20,4,1311.4724536353972,4,2,1,7
13764,28,8,2627.746657268849,4,5,3,12
13765,88,7,3400.381773594735,2,4,4,10
13766,101,3,1267.7381923393802,2,1,1,4
13767,42,8,4085.095532708615,4,5,5,14
13768,15,6,3203.837815944071,5,4,4,13
13769,35,7,4628.225370502358,4,4,5,13
13770,33,4,1707.1907026763197,4,2,2,8
13771,33,7,3804.7498887682627,4,4,5,13
13772,6,9,4645.299335993765,5,5,5,15
13773,78,7,5134.515197627612,2,4,5,11
13774,110,5,2094.8452108500423,2,3,3,8
13775,70,6,4506.764250931031,3,4,5,12
13776,56,9,4192.817458059555,3,5,5,13
13778,14,6,3446.939605682103,5,4,4,13
13779,40,6,4241.705714694498,4,4,5,13
13780,77,3,1395.318793836232,2,1,1,4
13781,171,1,691.7343271677714,1,1,1,3
13782,38,6,3404.0660212683642,4,4,4,12
13783,19,6,1936.3094473502754,5,4,2,11
13784,9,3,1479.8920504999173,5,1,2,8
13785,84,3,1198.9078038119371,2,1,1,4
13786,137,4,2056.9710855481026,1,2,2,5
13787,77,5,3327.5172446596907,2,3,4,9
13788,54,3,1962.7082290837634,3,1,2,6
13789,40,3,1854.245666410486,4,1,2,7
13790,40,1,871.0031728954814,4,1,1,6
13791,25,4,1187.4522255222912,4,2,1,7
13792,75,7,4397.908241528781,3,4,5,12
13793,33,5,1617.0970309090121,4,3,2,9
13794,18,7,3071.5928267805025,5,4,4,13
13795,35,5,3157.764903269751,4,3,4,11
13796,52,3,1382.9784458259796,3,1,1,5
13797,22,8,3335.4292728116297,4,5,4,13
13798,75,5,2677.7850966764013,3,3,3,9
13800,250,1,509.75723251105853,1,1,1,3
13801,88,5,2912.115585635594,2,3,4,9
13802,1,7,3440.290315124376,5,4,4,13
13803,241,3,1108.8372456668828,1,1,1,3
13804,186,3,1140.3520372346038,1,1,1,3
13805,209,2,898.2779783580936,1,1,1,3
13806,39,6,3520.006734666111,4,4,4,12
13807,190,4,1714.166872896296,1,2,2,5
13808,41,10,4653.1781346464095,4,5,5,14
13809,102,9,4237.1142582548,2,5,5,12
13810,17,8,4154.916347757324,5,5,5,15
13811,41,8,3257.925918009713,4,5,4,13
13812,26,7,2825.6044234200713,4,4,4,12
13813,117,5,3235.3425265254014,2,3,4,9
13814,71,4,2694.719798918104,3,2,3,8
13815,1,4,2237.887782805601,5,2,3,10
13816,111,7,3438.348268752442,2,4,4,10
13817,8,8,4860.550513213917,5,5,5,15
13818,65,5,1958.3026452958693,3,3,2,8
13819,31,4,1636.6471508609611,4,2,2,8
13820,43,6,2559.3022216736626,4,4,3,11
13821,26,6,2957.482605320594,4,4,4,12
13822,35,4,2612.9997771365533,4,2,3,9
13823,272,4,1347.5418622200816,1,2,1,4
13824,64,6,3717.3204887038437,3,4,5,12
13825,21,3,1898.374744272638,4,1,2,7
13826,3,4,1847.7733051540627,5,2,2,9
13827,71,1,483.49166811697546,3,1,1,5
13828,11,7,4806.8359852486665,5,5,5,15
13829,6,5,1430.2464106416305,5,3,2,10
13830,283,1,154.95169071681516,1,1,1,3
13831,25,6,4111.469373707986,4,4,5,13
13832,108,5,2793.2512917184854,2,3,4,9
13833,20,5,2902.064423436788,4,3,4,11
13834,11,2,579.2443123742546,5,1,1,7
13835,96,3,455.00450810821036,2,1,1,4
13836,30,4,1897.9572541335383,4,2,2,8
13837,230,2,853.1162658765127,1,1,1,3
13838,277,5,1984.0066841802568,1,3,2,6
13839,2,4,1701.9415030053642,5,2,2,9
13840,16,5,3920.7440187845637,5,3,5,13
13841,92,2,874.3242945770144,2,1,1,4
13842,36,9,4908.548784977872,4,5,5,14
13843,57,4,1398.909720250711,3,2,1,6
13844,76,4,2349.0628128029207,3,2,3,8
13845,66,6,2455.1135443561893,3,4,3,10
13846,55,9,4547.103757930431,3,5,5,13
13847,198,2,451.718951554304,1,1,1,3
13848,46,4,2252.5720064265474,3,2,3,8
13849,178,4,2269.0841708830676,1,2,3,6
13850,7,8,5941.091584029621,5,5,5,15
13851,105,6,3139.271666372375,2,4,4,10
13852,4,3,1251.445885795149,5,1,1,7
13853,140,7,4315.1824087723135,1,5,5,11
13854,201,2,819.1457785782011,1,1,1,3
13855,6,6,3344.944481113043,5,4,4,13
13856,64,3,2604.216927832912,3,1,3,7
13857,99,8,4386.420705857273,2,5,5,12
13858,176,3,1807.0972166767458,1,1,2,4
13859,162,4,2616.3573883338227,1,2,3,6
13860,184,5,2883.1488918980504,1,3,4,8
13861,112,7,2456.703737967588,2,5,3,10
13862,196,4,1815.0120982755748,1,2,2,5
13863,47,6,2293.0739684161285,3,4,3,10
13864,248,5,2443.290180611769,1,3,3,7
13865,33,4,2063.8224856819807,4,2,2,8
13866,11,8,2900.7315656295496,5,5,4,14
13867,162,8,3195.757670013804,1,5,4,10
13868,297,5,2431.189972768578,1,3,3,7
13869,75,10,4668.819064932554,3,5,5,13
13870,100,5,2057.7487703152774,2,3,2,7
13871,309,2,1620.5338722599517,1,1,2,4
13872,59,5,2649.1797716093224,3,3,3,9
13873,46,4,2862.6021537339357,3,2,4,9
13874,47,7,2635.2185202968158,3,5,3,11
13875,46,5,2818.0536301214966,3,3,4,10
13876,79,6,3424.176421004642,2,4,4,10
13877,88,5,1929.2690502947282,2,3,2,7
13878,339,4,3047.0726840892344,1,2,4,7
13879,155,5,3559.1960834025804,1,3,5,9
13880,31,3,855.2987908374944,4,1,1,6
13881,70,5,1698.6328033453335,3,3,2,8
13882,84,6,3033.466675326905,2,4,4,10
13883,130,3,1769.2476364024092,2,1,2,5
13884,24,8,5762.567201323931,4,5,5,14
13885,51,5,2560.4866899996355,3,3,3,9
13886,42,2,397.58838865309093,4,1,1,6
13887,80,2,1002.7012265333017,2,1,1,4
13888,121,5,1535.8883959987206,2,3,2,7
13889,15,5,2462.596058500123,5,3,3,11
13890,137,5,2521.2669807138755,1,3,3,7
13891,79,2,558.9945955734959,2,1,1,4
13892,105,4,2794.439118352659,2,2,4,8
13893,92,8,3529.1399679724286,2,5,4,11
13894,173,3,1872.0435079450817,1,1,2,4
13895,127,6,3559.3504970130634,2,4,5,11
13896,369,2,887.8819557752743,1,1,1,3
13897,194,2,479.7826526076907,1,1,1,3
13898,8,8,3651.762647352317,5,5,5,15
13899,145,5,1339.4449972987538,1,3,1,5
13900,403,1,871.2476416559537,1,1,1,3
13901,65,4,2707.9190912607,3,2,3,8
13902,61,6,2223.0740488192782,3,4,3,10
13903,5,5,2464.550260384288,5,3,3,11
13904,96,5,2729.8969596406387,2,3,3,8
13905,106,7,3880.090942175654,2,5,5,12
13906,89,5,3344.042033972725,2,3,4,9
13907,191,3,2456.601610877234,1,1,3,5
13908,12,8,3526.7315798512172,5,5,4,14
13909,36,2,599.9158716152507,4,1,1,6
13910,4,6,3322.8656230334013,5,4,4,13
13911,18,4,1355.624506259564,5,2,1,8
13912,2,6,2746.9345241212886,5,4,4,13
13913,25,3,1069.2455126485197,4,1,1,6
13914,44,3,1116.483521673482,3,1,1,5
13915,50,3,1129.4965628458842,3,1,1,5
13916,2,4,1861.2753200249776,5,2,2,9
13917,59,4,2410.94973181996,3,2,3,8
13918,86,4,2551.084920659574,2,2,3,7
13919,159,2,1300.6366009734916,1,1,1,3
13920,197,4,2287.3925970761,1,2,3,6
13921,62,6,3384.7276185597602,3,4,4,11
13922,142,3,1890.0096254232894,1,1,2,4
13923,95,3,2035.3106826646556,2,1,2,5
13924,209,4,1420.2503915235134,1,2,2,5
13925,3,5,3269.2903472501807,5,3,4,12
13926,96,7,3784.897587059191,2,5,5,12
13927,81,5,2634.2923679838964,2,3,3,8
13928,47,8,5134.382404215132,3,5,5,13
13929,238,2,674.3030838626466,1,1,1,3
13930,316,2,832.2011835772817,1,1,1,3
13931,135,2,566.666922204165,1,1,1,3
13932,119,1,739.5338103443562,2,1,1,4
13933,26,9,3425.137691791018,4,5,4,13
13934,38,5,2325.4875064243565,4,3,3,10
13935,323,1,965.6495834176028,1,1,1,3
13936,67,4,2364.9012889594555,3,2,3,8
13937,40,10,5598.877467023802,4,5,5,14
13938,24,4,1960.288368576296,4,2,2,8
13939,99,4,724.0950529442479,2,2,1,5
13940,21,4,1090.6573620023364,4,2,1,7
13941,131,3,1690.8556605419144,2,1,2,5
13942,27,5,2512.6373487504907,4,3,3,10
13943,37,5,3464.669968392768,4,3,4,11
13944,135,3,728.9730068978272,1,1,1,3
13945,39,6,3567.517930491047,4,4,5,13
13946,153,4,2562.605189039933,1,2,3,6
13947,128,2,979.2272646497179,2,1,1,4
13948,352,2,953.4637988740176,1,1,1,3
13949,85,6,3889.5574193184766,2,4,5,11
13950,109,5,2732.659830830971,2,3,3,8
13951,107,5,1927.8880595331445,2,3,2,7
13952,3,7,4089.0386932533183,5,5,5,15
13953,228,3,857.493876437671,1,1,1,3
13954,83,6,4401.228189557635,2,4,5,11
13955,91,3,1179.753440842636,2,1,1,4
13956,123,4,1989.1059005068444,2,2,2,6
13957,47,4,1022.3358697605913,3,2,1,6
13958,89,9,3597.6704329393206,2,5,5,12
13959,11,4,879.4261835827712,5,2,1,8
13960,41,10,4448.09743569418,4,5,5,14
13961,30,8,3099.3213956909,4,5,4,13
13962,95,2,626.267445824981,2,1,1,4
13963,101,4,1616.850255861242,2,2,2,6
13964,188,5,2816.206127796329,1,3,4,8
13965,98,2,1280.7989780342855,2,1,1,4
13966,39,6,3974.780739898026,4,4,5,13
13967,25,4,1708.7981517394926,4,2,2,8
13968,1,5,2327.870438699384,5,3,3,11
13969,140,4,2408.864428344403,1,2,3,6
13970,27,4,2139.240589286353,4,2,3,9
13971,155,12,6494.577482555066,1,5,5,11
13972,139,1,325.2315175494826,1,1,1,3
13973,95,4,1218.1137316840952,2,2,1,5
13974,30,8,4211.707318133633,4,5,5,14
13975,28,5,1742.9286783791458,4,3,2,9
13976,78,4,1869.177034872252,2,2,2,6
13977,79,5,2243.7970852022772,2,3,3,8
13978,80,5,2394.471897537603,2,3,3,8
13979,3,4,3379.1799468115396,5,2,4,11
13980,160,1,510.99240888124893,1,1,1,3
13981,52,5,2506.4714576342344,3,3,3,9
13982,135,4,1102.3324216825565,1,2,1,4
13983,35,4,2057.923121049511,4,2,2,8
13984,1,10,5538.584144771766,5,5,5,15
13985,7,4,1491.7592537756348,5,2,2,9
13986,149,6,3508.3677135990993,1,4,4,9
13987,133,3,1724.2182126488865,2,1,2,5
13988,181,3,1466.1702274054253,1,1,2,4
13989,80,4,1942.860136777362,2,2,2,6
13990,147,3,1513.841653933288,1,1,2,4
13991,113,4,1400.8716883777101,2,2,1,5
13992,113,10,5432.834473914463,2,5,5,12
13993,30,4,2007.440122874584,4,2,2,8
13994,11,7,4268.877778858956,5,5,5,15
13995,9,6,2490.3986090165718,5,4,3,12
13996,165,7,3236.7049114791507,1,5,4,10
13997,29,7,3585.6566560239908,4,5,5,14
13998,55,5,1202.6014666195906,3,3,1,7
13999,103,6,2464.842881353479,2,4,3,9
14000,24,5,2538.612398722753,4,3,3,10
14001,45,7,3561.122230311477,3,5,5,13
14002,214,5,2839.6684884695655,1,3,4,8
14003,31,5,2228.1161282460735,4,3,3,10
14004,168,5,3305.8517382074397,1,3,4,8
14005,53,6,3183.4242579251695,3,4,4,11
14006,2,5,2716.6472227135487,5,3,3,11
14007,22,5,2177.399531871255,4,3,3,10
14008,2,4,2266.123482147897,5,2,3,10
14009,12,7,4430.8630663219055,5,5,5,15
14010,3,6,3068.874196317694,5,4,4,13
14011,7,5,3193.6573702765327,5,3,4,12
14012,397,2,1144.2270955045076,1,1,1,3
14013,67,4,1879.8114113916204,3,2,2,7
14014,217,2,1260.5590306467036,1,1,1,3
14015,27,14,6252.591404327528,4,5,5,14
14016,161,4,1415.5706460427996,1,2,1,4
14017,63,6,3099.724074241478,3,4,4,11
14018,109,4,1124.8941197015401,2,2,1,5
14019,142,8,4165.214564365811,1,5,5,11
14020,57,6,2373.5916972496316,3,4,3,10
14021,82,6,1365.0991747022335,2,4,1,7
14022,14,4,2934.2719406845063,5,2,4,11
14023,131,4,1620.8275221175923,2,2,2,6
14024,77,6,3070.6386653844174,2,4,4,10
14025,31,6,2983.701510650703,4,4,4,12
14026,23,8,5192.370797745288,4,5,5,14
14027,261,4,1560.0772260583744,1,2,2,5
14028,33,8,3805.1408579745635,4,5,5,14
14030,21,3,2069.600665579444,4,1,2,7
14031,108,4,1764.41433502991,2,2,2,6
14032,227,3,1944.6652215584734,1,1,2,4
14033,320,1,147.63301463335264,1,1,1,3
14034,3,8,3877.0406881968424,5,5,5,15
14035,90,1,524.8034386097397,2,1,1,4
14036,79,3,1385.2856251829437,2,1,1,4
14037,5,5,2234.998769748863,5,3,3,11
14038,26,5,1147.0218170762626,4,3,1,8
14039,12,7,3802.0092562919035,5,5,5,15
14040,87,3,2240.580848671388,2,1,3,6
14041,96,4,2061.085447269071,2,2,2,6
14042,113,4,2052.9748602241857,2,2,2,6
14043,73,7,3173.9661884491447,3,5,4,12
14044,134,2,1485.6627761730283,1,1,2,4
14045,54,4,2345.6911741351337,3,2,3,8
14046,25,3,1203.5941626375081,4,1,1,6
14047,105,3,1441.674125527486,2,1,2,5
14048,56,5,1913.7347027059932,3,3,2,8
14049,170,5,1321.6848001315084,1,3,1,5
14050,22,4,2843.93907030647,4,2,4,10
14051,14,5,2236.4678589555074,5,3,3,11
14052,54,6,3683.393007099182,3,4,5,12
14053,187,6,2701.482201995322,1,4,3,8
14054,9,7,3295.5840300885,5,5,4,14
14055,14,4,2774.467284934101,5,2,4,11
14056,63,5,3597.1994831107168,3,3,5,11
14057,108,3,1675.948238117796,2,1,2,5
14058,200,1,536.3230910295584,1,1,1,3
14059,299,4,1925.9403102300475,1,2,2,5
14060,92,4,2171.5233456895035,2,2,3,7
14061,79,5,1920.7161764828888,2,3,2,7
14062,1,5,2302.4425650859753,5,3,3,11
14063,9,8,4414.262799039678,5,5,5,15
14064,160,4,2700.5650164571225,1,2,3,6
14065,121,4,2510.741988699005,2,2,3,7
14066,17,5,2271.3560343835225,5,3,3,11
14067,30,5,2559.0772388826995,4,3,3,10
14068,40,9,5182.901633142989,4,5,5,14
14069,31,6,2992.092802822226,4,4,4,12
14070,45,3,1525.709699796707,3,1,2,6
14071,10,4,1051.2165772112032,5,2,1,8
14072,22,6,2876.1383905098737,4,4,4,12
14073,54,4,2389.1743136317396,3,2,3,8
14074,121,5,2095.6898494224006,2,3,3,8
14075,92,2,941.0892259069257,2,1,1,4
14076,3,10,3539.8347202619434,5,5,4,14
14077,67,5,2222.10685084996,3,3,3,9
14078,161,5,2709.4396589594944,1,3,3,7
14079,47,4,1541.9660997723374,3,2,2,7
14080,49,5,2082.270197005962,3,3,2,8
14081,26,5,1950.762857397001,4,3,2,9
14082,155,2,1021.2751803122925,1,1,1,3
14083,163,4,2108.759483452055,1,2,3,6
14084,94,5,2741.9697365816924,2,3,4,9
14085,5,2,1807.111063301483,5,1,2,8
14086,98,6,3056.0290169266887,2,4,4,10
14087,77,5,2085.469280065652,2,3,3,8
14088,77,7,3765.7157333988503,2,5,5,12
14089,97,3,2516.0653808474926,2,1,3,6
14090,6,6,3787.2891459824264,5,4,5,14
14091,8,9,4048.5658525286317,5,5,5,15
14092,151,2,1252.2106177214555,1,1,1,3
14093,130,3,865.3840390392611,2,1,1,4
14094,108,3,1339.0921735550369,2,1,1,4
14095,133,6,3270.5799513571037,2,4,4,10
14096,339,1,634.5963981873161,1,1,1,3
14097,185,3,1907.524603637647,1,1,2,4
14098,191,2,1494.3576249109196,1,1,2,4
14099,104,3,968.0450836133799,2,1,1,4
14100,178,4,1564.5661091632714,1,2,2,5
14101,40,6,4470.610351921549,4,4,5,13
14102,336,2,319.24983043635524,1,1,1,3
14103,15,7,3754.0590234647343,5,5,5,15
14104,58,7,3682.724884266025,3,5,5,13
14105,39,4,2814.7610031705512,4,2,4,10
14106,95,3,1628.908777555619,2,1,2,5
14107,61,5,1374.8661880331795,3,3,1,7
14108,9,6,4075.9403217709073,5,4,5,14
14109,8,3,1669.489070597493,5,1,2,8
14110,7,6,1755.5001010571523,5,4,2,11
14111,101,5,2520.814762875575,2,3,3,8
14112,89,4,1511.7266977044362,2,2,2,6
14113,40,6,2066.799287028999,4,4,2,10
14114,50,5,1148.061794167992,3,3,1,7
14115,16,8,2686.276834591239,5,5,3,13
14116,48,1,238.37155441843464,3,1,1,5
14117,24,6,3240.7298286374157,4,4,4,12
14118,99,8,4267.490085962833,2,5,5,12
14119,175,5,1718.6859757659652,1,3,2,6
14120,253,3,1251.1146381761912,1,1,1,3
14121,94,7,4092.8134806624853,2,5,5,12
14122,61,5,2923.142774059496,3,3,4,10
14123,64,4,1947.217348653613,3,2,2,7
14124,114,4,2949.2302999059575,2,2,4,8
14125,34,7,4387.206328316291,4,5,5,14
14126,220,5,2546.0351608192577,1,3,3,7
14127,34,3,778.7178387927189,4,1,1,6
14128,191,5,2193.647263640991,1,3,3,7
14130,122,4,2777.1346000848334,2,2,4,8
14131,118,5,2315.249891125992,2,3,3,8
14132,29,8,3936.803147323858,4,5,5,14
14133,70,4,2455.3290476660472,3,2,3,8
14134,1,10,5888.296178102556,5,5,5,15
14135,143,5,2963.6828060770313,1,3,4,8
14136,19,7,3630.443255761391,5,5,5,15
14137,116,5,2574.533151498411,2,3,3,8
14138,7,6,3320.930063995189,5,4,4,13
14139,39,5,1564.0322749125542,4,3,2,9
14140,4,3,714.6677060504694,5,1,1,7
14141,14,4,2106.1130788545247,5,2,3,10
14142,15,2,1245.9643425122022,5,1,1,7
14143,38,7,3372.356280064906,4,5,4,13
14144,188,6,3063.89029455804,1,4,4,9
14145,217,3,586.7268424915649,1,1,1,3
14146,8,6,2216.8902984173646,5,4,3,12
14147,14,6,2229.5261004575495,5,4,3,12
14148,54,4,3229.2529876149647,3,2,4,9
14149,308,1,314.9598786016699,1,1,1,3
14150,10,4,1343.0788825920763,5,2,1,8
14151,61,9,4233.916597755397,3,5,5,13
14152,158,6,1810.263720355229,1,4,2,7
14153,49,4,1861.3645582185945,3,2,2,7
14154,192,2,1016.0081513616077,1,1,1,3
14155,5,3,607.4816336616975,5,1,1,7
14156,41,3,1870.1135158860602,4,1,2,7
14157,67,2,1486.6672462238275,3,1,2,6
14158,52,2,913.8921740874184,3,1,1,5
14159,15,11,7133.58594280599,5,5,5,15
14160,19,8,3590.458458010554,5,5,5,15
14161,44,3,1802.4395345072626,3,1,2,6
14162,63,6,3813.536103538346,3,4,5,12
14163,299,1,601.455626451408,1,1,1,3
14164,172,3,772.9599682183774,1,1,1,3
14165,61,4,1684.8742097373788,3,2,2,7
14166,187,1,29.837802335207176,1,1,1,3
14167,49,5,2404.8056373997956,3,3,3,9
14168,15,8,4097.326034267558,5,5,5,15
14170,97,5,2345.8818058969864,2,3,3,8
14171,27,5,1376.1722330662803,4,3,1,8
14172,55,8,5254.915598779842,3,5,5,13
14173,28,4,1906.086518161319,4,2,2,8
14174,78,4,1894.3139240735525,2,2,2,6
14175,34,10,5273.293117854684,4,5,5,14
14176,8,7,3949.1266104327283,5,5,5,15
14177,217,4,2844.749005490074,1,2,4,7
14178,29,9,4111.765063065861,4,5,5,14
14179,4,6,3485.7903362007346,5,4,4,13
14180,68,4,1860.2895235069625,3,2,2,7
14181,89,4,1766.6894837675113,2,2,2,6
14182,120,3,1220.279100244654,2,1,1,4
14183,11,5,2340.9566415039158,5,3,3,11
14184,11,7,2436.539005804332,5,5,3,13
14185,28,2,1122.1068178599644,4,1,1,6
14186,87,4,1528.3926972476856,2,2,2,6
14187,54,3,2232.455217592227,3,1,3,7
14188,56,2,952.1673347768206,3,1,1,5
14189,87,8,5206.1581104088,2,5,5,12
14190,16,3,2049.4150578794374,5,1,2,8
14191,5,4,1072.3111699283838,5,2,1,8
14192,39,7,3868.398900136946,4,5,5,14
14193,49,2,1592.7960181079447,3,1,2,6
14194,170,5,1673.2279847096029,1,3,2,6
14195,32,5,2497.0488180421426,4,3,3,10
14196,57,6,2767.3855625569836,3,4,4,11
14197,113,4,2255.840775814054,2,2,3,7
14198,87,12,6257.169393937525,2,5,5,12
14199,54,4,2059.7835552688875,3,2,2,7
14200,216,5,1715.1942254743851,1,3,2,6
14201,43,11,5061.561688844753,4,5,5,14
14202,29,2,1215.7260628953113,4,1,1,6
14203,181,2,1256.1518915409088,1,1,1,3
14204,227,3,1662.4144889110953,1,1,2,4
14205,148,5,2276.3101211897,1,3,3,7
14206,209,3,2430.5565002343724,1,1,3,5
14207,163,6,3210.902542587489,1,4,4,9
14208,197,2,889.1054506284142,1,1,1,3
14209,95,5,1969.9271342183324,2,3,2,7
14210,59,3,1837.3370195913499,3,1,2,6
14211,155,7,3931.513684697369,1,5,5,11
14212,26,5,2080.8454162388925,4,3,2,9
14213,40,4,1366.989839032736,4,2,1,7
14214,33,9,3125.6011763053675,4,5,4,13
14215,23,8,4690.700806597857,4,5,5,14
14216,38,5,2794.441320803796,4,3,4,11
14217,51,7,2954.6679446708044,3,5,4,12
14218,164,3,1231.9597828396895,1,1,1,3
14219,179,5,2464.6720200104673,1,3,3,7
14220,69,2,1642.2041995324075,3,1,2,6
14221,23,6,3214.021519566527,4,4,4,12
14222,60,4,1542.6321613916175,3,2,2,7
14223,56,4,1799.8022973012635,3,2,2,7
14224,64,8,5604.229851313431,3,5,5,13
14225,16,5,2161.5368604004134,5,3,3,11
14226,100,9,4575.945971021887,2,5,5,12
14227,107,5,3135.2956909561117,2,3,4,9
14228,83,6,2206.476370676227,2,4,3,9
14229,22,7,3502.3740117454095,4,5,4,13
14231,273,4,2221.7309433795836,1,2,3,6
14232,103,10,5054.774360212168,2,5,5,12
14233,194,5,3028.349277600893,1,3,4,8
14234,46,4,2333.1428855189097,3,2,3,8
14235,68,7,2767.671767055917,3,5,4,12
14236,140,4,1645.0228520541036,1,2,2,5
14237,42,4,1042.3309776980814,4,2,1,7
14238,43,6,3478.6758901301328,4,4,4,12
14239,96,7,2963.153279248042,2,5,4,11
14240,1,4,2578.5412402070388,5,2,3,10
14241,19,3,1694.871875272624,5,1,2,8
14242,147,3,2371.855069247123,1,1,3,5
14243,33,7,4917.810616200474,4,5,5,14
14244,28,4,1196.6873316125782,4,2,1,7
14245,124,3,2768.1156318639614,2,1,4,7
14246,108,1,870.5794936608263,2,1,1,4
14247,400,1,499.4507676380865,1,1,1,3
14248,39,4,2794.7784807035596,4,2,4,10
14249,126,2,300.74913430585906,2,1,1,4
14250,134,5,3341.461441027379,1,3,4,8
14251,9,6,3355.583768324883,5,4,4,13
14252,44,4,1874.3103143102196,3,2,2,7
14253,165,1,606.8054381428291,1,1,1,3
14254,69,4,1262.265063006845,3,2,1,6
14255,96,4,2386.370840688827,2,2,3,7
14256,44,5,2412.4539050227127,3,3,3,9
14257,53,2,1736.8438834326553,3,1,2,6
14258,38,6,2363.8914233284836,4,4,3,11
14259,25,4,1563.8011761669434,4,2,2,8
14260,106,5,2445.77876033132,2,3,3,8
14261,24,5,2786.744815953384,4,3,4,11
14262,134,8,4276.349272446502,1,5,5,11
14263,40,7,5425.209688164481,4,5,5,14
14264,179,8,3327.1336858819013,1,5,4,10
14265,175,4,2729.3568868126504,1,2,3,6
14266,61,1,375.7186135299048,3,1,1,5
14267,30,6,2917.4736584277252,4,4,4,12
14268,354,2,1946.27250392643,1,1,2,4
14269,3,7,3565.243585425618,5,5,5,15
14270,130,3,2149.1942975547395,2,1,3,6
14271,103,11,6889.631923114589,2,5,5,12
14272,132,5,2451.4202710577347,2,3,3,8
14273,17,6,3567.390636186253,5,4,5,14
14274,161,2,956.218330167245,1,1,1,3
14275,71,6,3888.928137396237,3,4,5,12
14276,145,5,2041.07470720041,1,3,2,6
14277,51,3,1705.8072009117182,3,1,2,6
14278,233,4,1519.8837549037419,1,2,2,5
14279,149,3,1628.229364955252,1,1,2,4
14280,145,1,169.04777701101537,1,1,1,3
14281,99,2,1533.2680981309923,2,1,2,5
14282,168,3,1407.569458678563,1,1,1,3
14283,38,4,2011.3622918444817,4,2,2,8
14284,241,3,1513.2196064710688,1,1,2,4
14285,5,6,2506.149311885727,5,4,3,12
14286,73,4,2334.3359358146768,3,2,3,8
14287,45,4,2708.262023787967,3,2,3,8
14288,102,7,3259.916672151345,2,5,4,11
14289,2,7,2314.184379301524,5,5,3,13
14290,18,6,2752.3855191712105,5,4,4,13
14291,30,7,3128.413623459902,4,5,4,13
14292,77,4,2029.6800959582897,2,2,2,6
14293,64,3,1355.4998172839175,3,1,1,5
14294,78,5,3035.8226880345965,2,3,4,9
14295,32,7,4340.6795550761535,4,5,5,14
14296,173,3,1712.32134223014,1,1,2,4
14297,31,5,2445.5740482041133,4,3,3,10
14298,69,6,2592.9452553164733,3,4,3,10
14299,1,7,3133.271548444415,5,5,4,14
14300,76,5,3135.6838322789777,3,3,4,10
14301,58,8,4511.188671839783,3,5,5,13
14302,91,5,3395.511368689835,2,3,4,9
14303,26,8,6209.617018028455,4,5,5,14
14304,27,2,693.907091394695,4,1,1,6
14305,242,4,2268.243305373742,1,2,3,6
14306,252,4,2173.9743721805635,1,2,3,6
14307,21,5,1635.5494360451926,4,3,2,9
14308,121,5,1553.1848884876372,2,3,2,7
14309,104,2,1193.0698728665827,2,1,1,4
14310,40,7,3998.8993701285417,4,5,5,14
14311,133,8,3698.646491651082,2,5,5,12
14312,4,6,1499.2497260306025,5,4,2,11
14313,7,7,4702.320143768261,5,5,5,15
14314,32,7,3313.094790280607,4,5,4,13
14315,41,7,2748.647138872247,4,5,4,13
14316,90,6,3264.717794053639,2,4,4,10
14317,2,4,2336.9517919482446,5,2,3,10
14318,25,5,3022.454296444818,4,3,4,11
14319,63,6,3607.110807764687,3,4,5,12
14320,104,5,2566.7086193953255,2,3,3,8
14321,39,7,2417.8722090713013,4,5,3,12
14322,332,6,2253.568739811412,1,4,3,8
14323,66,4,1835.206203963725,3,2,2,7
14324,60,6,3223.4997397296183,3,4,4,11
14325,11,4,3445.3128826623333,5,2,4,11
14326,71,5,3048.3933353275124,3,3,4,10
14327,21,9,4388.702793856446,4,5,5,14
14328,152,3,1745.5566543385598,1,1,2,4
14329,35,6,3539.858256867101,4,4,4,12
14330,167,5,2081.277462039139,1,3,2,6
14331,44,7,3624.6752720159816,3,5,5,13
14332,3,3,1877.3002986277368,5,1,2,8
14333,25,6,1920.6405079365106,4,4,2,10
14334,52,5,2188.0478898872157,3,3,3,9
14335,90,2,360.37722088009633,2,1,1,4
14336,59,6,3530.366333356235,3,4,4,11
14337,221,2,1085.5873050791624,1,1,1,3
14338,78,4,1679.6629230620401,2,2,2,6
14339,16,4,1858.7611414245343,5,2,2,9
14340,82,5,1702.583726072265,2,3,2,7
14341,37,7,3843.634915014418,4,5,5,14
14342,17,6,3725.983352020061,5,4,5,14
14343,62,7,3990.6013362635927,3,5,5,13
14344,97,3,1252.5707632826188,2,1,1,4
14345,2,5,2050.807968254737,5,3,2,10
14346,94,6,2287.514902132557,2,4,3,9
14347,130,2,736.9758439377948,2,1,1,4
14348,323,1,581.0041315170579,1,1,1,3
14349,119,4,1780.376639175794,2,2,2,6
14350,157,7,2259.7620194126066,1,5,3,9
14351,10,8,3076.5569270506367,5,5,4,14
14352,62,2,424.7419685899687,3,1,1,5
14353,79,5,2891.9553687017396,2,3,4,9
14354,27,5,3575.384639262524,4,3,5,12
14355,21,7,4425.002886946593,4,5,5,14
14356,25,7,2636.79759287027,4,5,3,12
14357,61,4,1430.5399125279355,3,2,2,7
14358,144,6,2897.4703295230092,1,4,4,9
14359,22,8,4944.732474640631,4,5,5,14
14360,181,1,305.48495138989415,1,1,1,3
14361,43,5,2574.669445649124,4,3,3,10
14362,182,5,2457.7264251137185,1,3,3,7
14363,17,7,4209.739119258965,5,5,5,15
14364,21,4,2040.0996131886272,4,2,2,8
14365,144,6,2392.0767876871187,1,4,3,8
14366,6,6,4640.178927211973,5,4,5,14
14367,28,4,2665.6990950118916,4,2,3,9
14368,32,5,2516.2451241489753,4,3,3,10
14369,66,9,5465.923673673353,3,5,5,13
14370,18,5,1990.1742485733503,5,3,2,10
14371,44,11,4706.283379818695,3,5,5,13
14372,20,1,585.7165080831429,4,1,1,6
14373,45,6,2656.5214005920807,3,4,3,10
14374,32,5,1372.3943142850355,4,3,1,8
14375,182,4,1703.7149197029762,1,2,2,5
14376,63,2,546.1599511232398,3,1,1,5
14377,18,5,3197.475990139153,5,3,4,12
14378,13,3,2280.5339157099347,5,1,3,9
14379,16,12,6083.756335317523,5,5,5,15
14380,51,6,3131.1796367433944,3,4,4,11
14381,45,9,4637.850691812205,3,5,5,13
14382,92,5,2938.9582817639957,2,3,4,9
14383,119,5,1809.6274885251628,2,3,2,7
14384,45,9,3853.7206458951105,3,5,5,13
14385,367,1,66.52748693473022,1,1,1,3
14386,5,5,2937.467976387089,5,3,4,12
14387,1,5,2833.977378795921,5,3,4,12
14388,197,3,1423.4092353339536,1,1,2,4
14389,5,5,1703.2860916522022,5,3,2,10
14390,182,6,2116.373243566408,1,4,3,8
14391,41,5,2120.3216477744545,4,3,3,10
14392,168,2,1194.5095273054148,1,1,1,3
14393,11,5,3957.0934030325807,5,3,5,13
14394,74,2,499.67089115440774,3,1,1,5
14395,40,5,3539.7490582590112,4,3,4,11
14396,17,3,842.5999963525585,5,1,1,7
14397,49,5,2160.6014576877924,3,3,3,9
14398,155,5,2219.4707469648965,1,3,3,7
14399,104,6,3472.577000961954,2,4,4,10
14400,29,5,2876.7359009496054,4,3,4,11
14401,8,4,1191.0498770998367,5,2,1,8
14402,156,2,598.4077282214232,1,1,1,3
14403,3,6,2624.422581062282,5,4,3,12
14404,110,5,2592.6981497276793,2,3,3,8
14405,229,1,490.8786491132567,1,1,1,3
14406,139,3,1464.2219208509482,1,1,2,4
14407,20,7,2635.390509139479,4,5,3,12
14408,33,4,2516.071162899466,4,2,3,9
14409,5,4,2849.1863994588034,5,2,4,11
14410,15,7,3478.7866503856967,5,5,4,14
14411,165,2,1427.6428016286688,1,1,2,4
14412,42,2,1118.183148652713,4,1,1,6
14413,7,6,3050.651567232133,5,4,4,13
14414,93,3,1625.869693946308,2,1,2,5
14415,35,4,3027.705537700206,4,2,4,10
14416,25,4,1801.6475520461788,4,2,2,8
14417,12,6,2410.694384253688,5,4,3,12
14418,17,5,1831.9371900882343,5,3,2,10
14419,53,5,2365.118069584295,3,3,3,9
14420,105,3,1667.1821897280465,2,1,2,5
14421,86,3,1648.6491930402763,2,1,2,5
14422,269,2,303.64896889299894,1,1,1,3
14423,140,6,2474.9519843589246,1,4,3,8
14424,32,3,2589.416502430478,4,1,3,8
14425,41,3,887.6811368442493,4,1,1,6
14426,124,4,2594.1436678007217,2,2,3,7
14427,5,8,3583.1555973745326,5,5,5,15
14428,39,4,2410.3449212969854,4,2,3,9
14429,90,5,2941.948907576295,2,3,4,9
14430,76,3,1023.5824564864217,3,1,1,5
14431,48,4,2607.9329203252873,3,2,3,8
14432,48,8,4182.494757322169,3,5,5,13
14433,130,5,2160.622527714006,2,3,3,8
14434,12,8,4836.181369402346,5,5,5,15
14435,277,3,891.6468860775663,1,1,1,3
14436,30,7,3767.468573094777,4,5,5,14
14437,20,6,2846.756877851219,4,4,4,12
14438,157,2,1043.8700312980054,1,1,1,3
14439,123,7,3517.795889984375,2,5,4,11
14440,51,6,4075.7641482605363,3,4,5,12
14441,21,4,1283.2940898852505,4,2,1,7
14442,348,1,493.02607621521753,1,1,1,3
14443,92,4,3375.5035343087097,2,2,4,8
14444,3,9,4347.99131589158,5,5,5,15
14445,44,9,5613.756444578104,3,5,5,13
14446,16,9,4487.804721830238,5,5,5,15
14447,47,4,2098.465173265141,3,2,3,8
14448,343,1,71.92072127961055,1,1,1,3
14450,104,1,111.97502487893429,2,1,1,4
14451,68,5,3112.815258155925,3,3,4,10
14452,105,8,4182.100295864789,2,5,5,12
14453,15,8,5174.6365511911645,5,5,5,15
14454,75,5,2432.615308895422,3,3,3,9
14455,1,5,1636.3729861880138,5,3,2,10
14456,29,2,1156.7393289756553,4,1,1,6
14457,40,5,1713.0957471061997,4,3,2,9
14458,34,7,3500.2174814529208,4,5,4,13
14459,44,6,2300.8141724127736,3,4,3,10
14460,140,7,2970.0207948902007,1,5,4,10
14461,222,5,2553.756053666878,1,3,3,7
14462,7,4,1343.580446444471,5,2,1,8
14463,69,7,2853.2389267244826,3,5,4,12
14464,84,2,1658.8543117431595,2,1,2,5
14465,391,2,1171.611122537727,1,1,1,3
14466,5,4,3573.0730592115506,5,2,5,12
14467,3,4,2567.266665823263,5,2,3,10
14468,71,4,1840.4888923942685,3,2,2,7
14469,42,6,2928.0506140838847,4,4,4,12
14470,151,3,986.9768111411223,1,1,1,3
14471,170,7,4004.4738640615087,1,5,5,11
14472,25,6,3219.6667771829216,4,4,4,12
14473,99,3,1234.8037050772714,2,1,1,4
14474,52,6,3042.1026730047515,3,4,4,11
14475,98,6,3674.7955022114734,2,4,5,11
14476,200,1,988.8361481139666,1,1,1,3
14477,71,3,1461.0371498496197,3,1,2,6
14478,63,8,4563.4211910963995,3,5,5,13
14479,3,5,748.3658134259135,5,3,1,9
14480,1,4,2339.5181067633584,5,2,3,10
14481,39,3,1059.946727582461,4,1,1,6
14482,152,4,2588.246252501963,1,2,3,6
14483,65,10,6372.545341935997,3,5,5,13
14484,262,5,2387.5329879364344,1,3,3,7
14485,248,2,1265.1534904749678,1,1,1,3
14486,170,5,2965.4962336574235,1,3,4,8
14487,14,4,2011.7277837229567,5,2,2,9
14488,38,4,1228.591730777079,4,2,1,7
14489,84,5,1602.4821492788847,2,3,2,7
14490,69,6,4480.101923936287,3,4,5,12
14491,1,7,3251.598148837738,5,5,4,14
14492,6,9,5683.595492909363,5,5,5,15
14493,122,9,4980.456008202791,2,5,5,12
14494,82,7,3340.726266799753,2,5,4,11
14495,18,7,3205.625710465751,5,5,4,14
14496,175,4,2183.7009024711824,1,2,3,6
14497,82,7,3475.1938898384765,2,5,4,11
14498,93,7,4545.656374426021,2,5,5,12
14499,124,2,973.3074170992631,2,1,1,4
14500,37,5,3135.2593063417653,4,3,4,11
14501,1,4,1908.7364277311876,5,2,2,9
14502,2,9,4202.12956426931,5,5,5,15
14503,21,9,4789.84157878083,4,5,5,14
14504,164,3,1831.5333792477386,1,1,2,4
14505,267,3,2046.3371774547727,1,1,2,4
14506,110,4,1638.1558896528595,2,2,2,6
14507,161,3,2078.8686125297954,1,1,2,4
14508,19,13,4975.770526636142,5,5,5,15
14509,288,2,502.77055400675215,1,1,1,3
14510,74,6,3161.7451561314824,3,4,4,11
14511,24,4,3120.166597313206,4,2,4,10
14512,58,7,4080.141581391996,3,5,5,13
14513,15,8,4618.202754974442,5,5,5,15
14514,284,3,1517.214942477127,1,1,2,4
14515,74,2,715.4647168386036,3,1,1,5
14516,129,2,1545.846058209554,2,1,2,5
14517,8,6,2665.055293012876,5,4,3,12
14518,112,5,2395.66723951361,2,3,3,8
14519,139,2,1067.6027623304558,1,1,1,3
14521,154,2,693.890987144522,1,1,1,3
14522,56,10,6155.491859562424,3,5,5,13
14523,77,4,2789.0042834882147,2,2,4,8
14524,135,7,3866.788810746301,1,5,5,11
14525,77,6,3598.699566064963,2,4,5,11
14526,63,4,1081.5113970599784,3,2,1,6
14527,30,5,2500.5112257229293,4,3,3,10
14528,199,3,1328.907175539832,1,1,1,3
14529,11,3,1454.1417281526683,5,1,2,8
14530,9,5,1988.4893781772687,5,3,2,10
14531,29,7,2488.651226931651,4,5,3,12
14532,29,3,1654.9691891855773,4,1,2,7
14533,80,2,1282.6622572624676,2,1,1,4
14534,43,10,6420.675411709968,4,5,5,14
14535,92,4,2939.9634258408146,2,2,4,8
14536,53,5,715.6093663942684,3,3,1,7
14537,153,4,2987.502367639686,1,2,4,7
14538,72,5,1977.1980481650928,3,3,2,8
14539,91,7,3926.8280342506196,2,5,5,12
14540,106,3,1294.2183190015944,2,1,1,4
14541,48,5,1734.659997438014,3,3,2,8
14542,49,8,3406.5779769429846,3,5,4,12
14543,103,6,2858.23533495207,2,4,4,10
14544,38,5,3201.524691573621,4,3,4,11
14545,20,5,2915.1178343606175,4,3,4,11
14546,114,7,2949.5922384984706,2,5,4,11
14547,49,3,1789.3203605923586,3,1,2,6
14548,239,7,4542.2601337814285,1,5,5,11
14549,43,5,1812.6333916458989,4,3,2,9
14550,36,4,2469.3260141754513,4,2,3,9
14551,309,3,1243.003524633004,1,1,1,3
14552,6,3,1607.9289505005495,5,1,2,8
14553,50,8,5446.633202606679,3,5,5,13
14554,46,5,1614.132069902797,3,3,2,8
14555,58,3,1231.1707996893274,3,1,1,5
14556,8,9,3992.673160716556,5,5,5,15
14557,65,1,286.8208847437641,3,1,1,5
14558,25,4,2968.0165998556877,4,2,4,10
14559,13,5,1372.3267250003848,5,3,1,9
14560,89,8,4355.316667207847,2,5,5,12
14561,312,1,156.94521869983828,1,1,1,3
14562,62,6,4088.757407389105,3,4,5,12
14563,128,5,2166.2550404602293,2,3,3,8
14564,49,3,1068.6059574556703,3,1,1,5
14565,61,4,2632.7455469089914,3,2,3,8
14566,15,3,841.4299151000547,5,1,1,7
14567,62,8,4886.82269196185,3,5,5,13
14568,19,6,3325.9186299605008,5,4,4,13
14569,102,5,4059.8520493744127,2,3,5,10
14570,59,2,684.1803177581623,3,1,1,5
14571,27,11,5715.828891036484,4,5,5,14
14572,51,6,3549.780808046063,3,4,5,12
14573,21,3,867.4158716843303,4,1,1,6
14574,41,4,2413.0843205195647,4,2,3,9
14575,1,4,2559.235302392485,5,2,3,10
14576,211,3,1054.9706909592064,1,1,1,3
14577,65,9,4675.035374298393,3,5,5,13
14578,179,2,1087.058451811028,1,1,1,3
14579,9,6,2507.232875360166,5,4,3,12
14580,89,2,1609.2510668203108,2,1,2,5
14582,44,5,2139.5329270479438,3,3,3,9
14583,206,4,2546.1000388481957,1,2,3,6
14584,45,5,2428.2243826028657,3,3,3,9
14585,25,6,3330.8623475328704,4,4,4,12
14586,126,5,1940.6794777319499,2,3,2,7
14587,51,3,1603.43995640485,3,1,2,6
14588,46,8,4230.981629852399,3,5,5,13
14589,140,3,1704.0927577282134,1,1,2,4
14590,7,7,3816.458807117093,5,5,5,15
14591,14,8,3103.529984235949,5,5,4,14
14592,235,4,1856.3800213489817,1,2,2,5
14593,83,7,1797.5546351803782,2,5,2,9
14594,148,5,2581.270190583521,1,3,3,7
14595,119,5,3327.8636858045547,2,3,4,9
14596,36,5,2129.208156893469,4,3,3,10
14597,43,4,2533.6970514758577,4,2,3,9
14598,81,4,2047.906963592019,2,2,2,6
14599,27,4,1336.910492560151,4,2,1,7
14600,99,8,3576.6006176341048,2,5,5,12
14601,101,3,1813.4225053242826,2,1,2,5
14602,109,3,1817.3175676520318,2,1,2,5
14603,150,4,2384.43094912153,1,2,3,6
14604,36,5,2593.616296476178,4,3,3,10
14605,34,7,4033.023357155189,4,5,5,14
14606,61,2,1452.3898727994342,3,1,2,6
14607,255,3,1571.3917429873457,1,1,2,4
14608,29,6,3573.0339464368467,4,4,5,13
14609,150,3,1515.0895569569825,1,1,2,4
14610,55,1,790.0751856544045,3,1,1,5
14611,51,4,2430.604411405949,3,2,3,8
14612,38,8,4130.407171092344,4,5,5,14
14613,5,8,3366.8343414747446,5,5,4,14
14614,78,3,1300.8885931922982,2,1,1,4
14615,272,2,1285.489562675615,1,1,1,3
14616,90,4,2246.7908626226276,2,2,3,7
14617,1,8,3968.9739313615064,5,5,5,15
14618,90,3,615.4435586548474,2,1,1,4
14619,2,5,3977.6423106424395,5,3,5,13
14620,125,3,972.340578114277,2,1,1,4
14621,12,4,2537.977787315254,5,2,3,10
14622,43,5,2439.080029511074,4,3,3,10
14623,166,2,296.8125462866729,1,1,1,3
14624,132,5,2955.5587266343455,2,3,4,9
14625,4,6,3899.104068805973,5,4,5,14
14626,52,4,1140.761934908594,3,2,1,6
14627,98,8,4086.251252499497,2,5,5,12
14628,3,4,1890.3425825211316,5,2,2,9
14629,76,6,2923.034286360397,3,4,4,11
14630,111,7,3754.9832431515056,2,5,5,12
14631,189,4,2657.253293920271,1,2,3,6
14632,61,4,1763.3020719577376,3,2,2,7
14633,78,4,3562.845711895923,2,2,5,9
14634,74,8,3184.0378077850255,3,5,4,12
14635,9,3,1537.0070234551636,5,1,2,8
14636,208,6,3404.9234962171663,1,4,4,9
14637,56,6,3499.768636705599,3,4,4,11
14638,49,10,4986.631439713084,3,5,5,13
14639,101,3,2385.7357192294194,2,1,3,6
14640,343,1,961.2184532556734,1,1,1,3
14641,18,4,2800.5179833307584,5,2,4,11
14642,39,3,756.02947781221,4,1,1,6
14643,53,7,3964.1333753238823,3,5,5,13
14644,41,4,975.4186205771903,4,2,1,7
14645,18,4,2120.3935460094035,5,2,3,10
14646,142,5,2960.687161996577,1,3,4,8
14647,56,4,1872.445747569834,3,2,2,7
14648,9,6,3572.7920607138694,5,4,5,14
14649,88,8,3419.8621294895506,2,5,4,11
14650,11,5,2393.412532682392,5,3,3,11
14651,23,6,3243.578914060702,4,4,4,12
14652,49,5,2886.8974716349385,3,3,4,10
14653,57,9,3218.2521333935133,3,5,4,12
14654,158,4,1218.694237051939,1,2,1,4
14655,75,8,3135.6793734995385,3,5,4,12
14656,25,8,3290.287517600029,4,5,4,13
14657,63,6,4142.988911193152,3,4,5,12
14658,381,1,903.1893358055061,1,1,1,3
14659,13,6,2890.5150824719594,5,4,4,13
14660,59,5,2749.697919586924,3,3,4,10
14661,142,2,141.38735861724302,1,1,1,3
14662,9,10,4161.877466414621,5,5,5,15
14663,8,4,1570.8544159929193,5,2,2,9
14664,48,3,1231.322431594482,3,1,1,5
14665,83,7,3319.6186610594114,2,5,4,11
14666,155,5,2449.214476845771,1,3,3,7
14667,36,6,3480.0822905628165,4,4,4,12
14668,30,4,2711.209562985589,4,2,3,9
14669,317,4,1601.5940958413225,1,2,2,5
14670,137,4,1501.9159272188176,1,2,2,5
14671,6,10,6128.780530270974,5,5,5,15
14672,65,4,2495.302633106141,3,2,3,8
14674,9,5,1897.9337458065652,5,3,2,10
14675,54,10,5896.727117208901,3,5,5,13
14676,1,11,5303.682003852482,5,5,5,15
14677,12,4,3323.18688260629,5,2,4,11
14678,2,10,3978.1183714103654,5,5,5,15
14679,23,4,2354.882367012121,4,2,3,9
14680,298,1,163.20849652911537,1,1,1,3
14681,44,6,4271.79551890292,3,4,5,12
14682,73,6,2727.074028396294,3,4,3,10
14683,3,7,3877.6472061939457,5,5,5,15
14684,1,8,5152.3725718141295,5,5,5,15
14685,106,3,1923.5209057212533,2,1,2,5
14686,134,1,129.22535503700058,1,1,1,3
14687,39,3,1705.8304150401952,4,1,2,7
14688,25,7,4998.730528780861,4,5,5,14
14689,140,5,2576.681458007586,1,3,3,7
14690,104,2,1400.0055527865957,2,1,1,4
14691,72,9,4282.969246496771,3,5,5,13
14692,21,6,3746.767591108209,4,4,5,13
14693,214,3,1138.5170862507462,1,1,1,3
14694,102,3,1854.0945618817586,2,1,2,5
14695,38,6,3540.0184393433556,4,4,4,12
14696,153,8,2234.691445857336,1,5,3,9
14697,39,3,731.442963354638,4,1,1,6
14698,31,6,2906.4071493875967,4,4,4,12
14699,129,4,2703.191206321102,2,2,3,7
14700,48,4,2954.822033037069,3,2,4,9
14701,76,3,841.2356534726229,3,1,1,5
14702,57,5,2199.1257109177795,3,3,3,9
14703,123,5,1587.633402900393,2,3,2,7
14704,9,7,3836.847131588547,5,5,5,15
14705,60,4,2532.819810632136,3,2,3,8
14706,131,6,2397.970852204764,2,4,3,9
14707,43,3,812.18993331549,4,1,1,6
14708,155,2,1485.7855265574944,1,1,2,4
14709,22,5,3742.386854127036,4,3,5,12
14710,177,4,2145.9570769785064,1,2,3,6
14711,71,6,2145.708024050489,3,4,3,10
14712,29,5,3164.399511316329,4,3,4,11
14713,203,2,1499.4543242060988,1,1,2,4
14714,2,7,2779.346927385193,5,5,4,14
14715,85,6,3505.7901631791037,2,4,4,10
14716,17,6,3813.4170294648757,5,4,5,14
14717,3,3,1422.1813456280647,5,1,2,8
14718,79,6,3328.304740728876,2,4,4,10
14719,60,5,1653.6541350840982,3,3,2,8
14720,24,10,4929.715973927353,4,5,5,14
14721,121,4,2369.2477405698237,2,2,3,7
14722,35,7,3544.00725375045,4,5,4,13
14723,93,9,5933.801523662016,2,5,5,12
14724,32,8,4428.7212412923045,4,5,5,14
14725,17,2,666.5981756597622,5,1,1,7
14726,165,3,655.5506788997643,1,1,1,3
14727,47,5,3224.7683013544392,3,3,4,10
14728,108,4,2546.1486764349615,2,2,3,7
14729,4,8,2783.2329834517345,5,5,4,14
14730,75,8,4851.657593498267,3,5,5,13
14731,351,2,668.8830205321855,1,1,1,3
14732,6,5,2607.014907987439,5,3,3,11
14733,3,9,4105.7698615698155,5,5,5,15
14734,106,4,1939.0825623411124,2,2,2,6
14735,51,9,5974.070640325575,3,5,5,13
14736,33,7,4047.4978748427447,4,5,5,14
14737,109,7,2838.0297331938923,2,5,4,11
14738,81,5,2892.3912348503222,2,3,4,9
14739,1,4,1769.2752690136942,5,2,2,9
14740,129,3,1641.8773162954353,2,1,2,5
14741,394,1,115.15629333080174,1,1,1,3
14742,38,5,2650.2175572417145,4,3,3,10
14743,112,2,1028.087451236771,2,1,1,4
14744,229,2,1437.3469105074828,1,1,2,4
14745,32,6,2533.907021810779,4,4,3,11
14746,47,4,2369.6180076240553,3,2,3,8
14747,52,3,1997.2762620168164,3,1,2,6
14748,82,6,3513.6118734945057,2,4,4,10
14749,18,5,2954.129862309195,5,3,4,12
14750,13,6,2469.692965873607,5,4,3,12
14751,43,5,2778.104975166005,4,3,4,11
14752,103,2,580.8251952340361,2,1,1,4
14753,66,5,2832.3124759415723,3,3,4,10
14754,52,7,2867.7828703769655,3,5,4,12
14755,315,3,588.8787959434621,1,1,1,3
14756,71,5,1982.1621233445503,3,3,2,8
14757,66,6,2578.006554552676,3,4,3,10
14758,22,9,4863.770596852665,4,5,5,14
14759,28,6,3134.7456478486297,4,4,4,12
14760,6,6,2869.575568182399,5,4,4,13
14761,183,6,2915.938224026061,1,4,4,9
14762,66,7,4230.1352728765705,3,5,5,13
14763,86,3,1839.2856548168177,2,1,2,5
14764,19,5,1511.3515377687017,5,3,2,10
14765,51,4,2347.4192857994935,3,2,3,8
14766,244,4,1412.8949813731183,1,2,1,4
14767,66,7,4188.871810407032,3,5,5,13
14768,34,6,3010.2360785655906,4,4,4,12
14769,19,7,1743.4583213196825,5,5,2,12
14770,135,5,1378.5395118820502,1,3,1,5
14771,41,4,2303.8249175836895,4,2,3,9
14772,53,2,1059.7694354156256,3,1,1,5
14774,90,5,1859.9025453428208,2,3,2,7
14775,134,4,1093.0827171059495,1,2,1,4
14776,146,3,1524.4068184235143,1,1,2,4
14777,27,5,3109.3729246858284,4,3,4,11
14778,99,7,4128.003203933759,2,5,5,12
14779,44,8,5103.570052583418,3,5,5,13
14780,46,5,1997.000692952984,3,3,2,8
14781,21,13,7599.4987810863695,4,5,5,14
14782,122,3,1407.2753662158657,2,1,1,4
14783,221,5,1846.620381650968,1,3,2,6
14784,88,4,2638.37202344208,2,2,3,7
14785,91,7,3997.005991817541,2,5,5,12
14786,72,3,1549.4901459855914,3,1,2,6
14787,71,5,2057.9684319521157,3,3,2,8
14788,5,3,2089.982925795629,5,1,3,9
14789,128,2,1297.691780507304,2,1,1,4
14790,75,6,2131.550764419294,3,4,3,10
14791,67,4,2030.4028547688915,3,2,2,7
14792,65,3,1496.3238993818277,3,1,2,6
14793,136,3,2116.1991639168355,1,1,3,5
14794,175,2,1075.9705565497557,1,1,1,3
14795,92,3,1510.8593129416765,2,1,2,5
14796,26,6,3844.382707963836,4,4,5,13
14797,103,7,3971.707223816647,2,5,5,12
14798,231,7,2922.040262915126,1,5,4,10
14799,129,7,2882.030718014829,2,5,4,11
14800,9,5,1864.564436315954,5,3,2,10
14801,149,3,1616.7736833003469,1,1,2,4
14802,131,6,2566.503873340568,2,4,3,9
14803,149,8,3364.791928004725,1,5,4,10
14804,35,5,3527.0230395100175,4,3,4,11
14805,40,8,2840.6050953557838,4,5,4,13
14806,224,3,921.4164389646526,1,1,1,3
14807,30,7,4371.597852098055,4,5,5,14
14808,159,4,1548.5315164101182,1,2,2,5
14809,41,9,4461.420816586036,4,5,5,14
14810,83,2,1080.3782682734156,2,1,1,4
14811,46,2,929.0022513547166,3,1,1,5
14812,152,3,707.0952761587697,1,1,1,3
14813,135,3,1216.6123089367443,1,1,1,3
14814,96,3,1994.6676763106339,2,1,2,5
14815,120,9,5336.017635868746,2,5,5,12
14816,21,6,2144.058614186529,4,4,3,11
14817,1,5,2766.583731493279,5,3,4,12
14818,16,3,2476.86314631779,5,1,3,9
14819,16,3,1767.4100102562352,5,1,2,8
14820,20,7,3092.4679356675133,4,5,4,13
14821,4,4,1674.6382953591806,5,2,2,9
14822,36,6,3935.632093857797,4,4,5,13
14823,178,4,2735.100494298403,1,2,3,6
14824,13,6,2635.810400661513,5,4,3,12
14825,41,3,1524.9555289546688,4,1,2,7
14826,45,4,2513.382288579337,3,2,3,8
14827,232,3,1775.0071862884215,1,1,2,4
14828,2,5,2277.883108216844,5,3,3,11
14829,290,2,1542.7048566840085,1,1,2,4
14830,150,4,1762.966734059222,1,2,2,5
14831,94,6,2547.447607802991,2,4,3,9
14832,8,4,1427.1250514315425,5,2,2,9
14833,115,3,553.236600919399,2,1,1,4
14834,22,6,2448.1621342284297,4,4,3,11
14835,30,7,3794.8930565674864,4,5,5,14
14836,34,8,3676.365703385904,4,5,5,14
14837,181,3,2476.0346614166865,1,1,3,5
14838,16,8,4372.390089570604,5,5,5,15
14839,38,6,3546.093073917068,4,4,4,12
14840,31,8,3794.274390868881,4,5,5,14
14841,62,6,4302.437027382339,3,4,5,12
14842,45,12,7003.5215158283845,3,5,5,13
14843,144,4,2011.1437599931814,1,2,2,5
14844,6,3,460.4077957044092,5,1,1,7
14845,349,1,858.0821381251093,1,1,1,3
14846,83,2,724.4519725646243,2,1,1,4
14847,16,7,3484.183158745553,5,5,4,14
14848,185,3,2372.146151750061,1,1,3,5
14849,130,5,2448.8094820028714,2,3,3,8
14850,109,5,2682.4232525726197,2,3,3,8
14851,365,1,703.6909125084491,1,1,1,3
14852,11,2,607.4324587682956,5,1,1,7
14853,35,8,3321.146682795115,4,5,4,13
14854,3,5,3079.6302171047746,5,3,4,12
14855,68,6,3055.877408391094,3,4,4,11
14856,4,3,1911.9357947796543,5,1,2,8
14857,44,6,3023.106412008253,3,4,4,11
14858,53,7,3670.454460857963,3,5,5,13
14859,123,5,2419.5203944422433,2,3,3,8
14860,128,2,1234.3363869419877,2,1,1,4
14861,67,8,3993.439098261575,3,5,5,13
14862,36,6,2236.5265908438587,4,4,3,11
14863,8,10,5137.545096369889,5,5,5,15
14864,276,2,634.4518541414405,1,1,1,3
14865,27,8,2606.695498595953,4,5,3,12
14866,2,7,4209.831475069914,5,5,5,15
14867,20,9,4018.24315868708,4,5,5,14
14868,227,4,2653.1169983181276,1,2,3,6
14869,74,4,2252.797278546471,3,2,3,8
14870,124,7,1523.1618438371192,2,5,2,9
14871,193,4,1936.750715535717,1,2,2,5
14872,335,1,836.1157924964024,1,1,1,3
14873,7,3,2454.086371796725,5,1,3,9
14874,2,5,2389.0467500186887,5,3,3,11
14875,8,4,1662.697418804541,5,2,2,9
14876,36,5,2745.8241421892176,4,3,4,11
14877,5,10,3980.8777056084805,5,5,5,15
14878,229,3,1858.2087232080514,1,1,2,4
14879,220,4,1621.1199161436311,1,2,2,5
14880,184,3,2172.77305932914,1,1,3,5
14881,55,7,3979.5158954220838,3,5,5,13
14882,38,7,4159.8013031112,4,5,5,14
14883,10,8,4245.3653156727305,5,5,5,15
14884,4,3,1244.3655933993057,5,1,1,7
14886,63,3,1147.0635281685916,3,1,1,5
14887,117,5,1955.636279862086,2,3,2,7
14888,2,11,6366.406004099889,5,5,5,15
14889,9,6,2704.499311416655,5,4,3,12
14890,239,3,1636.6415868952117,1,1,2,4
14891,28,4,2303.570535004419,4,2,3,9
14892,26,7,3000.936437352333,4,5,4,13
14893,16,4,2579.1539043148177,5,2,3,10
14894,75,8,4118.761285106511,3,5,5,13
14895,277,2,903.97804239124,1,1,1,3
14896,111,4,2548.096171955745,2,2,3,7
14897,73,3,1241.657096745871,3,1,1,5
14898,27,5,2949.8206772394624,4,3,4,11
14899,46,5,2346.272632021717,3,3,3,9
14900,6,5,3850.7782106245213,5,3,5,13
14901,247,2,1158.5359757509834,1,1,1,3
14902,49,5,2896.776050125112,3,3,4,10
14903,182,4,777.4471713644707,1,2,1,4
14904,117,2,429.7424047828247,2,1,1,4
14905,26,6,3588.819812123541,4,4,5,13
14906,39,4,2081.242412661622,4,2,2,8
14907,92,8,3194.2862957597386,2,5,4,11
14908,68,6,2833.320139123776,3,4,4,11
14909,36,6,3586.6857848793898,4,4,5,13
14910,22,8,3300.0113718562097,4,5,4,13
14911,23,5,1509.2297991147445,4,3,2,9
14912,111,7,2845.6223213877875,2,5,4,11
14913,43,3,1527.9835976223367,4,1,2,7
14914,67,2,748.6209819392604,3,1,1,5
14915,59,4,1581.7632259975587,3,2,2,7
14916,196,2,1746.7048505482126,1,1,2,4
14917,29,6,2706.3877585576306,4,4,3,11
14918,34,5,2826.2216019178986,4,3,4,11
14919,51,3,1561.932423429378,3,1,2,6
14920,39,4,1827.1139550909327,4,2,2,8
14921,7,7,3827.327066977268,5,5,5,15
14922,37,4,1508.5347372139158,4,2,2,8
14923,33,8,4027.0499553234768,4,5,5,14
14924,113,8,4108.894008712408,2,5,5,12
14925,153,3,1076.4047322693345,1,1,1,3
14926,33,10,4436.5898050720825,4,5,5,14
14927,27,9,4425.547261858501,4,5,5,14
14928,16,6,4506.690376827445,5,4,5,14
14929,39,10,5247.055492341985,4,5,5,14
14930,5,7,4333.708639426652,5,5,5,15
14931,57,9,5664.514635978845,3,5,5,13
14932,17,6,3291.3072275642053,5,4,4,13
14933,92,3,2321.3579390899718,2,1,3,6
14934,25,4,2692.450657057989,4,2,3,9
14935,34,9,5619.384530430254,4,5,5,14
14936,105,4,1955.8599866880297,2,2,2,6
14937,33,6,2976.291875522297,4,4,4,12
14938,28,7,4874.886058699575,4,5,5,14
14939,154,6,1384.7219297440904,1,4,1,6
14940,203,8,3450.876392870051,1,5,4,10
14941,96,4,2205.9155910132745,2,2,3,7
14942,38,7,2770.5003197653114,4,5,4,13
14943,78,12,5164.181165096099,2,5,5,12
14944,158,6,2598.4311583963317,1,4,3,8
14945,37,7,3424.1091640912314,4,5,4,13
14946,215,7,3207.4808902032637,1,5,4,10
14947,84,8,5031.508585103698,2,5,5,12
14948,117,4,3440.6827128913915,2,2,4,8
14949,246,5,2622.8032766203473,1,3,3,7
14950,3,3,1760.8432566157512,5,1,2,8
14951,74,3,1926.8628845095998,3,1,2,6
14952,60,6,3421.5558035804474,3,4,4,11
14953,28,3,1961.5660182226552,4,1,2,7
14954,6,6,2492.8889421099743,5,4,3,12
14955,168,4,1235.5726001692383,1,2,1,4
14956,202,3,787.8092788285086,1,1,1,3
14957,68,5,2798.4888816078023,3,3,4,10
14958,100,7,4930.438390296066,2,5,5,12
14959,8,7,2196.314040368308,5,5,3,13
14960,103,4,2327.2876811865053,2,2,3,7
14961,19,5,1625.6168599098146,5,3,2,10
14962,61,5,1917.6270923815437,3,3,2,8
14963,192,3,1348.1040999358565,1,1,1,3
14964,11,6,4023.692190466541,5,4,5,14
14965,82,6,3234.7361205553116,2,4,4,10
14966,163,2,1269.6495164813962,1,1,1,3
14967,17,5,1878.8840123558841,5,3,2,10
14968,232,3,1052.4035621809544,1,1,1,3
14969,7,8,4054.782091197312,5,5,5,15
14970,84,3,1093.9190279762377,2,1,1,4
14971,30,4,1635.2768606837585,4,2,2,8
14972,42,10,4323.091710510959,4,5,5,14
14973,33,2,769.0237931702737,4,1,1,6
14974,89,5,1672.931833872335,2,3,2,7
14975,55,5,1910.3402143232693,3,3,2,8
14976,38,4,991.3270432758096,4,2,1,7
14977,4,5,3632.233218951325,5,3,5,13
14978,275,1,841.7843491585957,1,1,1,3
14979,104,5,4144.190612502489,2,3,5,10
14980,167,5,3184.6950672313874,1,3,4,8
14981,151,5,1580.2819229703725,1,3,2,6
14982,61,2,1803.476821982526,3,1,2,6
14983,191,3,1160.178810601093,1,1,1,3
14984,124,5,2106.0464925518954,2,3,3,8
14985,162,3,1452.9177265122714,1,1,2,4
14986,55,3,2329.7035003589826,3,1,3,7
14987,156,5,1928.3443250678004,1,3,2,6
14988,34,7,3292.447780619684,4,5,4,13
14989,26,3,2033.0614968719892,4,1,2,7
14990,55,3,1276.4503985912693,3,1,1,5
14991,8,2,418.51745626151285,5,1,1,7
14992,26,9,5692.918901794276,4,5,5,14
14993,23,6,2347.0857420629536,4,4,3,11
14994,52,7,3204.517826871891,3,5,4,12
14995,54,8,3743.515498498992,3,5,5,13
14996,43,2,1182.0966359844379,4,1,1,6
14997,49,8,5151.0458631277725,3,5,5,13
14998,4,3,1076.616999081779,5,1,1,7
14999,24,3,2269.5133538830696,4,1,3,8
15000,12,7,2742.262406702714,5,5,4,14
15001,119,4,2078.47859779117,2,2,2,6
15002,62,3,1753.8311537290947,3,1,2,6
15003,221,5,2780.841440552508,1,3,4,8
15004,93,7,3078.5346991871174,2,5,4,11
15005,96,9,4389.217780611511,2,5,5,12
15006,8,5,2382.084887996638,5,3,3,11
15007,3,4,1478.495315769878,5,2,2,9
15008,11,2,1377.8067310194367,5,1,1,7
15009,48,8,4279.8378882127145,3,5,5,13
15010,122,4,2336.063398268746,2,2,3,7
15011,223,3,726.6052841973265,1,1,1,3
15012,138,3,939.0052829684329,1,1,1,3
15013,201,3,1518.4360898350021,1,1,2,4
15014,51,3,1959.1746446703276,3,1,2,6
15015,126,5,1715.794382038569,2,3,2,7
15016,26,6,2837.582208665029,4,4,4,12
15017,18,7,3126.725306631564,5,5,4,14
15018,40,6,1836.451063683849,4,4,2,10
15019,9,3,1766.8600172453823,5,1,2,8
15020,152,5,2077.781666106313,1,3,2,6
15021,66,5,852.1818749381514,3,3,1,7
15022,183,7,3294.0139255499676,1,5,4,10
15023,49,5,3112.2801765224945,3,3,4,10
15024,20,3,1398.7434896273903,4,1,1,6
15025,8,8,3655.9544673299088,5,5,5,15
15026,129,3,1616.7575044585283,2,1,2,5
15027,215,2,1177.7561633527814,1,1,1,3
15028,26,3,892.4861038442649,4,1,1,6
15029,194,1,538.6942256031875,1,1,1,3
15030,160,6,2028.69914726896,1,4,2,7
15031,35,4,1929.659947548148,4,2,2,8
15032,80,4,2689.175909049712,2,2,3,7
15033,48,5,3716.4860408596014,3,3,5,11
15034,33,4,2055.3097080954176,4,2,2,8
15035,51,1,998.7345591909409,3,1,1,5
15036,135,1,55.14827490441233,1,1,1,3
15037,22,7,3073.429353938433,4,5,4,13
15038,64,4,2454.2528937095008,3,2,3,8
15039,60,4,2419.8980129754286,3,2,3,8
15040,14,5,3005.413357501846,5,3,4,12
15041,23,5,2303.8649681526385,4,3,3,10
15042,66,4,3157.2983349242577,3,2,4,9
15043,109,3,1658.0040482841273,2,1,2,5
15044,3,8,4108.514213590133,5,5,5,15
15045,28,5,2746.315618239253,4,3,4,11
15046,48,3,2358.320378447225,3,1,3,7
15047,299,3,1336.4731024759665,1,1,1,3
15048,80,6,3389.3718633533,2,4,4,10
15049,1,5,2820.3547832633185,5,3,4,12
15050,5,7,3399.403875917529,5,5,4,14
15051,31,4,2414.5285910670473,4,2,3,9
15052,79,10,4393.992535783788,2,5,5,12
15053,29,4,1269.7023508071384,4,2,1,7
15054,50,5,2525.607563758388,3,3,3,9
15055,61,9,5381.345003995402,3,5,5,13
15056,77,3,1652.282194608252,2,1,2,5
15057,110,7,3745.879054888646,2,5,5,12
15058,85,8,4560.3884406060315,2,5,5,12
15059,14,4,2297.7408178529454,5,2,3,10
15060,65,7,3679.818063497651,3,5,5,13
15061,2,8,4399.801377864535,5,5,5,15
15062,284,3,1117.9462606208208,1,1,1,3
15063,33,5,2704.796054312219,4,3,3,10
15064,8,6,4256.084311680654,5,4,5,14
15065,20,5,1765.6538091896346,4,3,2,9
15066,2,4,3004.9043899996846,5,2,4,11
15067,26,7,3846.4077887788653,4,5,5,14
15068,5,8,2504.8770263771626,5,5,3,13
15069,6,5,2934.195581130227,5,3,4,12
15070,77,3,1287.1771416767574,2,1,1,4
15071,79,1,404.9592260765234,2,1,1,4
15072,178,2,1282.3575781461375,1,1,1,3
15073,73,4,2933.1736094640305,3,2,4,9
15074,44,6,2983.416241031567,3,4,4,11
15075,2,7,3815.196313237868,5,5,5,15
15076,72,7,3127.4064133694014,3,5,4,12
15077,10,5,3016.312679548876,5,3,4,12
15078,1,4,1302.3231049999263,5,2,1,8
15079,70,6,3339.5740911886915,3,4,4,11
15080,5,2,1095.832730199139,5,1,1,7
15081,172,6,4164.607064278733,1,4,5,10
15082,44,3,1617.1317945892924,3,1,2,6
15083,135,5,2272.937310079241,1,3,3,7
15084,9,9,4227.539899067015,5,5,5,15
15085,81,6,2413.944123996057,2,4,3,9
15086,79,11,5127.01419178235,2,5,5,12
15087,19,5,2450.1263721013906,5,3,3,11
15088,149,6,2005.3238937327912,1,4,2,7
15089,21,7,2092.2565129495865,4,5,3,12
15090,72,3,937.6323876903923,3,1,1,5
15091,257,2,1407.8253629151366,1,1,1,3
15092,62,4,2559.883359455195,3,2,3,8
15093,9,4,2169.4576129914963,5,2,3,10
15094,17,5,2419.866266060968,5,3,3,11
15095,72,2,834.1491585240399,3,1,1,5
15096,122,3,2038.5665108047544,2,1,2,5
15097,19,4,2176.6519083574894,5,2,3,10
15098,19,7,3970.178537206786,5,5,5,15
15099,61,3,1217.1637048444443,3,1,1,5
15100,37,9,5314.410756045927,4,5,5,14
15101,160,2,660.0066585866277,1,1,1,3
15102,16,7,3022.698395121007,5,5,4,14
15103,38,3,1681.4704609025514,4,1,2,7
15104,2,6,3877.4832068091905,5,4,5,14
15105,27,5,2272.6230442967208,4,3,3,10
15106,57,5,2130.662802766133,3,3,3,9
15107,33,2,1512.9477855483092,4,1,2,7
15108,139,4,1427.1878414970224,1,2,2,5
15109,16,9,3939.473838224455,5,5,5,15
15110,3,9,5229.84599090018,5,5,5,15
15111,9,8,5072.883737477347,5,5,5,15
15112,58,5,2912.8883590253263,3,3,4,10
15113,153,5,2875.110758247225,1,3,4,8
15114,25,5,3437.26784428847,4,3,4,11
15115,183,1,917.6520887661799,1,1,1,3
15116,387,1,620.5125639692477,1,1,1,3
15117,22,7,3619.0557148612643,4,5,5,14
15118,105,3,1668.8385058438753,2,1,2,5
15119,84,2,354.77297372812876,2,1,1,4
15120,8,6,3894.0512495713247,5,4,5,14
15121,20,4,2209.87238733858,4,2,3,9
15122,68,8,5001.349366355664,3,5,5,13
15123,33,6,3768.439542383425,4,4,5,13
15124,14,6,3545.5363703189714,5,4,4,13
15125,48,5,2393.6621396222586,3,3,3,9
15126,175,5,1357.8094000728038,1,3,1,5
15127,2,7,3957.8531866944863,5,5,5,15
15128,8,8,2604.6905997116987,5,5,3,13
15129,83,5,2993.550674793228,2,3,4,9
15130,255,4,1736.3071709977053,1,2,2,5
15131,22,5,1377.0173942064291,4,3,1,8
15132,58,7,1501.6463745296178,3,5,2,10
15133,52,6,2194.6115607682977,3,4,3,10
15134,48,6,4466.6406978613795,3,4,5,12
15135,15,5,1677.8274363810142,5,3,2,10
15136,14,5,3209.755101597825,5,3,4,12
15137,46,8,3528.9296832541886,3,5,4,12
15138,70,5,2504.3498782058186,3,3,3,9
15139,157,6,3952.473644752436,1,4,5,10
15140,67,7,2632.4947279267535,3,5,3,11
15141,143,5,2554.9879387612464,1,3,3,7
15142,10,8,3246.177092582106,5,5,4,14
15143,5,6,3324.2032476594754,5,4,4,13
15144,127,3,1199.0297294997058,2,1,1,4
15145,254,3,1964.1488200393574,1,1,2,4
15146,28,4,2253.5854111500626,4,2,3,9
15147,109,2,924.248326850158,2,1,1,4
15148,24,7,2884.563290736108,4,5,4,13
15149,55,2,449.7029801625149,3,1,1,5
15150,26,6,3140.1143061749376,4,4,4,12
15151,72,5,2251.779980137149,3,3,3,9
15152,197,4,2920.066726760707,1,2,4,7
15153,185,4,2154.1358776580832,1,2,3,6
15154,54,7,3544.8291461875397,3,5,4,12
15155,160,4,1527.279511718874,1,2,2,5
15156,42,4,2486.073698136515,4,2,3,9
15157,48,10,3512.1759633392376,3,5,4,12
15158,201,4,2606.92883925338,1,2,3,6
15159,31,4,2291.0773712702985,4,2,3,9
15160,70,4,1915.8330673047626,3,2,2,7
15161,144,3,1128.200088902914,1,1,1,3
15162,6,12,5306.3018927141175,5,5,5,15
15163,206,5,2221.9487866598897,1,3,3,7
15164,23,7,2365.053265825808,4,5,3,12
15165,2,5,2312.2283448811695,5,3,3,11
15166,102,2,1130.9003636195932,2,1,1,4
15167,61,5,1841.9184149486423,3,3,2,8
15168,3,8,3156.56007395348,5,5,4,14
15169,29,4,1428.5534268650301,4,2,2,8
15170,27,4,997.4277217650103,4,2,1,7
15171,60,4,2263.280412566987,3,2,3,8
15172,68,11,7582.467180416845,3,5,5,13
15173,51,5,2492.4649754387647,3,3,3,9
15174,115,5,2622.972972295515,2,3,3,8
15175,101,2,716.2985750225725,2,1,1,4
15176,18,7,4347.528143105825,5,5,5,15
15177,93,4,2693.5616264509968,2,2,3,7
15178,45,7,3065.738889645663,3,5,4,12
15179,3,6,2452.830137902755,5,4,3,12
15180,68,9,5854.093328680556,3,5,5,13
15181,48,5,2485.6616801871032,3,3,3,9
15182,57,6,3045.531091178742,3,4,4,11
15183,19,7,3177.3328488981115,5,5,4,14
15184,125,5,2417.853854770212,2,3,3,8
15185,1,7,3231.2727014846214,5,5,4,14
15186,33,7,4221.237884348127,4,5,5,14
15187,131,2,1705.5491937139336,2,1,2,5
15188,26,5,1839.1825471909694,4,3,2,9
15189,29,5,2205.2425392097794,4,3,3,10
15190,86,5,1500.7863669407309,2,3,2,7
15191,33,8,4937.166716884804,4,5,5,14
15192,51,8,3704.7713247784186,3,5,5,13
15193,43,5,2259.315288350299,4,3,3,10
15194,60,6,3109.873611848893,3,4,4,11
15195,107,3,2153.0843691174914,2,1,3,6
15196,99,1,410.835690553741,2,1,1,4
15197,120,8,3639.036964799569,2,5,5,12
15198,28,4,1114.9028009770818,4,2,1,7
15199,97,2,783.979977439368,2,1,1,4
15200,244,1,104.20321072534283,1,1,1,3
15201,31,7,4531.875358199273,4,5,5,14
15202,25,4,1768.8153581910449,4,2,2,8
15203,109,8,4634.743232935335,2,5,5,12
15204,17,6,3090.8739541231976,5,4,4,13
15205,66,5,4274.67868754596,3,3,5,11
15206,25,2,1518.2500614732505,4,1,2,7
15207,10,3,1108.998368203334,5,1,1,7
15208,250,4,2807.1519698254438,1,2,4,7
15209,23,8,3946.630202575394,4,5,5,14
15210,5,8,3516.5463584411787,5,5,4,14
15211,245,3,2030.1839879429772,1,1,2,4
15212,316,1,294.8324781872595,1,1,1,3
15213,165,4,2150.9053730256173,1,2,3,6
15214,50,5,2564.6520435020902,3,3,3,9
15215,144,3,2102.3141582066764,1,1,3,5
15216,275,1,796.5780662987711,1,1,1,3
15217,51,1,710.9082409939765,3,1,1,5
15218,12,6,2985.1673753017435,5,4,4,13
15219,39,5,3327.2120712452474,4,3,4,11
15220,46,3,1003.2689993207439,3,1,1,5
15221,35,5,2121.3827568440884,4,3,3,10
15222,12,5,3470.103973553509,5,3,4,12
15223,145,4,1930.8135193356577,1,2,2,5
15224,310,2,1211.9594972423808,1,1,1,3
15225,54,7,3556.2630309819615,3,5,5,13
15226,25,4,2391.9376918899266,4,2,3,9
15227,196,3,1447.3900853043806,1,1,2,4
15229,4,3,1071.87975607436,5,1,1,7
15230,43,12,6323.2565881456,4,5,5,14
15231,225,3,1009.3270081220039,1,1,1,3
15232,134,5,2866.885983959852,1,3,4,8
15233,7,5,2825.4657605162756,5,3,4,12
15234,91,4,1141.5280591943629,2,2,1,5
15235,69,6,2962.1876384917355,3,4,4,11
15236,116,3,1246.009758021046,2,1,1,4
15237,21,2,380.72780469939084,4,1,1,6
15238,77,11,5805.623792308395,2,5,5,12
15239,62,8,3470.5107207588744,3,5,4,12
15240,82,5,2739.6836206933017,2,3,3,8
15241,15,3,361.4529567836301,5,1,1,7
15242,60,4,2131.6896130507876,3,2,3,8
15243,65,4,1573.9418819689658,3,2,2,7
15244,70,14,7884.337881478705,3,5,5,13
15245,83,5,2536.4832845617866,2,3,3,8
15246,173,3,1038.5824805179966,1,1,1,3
15247,116,4,1978.3627172448068,2,2,2,6
15248,73,10,5134.396560373706,3,5,5,13
15249,11,5,1239.9668208388475,5,3,1,9
15250,26,7,5002.835125908627,4,5,5,14
15251,217,2,1238.0168820348847,1,1,1,3
15252,26,7,4359.191554379631,4,5,5,14
15253,191,5,3330.078612959198,1,3,4,8
15254,326,3,2306.572732464663,1,1,3,5
15255,155,7,2692.581606358144,1,5,3,9
15256,16,9,4026.917555660869,5,5,5,15
15257,122,5,3166.5894319352938,2,3,4,9
15258,92,7,2978.476077406593,2,5,4,11
15259,81,7,3634.650610151064,2,5,5,12
15260,183,5,1895.772075504201,1,3,2,6
15261,51,4,1566.8080235949535,3,2,2,7
15262,23,5,2412.6083887433033,4,3,3,10
15263,23,4,1436.2605471723646,4,2,2,8
15264,61,3,1620.4721817207692,3,1,2,6
15265,7,7,4959.035833081859,5,5,5,15
15266,1,4,2251.1152004802198,5,2,3,10
15267,160,4,2144.2096517422187,1,2,3,6
15268,30,3,1786.7328965175345,4,1,2,7
15269,220,3,1279.4794799275462,1,1,1,3
15270,3,7,4452.950519054056,5,5,5,15
15271,55,4,2224.9367644082827,3,2,3,8
15272,41,5,2160.786306542393,4,3,3,10
15273,74,3,2312.51639322754,3,1,3,7
15274,41,5,3461.6555970803215,4,3,4,11
15275,209,3,1816.1758551530238,1,1,2,4
15276,60,4,2081.417714346121,3,2,2,7
15277,45,6,1724.103534511927,3,4,2,9
15278,34,4,1473.0621204514098,4,2,2,8
15279,130,5,1766.7048080279556,2,3,2,7
15280,139,7,2996.4746076827464,1,5,4,10
15281,179,4,1950.239417190911,1,2,2,5
15282,2,6,2333.158120510152,5,4,3,12
15283,89,4,1775.7071110707643,2,2,2,6
15284,87,8,3632.1707800455374,2,5,5,12
15285,97,4,1952.5519508466161,2,2,2,6
15286,46,4,2295.03236991648,3,2,3,8
15287,82,4,1474.7008128593602,2,2,2,6
15288,4,7,2859.5218252542004,5,5,4,14
15289,97,4,1098.4736431752588,2,2,1,5
15290,23,10,4627.66232553219,4,5,5,14
15291,163,3,622.6582342172065,1,1,1,3
15292,77,7,2805.190563711389,2,5,4,11
15293,87,5,2402.2490793163406,2,3,3,8
15294,35,7,4514.758088526179,4,5,5,14
15295,132,3,598.4598753934854,2,1,1,4
15296,71,4,1774.7809701978783,3,2,2,7
15297,41,3,1309.6930623421663,4,1,1,6
15298,326,3,845.8339002617274,1,1,1,3
15299,12,6,3955.631466234013,5,4,5,14
15300,75,4,2016.3774259333231,3,2,2,7
15301,42,4,2352.3092503334105,4,2,3,9
15302,13,8,2904.2918493817133,5,5,4,14
15303,27,5,1438.396704055657,4,3,2,9
15304,76,7,3562.535437375559,3,5,5,13
15305,61,3,1702.1913580189878,3,1,2,6
15306,94,7,3490.1875496550592,2,5,4,11
15307,182,3,1642.3161535507184,1,1,2,4
15308,20,7,3967.650700378681,4,5,5,14
15309,106,5,2173.8250546259915,2,3,3,8
15310,19,3,1128.4836946537075,5,1,1,7
15311,72,10,5294.5330215770455,3,5,5,13
15312,74,10,4086.979542748515,3,5,5,13
15313,198,2,816.3574629103055,1,1,1,3
15314,4,3,886.7794540600943,5,1,1,7
15315,111,3,1618.416088766061,2,1,2,5
15316,118,8,4377.753796218581,2,5,5,12
15317,27,7,3620.39533721166,4,5,5,14
15318,172,3,1390.911345035696,1,1,1,3
15319,86,7,2914.806889273727,2,5,4,11
15320,92,8,3607.1386917820214,2,5,5,12
15321,14,3,749.0922123409973,5,1,1,7
15322,61,3,1900.0166648317004,3,1,2,6
15323,130,6,3068.8562685054994,2,4,4,10
15324,187,3,882.3545834720385,1,1,1,3
15325,76,5,2821.725861478837,3,3,4,10
15326,59,3,1649.4605128853361,3,1,2,6
15327,17,4,1609.083536543218,5,2,2,9
15328,10,9,6080.669425507246,5,5,5,15
15329,204,4,2462.122158391291,1,2,3,6
15330,88,2,1578.8206987796177,2,1,2,5
15331,16,4,1871.6570889322707,5,2,2,9
15332,6,4,2343.256743337921,5,2,3,10
15333,191,5,2318.33618808626,1,3,3,7
15334,18,4,2455.6974570633242,5,2,3,10
15335,15,7,3056.3069476672367,5,5,4,14
15336,53,6,2570.258774125672,3,4,3,10
15337,46,5,3083.3613674931803,3,3,4,10
15338,21,3,1323.0185845782814,4,1,1,6
15339,54,8,5126.640887385869,3,5,5,13
15340,46,3,2714.7811937159913,3,1,3,7
15341,148,7,3916.6906046091644,1,5,5,11
15342,198,4,1980.335962583627,1,2,2,5
15343,109,3,1783.6728798073955,2,1,2,5
15344,56,3,953.9012657891031,3,1,1,5
15345,33,4,1700.7253415653497,4,2,2,8
15346,241,2,698.5064901739426,1,1,1,3
15347,65,4,2074.5181284199116,3,2,2,7
15348,12,9,5055.373260757208,5,5,5,15
15349,140,4,1402.7597845346215,1,2,1,4
15350,4,7,3435.1994156839164,5,5,4,14
15351,5,6,2428.147839415685,5,4,3,12
15352,5,9,4805.533680525442,5,5,5,15
15353,48,5,2084.0375189630777,3,3,2,8
15354,8,6,2135.2083650522327,5,4,3,12
15355,2,2,929.5196806214351,5,1,1,7
15356,6,5,3576.026587936456,5,3,5,13
15357,76,6,3085.602024263513,3,4,4,11
15358,44,7,5278.035052651712,3,5,5,13
15359,168,5,1726.1256914696814,1,3,2,6
15360,259,1,549.8896390050918,1,1,1,3
15361,146,3,1521.3186222731167,1,1,2,4
15362,178,5,2667.179394219258,1,3,3,7
15363,1,9,3196.116711067575,5,5,4,14
15364,56,9,3593.781951827616,3,5,5,13
15365,3,4,2342.0028112033574,5,2,3,10
15366,136,3,1195.9413390495056,1,1,1,3
15367,66,6,2364.3911041257743,3,4,3,10
15368,4,5,1356.3004781372642,5,3,1,9
15369,32,5,2322.2934846159355,4,3,3,10
15370,170,1,106.04326567452607,1,1,1,3
15371,140,7,3401.12656751666,1,5,4,10
15372,107,5,2582.316587643488,2,3,3,8
15373,25,5,1852.0901641089094,4,3,2,9
15374,24,6,1439.248772745746,4,4,2,10
15375,20,7,3271.080352708008,4,5,4,13
15376,97,6,3092.3238042348994,2,4,4,10
15377,252,2,656.9328328856005,1,1,1,3
15378,200,3,1468.9056518237173,1,1,2,4
15379,21,10,4949.723698339009,4,5,5,14
15380,65,4,2833.9559687279057,3,2,4,9
15381,2,5,2726.1320520280206,5,3,3,11
15382,150,4,2259.33878151383,1,2,3,6
15383,110,1,758.5801870626186,2,1,1,4
15384,111,7,3860.7893131021187,2,5,5,12
15385,101,3,2090.7893193835503,2,1,3,6
15386,60,5,1981.2377433874897,3,3,2,8
15387,148,4,2520.3386323066234,1,2,3,6
15388,12,7,3668.2510099893584,5,5,5,15
15389,236,4,2289.3334674819753,1,2,3,6
15390,77,6,3189.1580081097622,2,4,4,10
15391,186,6,3679.775896934062,1,4,5,10
15392,37,4,1355.7375996736866,4,2,1,7
15393,130,4,1500.8320498704363,2,2,2,6
15394,43,5,3885.2379495594464,4,3,5,12
15395,159,3,1916.227408246293,1,1,2,4
15396,218,2,894.7989002908096,1,1,1,3
15397,47,4,2588.10351377073,3,2,3,8
15398,136,5,1668.7241359802667,1,3,2,6
15399,238,4,2424.2537529322735,1,2,3,6
15400,61,5,2908.309360633883,3,3,4,10
15401,112,7,4435.6498290510335,2,5,5,12
15402,69,5,2162.09193820019,3,3,3,9
15403,16,7,3508.992539577747,5,5,4,14
15404,70,5,2407.192493644541,3,3,3,9
15405,50,8,3953.553964026072,3,5,5,13
15406,24,3,1256.8305699326797,4,1,1,6
15407,18,4,2290.439038977792,5,2,3,10
15408,3,5,2358.671997377396,5,3,3,11
15409,52,10,3686.7406720683834,3,5,5,13
15410,43,8,4136.50339980246,4,5,5,14
15411,34,3,1915.2770271709192,4,1,2,7
15412,6,4,1026.8966407012347,5,2,1,8
15413,22,10,4700.425275301126,4,5,5,14
15414,15,12,5875.983721694238,5,5,5,15
15415,156,3,695.286225491752,1,1,1,3
15416,21,7,4173.573818100943,4,5,5,14
15417,73,4,1213.378618550441,3,2,1,6
15418,30,5,2772.4528593646837,4,3,4,11
15419,48,5,1449.0076809981663,3,3,2,8
15420,35,8,4783.893182805787,4,5,5,14
15421,30,6,3921.0864498232395,4,4,5,13
15422,309,2,1015.8583879256848,1,1,1,3
15423,136,3,1342.9443392373732,1,1,1,3
15424,19,9,5309.771068930779,5,5,5,15
15425,17,4,915.4270453152429,5,2,1,8
15426,29,3,1991.372576284508,4,1,2,7
15427,56,4,3230.7820420907137,3,2,4,9
15428,28,6,1925.0959584255572,4,4,2,10
15429,208,3,1470.9971689653853,1,1,2,4
15430,130,8,3701.147508383339,2,5,5,12
15431,14,9,3348.632320812242,5,5,4,14
15432,88,5,3446.1517438266437,2,3,4,9
15433,62,6,3090.187908909971,3,4,4,11
15434,114,5,2404.1969958277527,2,3,3,8
15435,110,6,2870.561188766275,2,4,4,10
15436,41,9,5406.998766387459,4,5,5,14
15437,66,2,398.17862617933815,3,1,1,5
15438,214,4,2683.1535922158896,1,2,3,6
15439,200,2,1348.632568590162,1,1,1,3
15440,47,8,3528.608525333415,3,5,4,12
15441,37,7,2911.7682521291904,4,5,4,13
15442,166,6,2725.1380439505865,1,4,3,8
15443,15,10,4460.850927616318,5,5,5,15
15444,23,9,5714.170695342805,4,5,5,14
15445,117,7,3758.5946672294804,2,5,5,12
15446,23,8,4275.534083690332,4,5,5,14
15447,13,6,3076.0035607295545,5,4,4,13
15448,18,7,3834.382814234205,5,5,5,15
15449,5,6,3319.9769855954637,5,4,4,13
15450,52,4,2257.274577795109,3,2,3,8
15451,3,9,4431.242756009331,5,5,5,15
15452,24,2,625.7538888319199,4,1,1,6
15453,9,8,3908.4385044300375,5,5,5,15
15454,149,1,569.6685977605387,1,1,1,3
15455,84,5,2260.159249805427,2,3,3,8
15456,174,5,2133.821960390521,1,3,3,7
15457,178,2,1560.2803132480085,1,1,2,4
15458,83,4,2124.3681469932885,2,2,3,7
15459,17,6,2086.87778581454,5,4,3,12
15460,13,3,1278.805202809097,5,1,1,7
15461,2,3,2010.9784894977097,5,1,2,8
15462,39,5,2339.5402742060433,4,3,3,10
15463,33,3,1427.7726265354713,4,1,2,7
15464,20,6,3780.14767841951,4,4,5,13
15465,84,2,233.5860260406177,2,1,1,4
15466,53,6,2327.577052512115,3,4,3,10
15468,28,6,3422.0965311467685,4,4,4,12
15469,123,8,4646.615483436185,2,5,5,12
15470,9,3,887.6538041748719,5,1,1,7
15471,54,2,461.3448123325928,3,1,1,5
15472,29,4,1697.0498233450498,4,2,2,8
15473,3,3,1274.1270978611756,5,1,1,7
15474,162,6,3637.340360243388,1,4,5,10
15475,136,4,1827.0280459156902,1,2,2,5
15476,93,5,2686.402062196393,2,3,3,8
15477,10,4,1951.9181563977054,5,2,2,9
15478,111,2,1001.0896934756333,2,1,1,4
15479,19,3,1687.2951516352825,5,1,2,8
15480,3,8,3794.540576055747,5,5,5,15
15481,92,5,3081.2487012512092,2,3,4,9
15482,16,5,3548.1899245365357,5,3,5,13
15483,50,4,2175.083128871838,3,2,3,8
15484,100,3,2242.6124221379027,2,1,3,6
15485,37,4,2267.7845824776095,4,2,3,9
15486,186,3,1367.5076176217758,1,1,1,3
15487,110,4,2491.289403668525,2,2,3,7
15488,12,7,1539.9937203686536,5,5,2,12
15489,42,2,1342.363247978049,4,1,1,6
15490,9,7,3671.972741338311,5,5,5,15
15491,25,7,3479.3762050477494,4,5,4,13
15492,92,7,4088.855453007934,2,5,5,12
15493,7,8,4294.602677801517,5,5,5,15
15494,78,5,3531.5699234479343,2,3,4,9
15495,33,8,2798.8281024939047,4,5,4,13
15496,221,3,1760.517366041912,1,1,2,4
15497,4,6,2445.6991850309464,5,4,3,12
15498,71,6,2022.147028801745,3,4,2,9
15499,160,4,2055.9021527342898,1,2,2,5
15500,145,6,2045.7179776192822,1,4,2,7
15501,373,2,1495.9502285048502,1,1,2,4
15502,67,2,1532.6208772700495,3,1,2,6
15503,58,7,3466.572249580552,3,5,4,12
15504,12,2,863.7809522894465,5,1,1,7
15505,184,3,1292.4578074916421,1,1,1,3
15506,18,5,1914.7637674707703,5,3,2,10
15507,50,6,3468.130607452533,3,4,4,11
15508,18,7,2030.8356460570228,5,5,2,12
15509,30,5,2316.0010904849323,4,3,3,10
15510,40,4,1595.2958064249867,4,2,2,8
15511,6,6,2189.862257759958,5,4,3,12
15512,166,1,56.786654193579174,1,1,1,3
15513,64,4,2013.4625589747816,3,2,2,7
15514,116,4,1186.671137571432,2,2,1,5
15515,267,3,2053.173567621431,1,1,2,4
15516,123,5,3234.9908741237705,2,3,4,9
15517,148,4,1836.354509893981,1,2,2,5
15518,75,3,2293.990267082735,3,1,3,7
15519,34,8,4246.418909002972,4,5,5,14
15520,178,4,1769.0697230288297,1,2,2,5
15521,11,6,3257.9613539442394,5,4,4,13
15522,48,8,4730.633629625096,3,5,5,13
15523,6,3,1852.5077246905669,5,1,2,8
15524,85,4,1391.5367243022283,2,2,1,5
15525,156,5,3926.537660709132,1,3,5,9
15526,219,3,1613.2141646097393,1,1,2,4
15527,63,5,2991.028539558437,3,3,4,10
15528,109,4,2715.8058338676747,2,2,3,7
15529,13,3,1697.3002910080868,5,1,2,8
15530,91,6,2108.973544409675,2,4,3,9
15531,15,9,5241.620168639562,5,5,5,15
15532,69,3,2581.2536571393803,3,1,3,7
15533,116,2,1501.383548600493,2,1,2,5
15534,97,2,1016.2641552216071,2,1,1,4
15535,4,6,3172.4683262693434,5,4,4,13
15536,43,4,1760.7493067091693,4,2,2,8
15537,107,3,1306.3129768817473,2,1,1,4
15538,95,3,1762.278052713575,2,1,2,5
15539,12,7,3633.3649114448954,5,5,5,15
15540,8,6,2521.303354074173,5,4,3,12
15541,78,4,2678.2136027587585,2,2,3,7
15542,129,5,2024.4469844812315,2,3,2,7
15543,10,4,1352.2476837922704,5,2,1,8
15544,54,10,4095.749542811862,3,5,5,13
15545,206,3,760.7583207038169,1,1,1,3
15546,11,5,2243.966188013011,5,3,3,11
15547,4,9,4040.773836619872,5,5,5,15
15548,96,3,1069.2584033066003,2,1,1,4
15549,131,4,2409.2238171209137,2,2,3,7
15550,342,2,929.6870500736003,1,1,1,3
15551,34,5,2787.862344077892,4,3,4,11
15552,90,3,274.63646741480164,2,1,1,4
15553,48,6,3402.882671940161,3,4,4,11
15554,10,5,1747.4769553687252,5,3,2,10
15555,47,4,1837.6714100460995,3,2,2,7
15556,13,5,3370.353909247383,5,3,4,12
15557,49,5,2815.7253762775927,3,3,4,10
15558,66,4,2864.57004412941,3,2,4,9
15559,57,6,1482.797259639587,3,4,2,9
15560,19,8,4669.93387169622,5,5,5,15
15561,2,9,3632.6776129432783,5,5,5,15
15562,105,5,1924.9686270357356,2,3,2,7
15563,96,7,2171.0944986123386,2,5,3,10
15564,20,3,563.3898719253966,4,1,1,6
15565,39,2,1003.5367008527726,4,1,1,6
15566,61,10,4316.623341385116,3,5,5,13
15567,17,9,4645.7927524337665,5,5,5,15
15568,308,2,957.1771278447563,1,1,1,3
15569,7,4,1728.5102474005132,5,2,2,9
15570,101,4,1335.7049695923547,2,2,1,5
15571,174,5,2880.9753199043303,1,3,4,8
15572,62,4,1366.9670115928486,3,2,1,6
15574,176,3,696.023805602907,1,1,1,3
15575,75,4,1410.02534041347,3,2,1,6
15576,147,8,4472.744840999153,1,5,5,11
15577,84,1,312.34326909757516,2,1,1,4
15578,118,6,3145.189687237717,2,4,4,10
15579,134,8,4846.814015130152,1,5,5,11
15580,17,4,733.1849704684664,5,2,1,8
15581,64,3,2444.2747656781876,3,1,3,7
15582,15,6,4124.9797996470315,5,4,5,14
15583,102,6,3859.173815029337,2,4,5,11
15584,66,2,102.38405176925471,3,1,1,5
15585,121,3,1351.3391642134814,2,1,1,4
15586,33,8,3473.083919234008,4,5,4,13
15587,10,4,1913.8375277991074,5,2,2,9
15588,55,8,3667.199897351525,3,5,5,13
15589,9,12,6516.192104838982,5,5,5,15
15590,38,2,1401.676289733256,4,1,1,6
15591,181,4,1676.7376430148431,1,2,2,5
15592,64,5,3022.797994874178,3,3,4,10
15593,53,6,3318.4754459473274,3,4,4,11
15594,14,4,1460.94037308097,5,2,2,9
15595,5,8,3599.5906981679127,5,5,5,15
15596,22,4,2412.8360455854854,4,2,3,9
15597,31,5,2815.5523930270447,4,3,4,11
15598,15,3,2304.404721026238,5,1,3,9
15600,62,12,6143.843916565297,3,5,5,13
15601,4,7,4065.431744519632,5,5,5,15
15602,79,4,2104.6635971370415,2,2,3,7
15603,53,4,1598.6429970319587,3,2,2,7
15604,116,3,1011.0639139626628,2,1,1,4
15605,68,4,3421.47347180281,3,2,4,9
15606,65,9,5617.981442219215,3,5,5,13
15607,8,12,6006.546031396845,5,5,5,15
15608,52,5,2277.1953693120417,3,3,3,9
15609,132,2,964.2342022012735,2,1,1,4
15610,5,5,2678.224753391064,5,3,3,11
15612,29,7,3334.9836585527655,4,5,4,13
15613,137,7,3767.7842501881287,1,5,5,11
15614,10,10,4771.307431924404,5,5,5,15
15615,127,4,1322.324222083288,2,2,1,5
15616,12,10,4415.207059213325,5,5,5,15
15617,136,5,2232.9869005354176,1,3,3,7
15618,1,4,2671.095815954638,5,2,3,10
15619,83,7,3916.9876970755217,2,5,5,12
15620,10,4,2520.185179967363,5,2,3,10
15621,232,4,2809.923837218583,1,2,4,7
15622,43,3,2256.466911557855,4,1,3,8
15623,47,9,4484.055901719481,3,5,5,13
15624,176,6,2863.676269124863,1,4,4,9
15625,193,5,2706.0857416681533,1,3,3,7
15626,102,4,2175.8626267340205,2,2,3,7
15627,61,6,3460.678914009285,3,4,4,11
15628,119,2,865.6586962247053,2,1,1,4
15629,70,8,3757.973927830931,3,5,5,13
15630,26,7,3715.91403046259,4,5,5,14
15631,7,7,3891.454650817367,5,5,5,15
15632,24,3,2321.566796879336,4,1,3,8
15633,132,6,3498.714578807436,2,4,4,10
15634,11,6,2460.187146036652,5,4,3,12
15635,81,7,3770.8807463736475,2,5,5,12
15636,27,6,4097.141534287055,4,4,5,13
15637,137,4,905.13917620192,1,2,1,4
15638,10,5,3342.8215299295334,5,3,4,12
15639,104,2,675.8021724270408,2,1,1,4
15640,49,5,1286.2905227434624,3,3,1,7
15641,151,3,1177.0958086364983,1,1,1,3
15642,42,5,3591.1019963147264,4,3,5,12
15643,36,6,2927.9584309537227,4,4,4,12
15644,36,7,2355.699403024434,4,5,3,12
15645,30,8,1954.4914694783645,4,5,2,11
15646,46,9,5139.4294089058585,3,5,5,13
15647,60,4,2841.2520246649283,3,2,4,9
15648,24,6,2841.6137934113267,4,4,4,12
15649,124,6,2626.108763946516,2,4,3,9
15650,17,5,1841.9651919765683,5,3,2,10
15651,42,3,1278.9604976706798,4,1,1,6
15652,11,6,3284.9271997942697,5,4,4,13
15653,61,3,1506.42732382479,3,1,2,6
15654,101,2,841.256555528639,2,1,1,4
15655,345,2,590.0202122246943,1,1,1,3
15656,101,3,2558.658052608084,2,1,3,6
15657,18,5,3110.9837504495385,5,3,4,12
15659,36,2,697.6259072810012,4,1,1,6
15660,36,8,4451.193483244389,4,5,5,14
15661,60,8,4473.4564951299035,3,5,5,13
15662,35,4,1792.0969636462617,4,2,2,8
15663,50,1,871.8074371770857,3,1,1,5
15664,22,4,2005.491005428965,4,2,2,8
15665,84,5,3792.1437807456487,2,3,5,10
15666,57,4,2350.465624192339,3,2,3,8
15667,84,7,3567.8053488589394,2,5,5,12
15668,313,2,1365.143423900102,1,1,1,3
15669,21,6,2206.0615880785053,4,4,3,11
15670,70,5,2668.500897951861,3,3,3,9
15671,78,8,4449.701136576149,2,5,5,12
15672,191,5,2969.602396935982,1,3,4,8
15673,29,7,4435.489113317077,4,5,5,14
15674,89,3,1217.6894454330093,2,1,1,4
15675,13,9,3521.0764754817324,5,5,4,14
15676,40,7,3488.5984518072564,4,5,4,13
15677,186,2,829.9830109498489,1,1,1,3
15678,119,4,1794.8288686827284,2,2,2,6
15679,14,6,2989.7829763836053,5,4,4,13
15680,41,5,2745.8357872308206,4,3,4,11
15681,28,5,3161.372464482116,4,3,4,11
15682,5,10,5349.836196956681,5,5,5,15
15683,50,6,3584.049101745962,3,4,5,12
15684,271,1,126.0838968709812,1,1,1,3
15685,38,9,4705.8936859441765,4,5,5,14
15686,68,3,2003.1555145392879,3,1,2,6
15687,13,4,1864.823020465899,5,2,2,9
15688,24,2,774.3999380900362,4,1,1,6
15689,32,4,2460.9060984003827,4,2,3,9
15690,257,5,2641.2050809246093,1,3,3,7
15691,88,10,6025.892571542322,2,5,5,12
15692,33,9,3394.832569533596,4,5,4,13
15693,32,3,849.5899706354819,4,1,1,6
15694,31,5,2757.403875078349,4,3,4,11
15695,21,5,2559.867157728764,4,3,3,10
15696,113,6,3070.174553377216,2,4,4,10
15697,53,8,4991.22094107285,3,5,5,13
15698,23,5,3451.0320799216497,4,3,4,11
15699,23,6,3566.9235041070624,4,4,5,13
15700,37,6,1833.0602665859287,4,4,2,10
15701,22,13,6408.167117173448,4,5,5,14
15702,211,4,2323.2118589747997,1,2,3,6
15703,15,2,955.1645817219725,5,1,1,7
15704,63,1,116.90778895777518,3,1,1,5
15705,24,7,4028.3776117562866,4,5,5,14
15706,76,3,1633.049464052578,3,1,2,6
15707,177,3,1269.8797648936913,1,1,1,3
15708,51,3,1242.4868265379728,3,1,1,5
15709,55,6,3936.060416547734,3,4,5,12
15710,44,4,1756.7038543063338,3,2,2,7
15711,74,7,2060.4372973758173,3,5,2,10
15712,30,1,622.3493567613087,4,1,1,6
15713,91,2,1128.762656987527,2,1,1,4
15714,125,8,5381.2910795842445,2,5,5,12
15715,4,4,1730.4716127202698,5,2,2,9
15716,298,3,1513.8394258062142,1,1,2,4
15717,63,3,1786.1119079542889,3,1,2,6
15718,115,7,4617.443820615124,2,5,5,12
15719,9,5,1961.8920757852327,5,3,2,10
15720,12,3,1851.1421325408544,5,1,2,8
15721,113,7,4094.0204998731397,2,5,5,12
15722,28,3,1399.962956713428,4,1,1,6
15723,92,7,3156.7683358813683,2,5,4,11
15724,28,5,2421.3917368990624,4,3,3,10
15725,135,5,1946.115476446689,1,3,2,6
15726,33,7,4231.694023212099,4,5,5,14
15727,188,5,2795.3353130740356,1,3,4,8
15728,31,6,2945.0561755852245,4,4,4,12
15729,71,3,1420.5622349773262,3,1,2,6
15730,77,5,3819.7125433646243,2,3,5,10
15731,47,8,3690.6479644174406,3,5,5,13
15732,68,5,1953.9345634194283,3,3,2,8
15733,105,3,557.2351995257762,2,1,1,4
15734,4,3,668.1298275423435,5,1,1,7
15735,123,4,2256.166621831577,2,2,3,7
15736,49,4,2817.5375230120794,3,2,4,9
15737,11,7,4004.8764454657457,5,5,5,15
15738,2,8,4074.7921499563104,5,5,5,15
15739,10,6,3296.1401705646795,5,4,4,13
15740,41,4,1920.1577493454888,4,2,2,8
15741,285,4,1876.6298497578243,1,2,2,5
15742,80,3,1565.052278075946,2,1,2,5
15743,108,3,1299.8761007633136,2,1,1,4
15744,31,6,2316.3262075136363,4,4,3,11
15745,215,3,1578.0897392277102,1,1,2,4
15746,163,7,4514.523100534751,1,5,5,11
15747,152,2,760.9480951814526,1,1,1,3
15748,226,4,1779.0854016520984,1,2,2,5
15749,95,3,1712.2230676093568,2,1,2,5
15750,149,3,1405.552171064217,1,1,1,3
15751,198,3,1878.1989542756933,1,1,2,4
15752,239,2,1053.889030811016,1,1,1,3
15753,49,5,2448.105571687943,3,3,3,9
15754,207,4,810.4499688466806,1,2,1,4
15755,203,2,771.3381705948401,1,1,1,3
15756,9,5,2076.940554912828,5,3,2,10
15757,143,4,2612.0093345137393,1,2,3,6
15758,126,3,2179.3287454987017,2,1,3,6
15759,52,6,2236.5701535379144,3,4,3,10
15760,107,6,3294.6270039133833,2,4,4,10
15761,27,8,4167.485098445434,4,5,5,14
15762,95,3,1626.003432772457,2,1,2,5
15763,329,1,793.6702774973309,1,1,1,3
15764,88,1,63.466393859564185,2,1,1,4
15765,79,7,2105.569750593634,2,5,3,10
15766,44,8,3305.780410793296,3,5,4,12
15767,197,5,3123.664963410365,1,3,4,8
15768,13,5,1699.1007516295904,5,3,2,10
15769,19,6,4699.378505406111,5,4,5,14
15770,108,4,1634.5945815022928,2,2,2,6
15772,257,2,912.1837420037043,1,1,1,3
15773,207,4,2118.9189205728817,1,2,3,6
15774,70,6,4072.7907022911063,3,4,5,12
15775,3,6,2840.2566598426174,5,4,4,13
15776,19,5,2385.448974549572,5,3,3,11
15777,31,6,3151.0786807770073,4,4,4,12
15778,8,6,2192.6996110664722,5,4,3,12
15779,90,3,1758.021916151283,2,1,2,5
15780,64,4,2033.2768354063226,3,2,2,7
15781,86,5,3126.8498521833308,2,3,4,9
15782,81,7,2657.25555450249,2,5,3,10
15783,29,5,3520.5208885095003,4,3,4,11
15784,29,8,3364.168933264579,4,5,4,13
15785,51,5,3701.028270812844,3,3,5,11
15786,120,8,3225.5798825934708,2,5,4,11
15787,9,8,4032.4973515812367,5,5,5,15
15788,74,1,334.87553179944547,3,1,1,5
15789,28,3,1492.9486122611595,4,1,2,7
15790,68,7,4129.113128977071,3,5,5,13
15791,89,5,1827.0737835504424,2,3,2,7
15792,38,5,2642.603667363528,4,3,3,10
15793,54,4,1486.8369299957371,3,2,2,7
15794,187,1,335.9473114584678,1,1,1,3
15795,27,6,3227.2542982356767,4,4,4,12
15796,54,3,972.2660705974517,3,1,1,5
15797,91,4,2779.7456599544776,2,2,4,8
15798,113,6,2785.3354792516475,2,4,4,10
15799,6,5,3234.2965881576347,5,3,4,12
15800,39,3,1024.339937072467,4,1,1,6
15801,86,3,1593.154101188144,2,1,2,5
15802,126,6,3410.4816978509634,2,4,4,10
15803,37,3,618.8649158806733,4,1,1,6
15804,141,3,1935.2692437627234,1,1,2,4
15805,21,7,4783.0992142469895,4,5,5,14
15806,143,4,1592.0061360868394,1,2,2,5
15807,82,6,2270.4634763688905,2,4,3,9
15808,114,6,3367.5826009954562,2,4,4,10
15809,86,3,2706.938994683426,2,1,3,6
15810,103,5,2804.4216523150276,2,3,4,9
15811,174,3,1515.927109759452,1,1,2,4
15812,56,4,1539.7441804790278,3,2,2,7
15813,125,3,1863.2433623381917,2,1,2,5
15814,47,4,2270.988103229972,3,2,3,8
15815,102,1,599.5717687499134,2,1,1,4
15816,104,3,1686.265540492701,2,1,2,5
15817,92,4,1536.2281220986047,2,2,2,6
15818,162,7,2929.1879316583495,1,5,4,10
15819,87,6,2950.880722576172,2,4,4,10
15820,6,8,2267.509546220973,5,5,3,13
15821,153,2,1530.3521399791412,1,1,2,4
15822,57,4,1504.9055883403435,3,2,2,7
15823,10,3,2225.415758668402,5,1,3,9
15824,2,4,1825.438621991236,5,2,2,9
15825,2,4,1670.3720134292826,5,2,2,9
15826,107,6,3398.8334421088166,2,4,4,10
15827,44,5,2826.9313020286477,3,3,4,10
15828,65,7,4535.713638652656,3,5,5,13
15829,134,5,2489.962219605543,1,3,3,7
15830,62,5,2643.8144041823416,3,3,3,9
15831,117,8,4211.863119223227,2,5,5,12
15832,11,6,2849.6958800137086,5,4,4,13
15833,10,4,1660.048460827423,5,2,2,9
15834,226,3,1183.4026032280988,1,1,1,3
15835,33,7,4356.768280152686,4,5,5,14
15836,20,5,2062.9887402117165,4,3,2,9
15837,294,1,356.4567002061934,1,1,1,3
15838,54,4,1903.051957036436,3,2,2,7
15839,77,4,1273.7106612355315,2,2,1,5
15840,77,5,3397.8045215353945,2,3,4,9
15841,129,3,1654.388953862225,2,1,2,5
15843,17,4,1552.4267272352708,5,2,2,9
15845,24,3,1241.1879566757577,4,1,1,6
15846,67,4,2128.52266882843,3,2,3,8
15847,85,2,1440.2108512581765,2,1,2,5
15848,220,1,896.5349240489556,1,1,1,3
15849,5,7,3331.0913273770475,5,5,4,14
15850,61,7,2254.620846221258,3,5,3,11
15851,5,6,3129.030742685626,5,4,4,13
15852,18,7,3803.623181652583,5,5,5,15
15853,7,6,2811.9156264565863,5,4,4,13
15854,157,2,958.2018791672958,1,1,1,3
15855,34,5,3461.500840559465,4,3,4,11
15856,223,4,1839.782503194298,1,2,2,5
15857,20,8,3524.5273584341744,4,5,4,13
15858,6,2,1583.826561803631,5,1,2,8
15859,20,5,2620.098936014044,4,3,3,10
15860,51,3,1668.446292990968,3,1,2,6
15861,14,5,2636.457891642455,5,3,3,11
15862,69,5,3100.802199052727,3,3,4,10
15863,191,5,3692.2027078673764,1,3,5,9
15864,45,5,1869.4663498624582,3,3,2,8
15865,277,3,1391.6006345548549,1,1,1,3
15866,400,1,727.527818276288,1,1,1,3
15867,154,5,2741.1378776803203,1,3,4,8
15868,265,7,5011.3308145478495,1,5,5,11
15869,104,7,5287.902655090098,2,5,5,12
15870,104,6,2933.5293304584175,2,4,4,10
15871,164,5,1469.671079457291,1,3,2,6
15872,17,5,2813.053149255468,5,3,4,12
15873,190,2,418.25483389730914,1,1,1,3
15874,32,7,3876.540335804936,4,5,5,14
15875,15,4,1887.3238741871771,5,2,2,9
15876,48,2,388.60377668293984,3,1,1,5
15877,231,3,1943.0500997052168,1,1,2,4
15878,9,6,2490.8036657010525,5,4,3,12
15879,6,6,4418.841295953197,5,4,5,14
15880,94,4,2315.029599459499,2,2,3,7
15881,143,4,2949.9755708060466,1,2,4,7
15882,142,3,1553.3435637323655,1,1,2,4
15883,14,6,2911.5811194793096,5,4,4,13
15884,63,3,1494.7345328848323,3,1,2,6
15885,22,6,3341.8227767938474,4,4,4,12
15886,19,3,1555.5956019765479,5,1,2,8
15887,152,3,946.4869189392023,1,1,1,3
15888,77,6,1899.4996178530234,2,4,2,8
15889,25,3,2002.9443047144564,4,1,2,7
15890,254,4,1642.2518579462876,1,2,2,5
15891,86,3,1160.1058760372623,2,1,1,4
15892,9,6,3002.7889496442012,5,4,4,13
15893,4,8,4405.801673471157,5,5,5,15
15894,35,3,1112.4992245227281,4,1,1,6
15895,12,5,2261.2763721777787,5,3,3,11
15896,10,5,1319.5324311643012,5,3,1,9
15897,46,4,2469.8842639041745,3,2,3,8
15898,1,6,3351.3505115930634,5,4,4,13
15899,109,4,2816.542379001371,2,2,4,8
15900,123,3,2062.9567440212,2,1,2,5
15901,132,3,767.7286273199886,2,1,1,4
15902,21,8,4856.416266105312,4,5,5,14
15903,98,6,3780.612246650944,2,4,5,11
15904,220,6,2431.1051517306373,1,4,3,8
15905,151,5,2537.6993271644724,1,3,3,7
15906,17,9,4847.558877459559,5,5,5,15
15907,51,13,6759.103416462224,3,5,5,13
15908,95,3,1478.2743652702732,2,1,2,5
15909,27,2,1065.9749793946116,4,1,1,6
15910,13,11,6455.53714294502,5,5,5,15
15911,28,5,3275.751259350842,4,3,4,11
15912,33,6,2338.7051801705998,4,4,3,11
15913,26,5,2029.731194737469,4,3,2,9
15914,13,9,5622.377028815258,5,5,5,15
15915,14,7,2986.529404471071,5,5,4,14
15916,122,5,2567.336735185161,2,3,3,8
15917,8,4,1979.2202372509355,5,2,2,9
15918,8,6,2370.654816204315,5,4,3,12
15919,35,6,3319.575298469159,4,4,4,12
15920,121,9,3663.9853677471306,2,5,5,12
15921,12,3,1427.2279715393054,5,1,2,8
15922,117,4,1055.2576575181931,2,2,1,5
15923,225,3,1455.9096345807727,1,1,2,4
15924,94,5,2607.806453576691,2,3,3,8
15925,16,5,2370.2326195367873,5,3,3,11
15926,32,3,2175.845154750227,4,1,3,8
15927,105,6,2877.707758170921,2,4,4,10
15928,63,1,446.8809012066067,3,1,1,5
15929,35,3,1542.7971191566273,4,1,2,7
15930,14,4,2160.717151583812,5,2,3,10
15931,32,8,4658.613975750804,4,5,5,14
15932,1,4,2575.6341786167022,5,2,3,10
15933,26,9,3545.935344155648,4,5,4,13
15934,163,2,1116.4683640241683,1,1,1,3
15935,222,5,1994.843023886402,1,3,2,6
15936,40,8,4541.403995094694,4,5,5,14
15937,54,4,1389.1702080986888,3,2,1,6
15938,108,4,1939.8042057536168,2,2,2,6
15939,141,8,4198.096413051787,1,5,5,11
15940,55,4,1284.9321130048377,3,2,1,6
15941,74,4,2387.2313371892465,3,2,3,8
15942,7,4,1473.7804156959166,5,2,2,9
15943,5,4,2607.5814519850837,5,2,3,10
15944,62,5,3360.5230292009533,3,3,4,10
15945,208,5,2900.7094394391706,1,3,4,8
15946,60,4,1865.7162014018227,3,2,2,7
15947,107,1,305.12207813025697,2,1,1,4
15948,1,9,5014.035060567922,5,5,5,15
15949,10,5,2629.1959637405953,5,3,3,11
15950,59,5,2521.7246222691065,3,3,3,9
15951,33,7,4247.930719818907,4,5,5,14
15952,51,9,2928.6451098357174,3,5,4,12
15953,34,5,1961.5305835739666,4,3,2,9
15954,84,5,2525.764148580251,2,3,3,8
15955,322,1,391.94156241540406,1,1,1,3
15956,31,5,2254.221403753995,4,3,3,10
15957,3,10,6792.886343614152,5,5,5,15
15958,122,5,2952.615507580848,2,3,4,9
15959,98,6,3138.9601983716534,2,4,4,10
15960,13,7,2432.8015277989944,5,5,3,13
15961,105,3,1749.9723984291309,2,1,2,5
15962,50,6,2601.4957705341944,3,4,3,10
15963,9,6,3797.8692236079787,5,4,5,14
15964,30,4,2057.9997303009804,4,2,2,8
15965,116,3,1956.948134504044,2,1,2,5
15966,56,5,1355.2435450611695,3,3,1,7
15967,204,3,497.45301926938316,1,1,1,3
15968,1,6,2899.200688873809,5,4,4,13
15969,8,7,2755.1983220543407,5,5,4,14
15970,43,9,5320.084160783076,4,5,5,14
15971,192,4,1979.9154342457898,1,2,2,5
15972,9,9,3668.2448220482015,5,5,5,15
15973,112,6,4099.2810441267175,2,4,5,11
15974,31,9,4786.6546612730435,4,5,5,14
15975,4,7,3692.6964194103657,5,5,5,15
15976,384,1,809.9960220854286,1,1,1,3
15977,10,9,3477.2955801937474,5,5,4,14
15978,97,5,1650.447264182225,2,3,2,7
15979,32,6,3366.303460685251,4,4,4,12
15980,25,6,3979.160449549667,4,4,5,13
15981,11,4,1919.6175629185495,5,2,2,9
15982,33,5,2491.205266443947,4,3,3,10
15983,174,6,3345.011169169048,1,4,4,9
15984,146,4,462.7698466986761,1,2,1,4
15985,46,9,4762.590839666374,3,5,5,13
15986,19,8,3774.371148640233,5,5,5,15
15987,83,6,2438.9213313587693,2,4,3,9
15988,44,4,1327.0394910677455,3,2,1,6
15989,61,8,4465.988216266083,3,5,5,13
15990,267,3,1630.9910194488239,1,1,2,4
15991,152,3,1652.4270276853595,1,1,2,4
15992,98,5,2294.1052126835098,2,3,3,8
15993,34,2,474.09050046887586,4,1,1,6
15994,10,3,1228.1347250077079,5,1,1,7
15995,106,4,1512.7696761771315,2,2,2,6
15996,168,3,1529.3045759357044,1,1,2,4
15997,169,4,2193.3314046122437,1,2,3,6
15998,49,9,5423.722227964777,3,5,5,13
15999,133,3,2339.687500361293,2,1,3,6
16000,41,8,4970.800806745766,4,5,5,14
16001,146,3,1109.1601585907504,1,1,1,3
16002,112,5,2712.895751985027,2,3,3,8
16003,200,4,2293.922321807447,1,2,3,6
16004,7,6,3594.721308153284,5,4,5,14
16005,47,5,2998.2979893469164,3,3,4,10
16006,185,4,3067.882151081936,1,2,4,7
16007,68,3,2136.902326749794,3,1,3,7
16008,21,8,3758.285934015004,4,5,5,14
16009,34,4,1081.3881747680894,4,2,1,7
16010,7,4,1005.0160388376261,5,2,1,8
16011,33,8,3647.917742918315,4,5,5,14
16012,52,3,1228.1861267667182,3,1,1,5
16013,93,2,1694.035201296733,2,1,2,5
16014,198,1,118.99791900639063,1,1,1,3
16015,63,4,2750.4794370839672,3,2,4,9
16016,72,5,1698.8591369651906,3,3,2,8
16017,128,4,1757.3176132297524,2,2,2,6
16018,69,5,2897.59617028099,3,3,4,10
16019,45,4,2511.2269525529637,3,2,3,8
16020,16,5,2383.8123174281936,5,3,3,11
16021,83,2,1518.6043614049195,2,1,2,5
16022,30,5,2052.268901138641,4,3,2,9
16023,35,7,4707.227530630545,4,5,5,14
16024,34,7,3041.276186708602,4,5,4,13
16025,22,4,2274.651279023078,4,2,3,9
16026,57,6,3564.1959845789224,3,4,5,12
16027,97,10,4703.19175414874,2,5,5,12
16028,70,3,1457.3532270712508,3,1,2,6
16029,41,11,5354.740420467955,4,5,5,14
16030,161,4,2248.3549818521824,1,2,3,6
16031,44,9,4942.421958328678,3,5,5,13
16032,25,7,3190.1365822203966,4,5,4,13
16033,108,5,2260.8317242035628,2,3,3,8
16034,163,6,2416.540667515314,1,4,3,8
16035,74,7,4839.52535156585,3,5,5,13
16036,108,7,3684.79181536521,2,5,5,12
16037,251,4,1731.0171352346556,1,2,2,5
16038,41,9,3911.5445862972233,4,5,5,14
16039,113,6,2135.041974704318,2,4,3,9
16040,17,4,1792.7719903106167,5,2,2,9
16041,11,8,4584.548329620321,5,5,5,15
16042,56,8,3529.2684083768827,3,5,4,12
16043,102,6,2354.928901998383,2,4,3,9
16044,138,5,1785.649910605473,1,3,2,6
16045,41,5,2047.0261928191878,4,3,2,9
16046,27,5,3027.313782040475,4,3,4,11
16047,27,3,990.8091033047923,4,1,1,6
16048,30,6,4034.461589513523,4,4,5,13
16049,125,6,1905.382240916067,2,4,2,8
16050,18,3,1274.384496431755,5,1,1,7
16051,64,3,2188.435927575718,3,1,3,7
16052,106,5,2851.5484456569657,2,3,4,9
16053,22,4,2931.802790849777,4,2,4,10
16054,47,5,1371.880018450668,3,3,1,7
16055,19,11,6437.162025164239,5,5,5,15
16056,23,5,1478.9341553182696,4,3,2,9
16057,78,4,1195.41844420311,2,2,1,5
16058,12,3,1884.9514441288054,5,1,2,8
16059,79,6,3757.681999740211,2,4,5,11
16060,32,7,2760.195147355303,4,5,4,13
16061,86,4,1320.9173118110803,2,2,1,5
16062,217,3,936.6994544253137,1,1,1,3
16063,182,5,3067.964441727699,1,3,4,8
16064,55,10,5473.160318539167,3,5,5,13
16065,85,5,2125.9520885114252,2,3,3,8
16066,12,4,1868.9342488326172,5,2,2,9
16067,37,8,3569.5026888627863,4,5,5,14
16068,138,3,1957.4357753515978,1,1,2,4
16069,97,6,3457.7833459025196,2,4,4,10
16070,101,8,4305.717263136166,2,5,5,12
16071,57,4,2073.9371109631475,3,2,2,7
16072,24,9,5920.04265006346,4,5,5,14
16073,62,2,1362.1646630530367,3,1,1,5
16074,55,8,3565.569794415207,3,5,5,13
16075,47,5,2481.9579505601637,3,3,3,9
16076,109,3,1573.5287585843294,2,1,2,5
16077,117,3,1617.0727777205457,2,1,2,5
16078,72,4,1529.85550661014,3,2,2,7
16079,47,6,2247.251235009266,3,4,3,10
16080,56,7,3959.5619673144956,3,5,5,13
16081,50,6,1810.92716207416,3,4,2,9
16082,58,6,3390.9735201527546,3,4,4,11
16083,149,6,2951.3936854511458,1,4,4,9
16084,31,4,2313.8805502934433,4,2,3,9
16085,136,4,1388.581512440416,1,2,1,4
16086,85,9,4079.36855480392,2,5,5,12
16087,35,6,3637.0668602227747,4,4,5,13
16088,13,4,1628.5566099586435,5,2,2,9
16089,68,3,1404.841727110114,3,1,1,5
16090,17,5,2418.6702682275045,5,3,3,11
16091,71,10,3319.6821825246325,3,5,4,12
16092,31,7,4295.9680903969665,4,5,5,14
16093,95,5,2185.866992722617,2,3,3,8
16094,100,4,1257.7263165662466,2,2,1,5
16095,14,8,4253.797002209036,5,5,5,15
16096,247,3,1787.7391240435097,1,1,2,4
16097,57,6,3214.859995114061,3,4,4,11
16098,17,5,2940.6592091057614,5,3,4,12
16099,10,7,3891.5682944459877,5,5,5,15
16100,9,10,5025.389728909381,5,5,5,15
16101,12,3,898.1890064556287,5,1,1,7
16102,11,6,4286.664872756667,5,4,5,14
16103,42,5,2517.0602134607693,4,3,3,10
16104,111,10,4986.902968972439,2,5,5,12
16105,62,5,2349.181238667712,3,3,3,9
16106,185,6,2302.02720365812,1,4,3,8
16107,203,3,1161.0738344456945,1,1,1,3
16108,66,5,2816.2771264770518,3,3,4,10
16110,27,4,3160.032072586907,4,2,4,10
16111,130,3,2155.338803483854,2,1,3,6
16112,38,2,514.6948858493879,4,1,1,6
16113,154,3,1656.7071907860618,1,1,2,4
16114,71,4,1731.1149015582882,3,2,2,7
16115,217,1,698.4984708833916,1,1,1,3
16116,17,10,5216.111856008709,5,5,5,15
16117,27,7,3310.966457545629,4,5,4,13
16118,38,6,1529.4056186215198,4,4,2,10
16119,53,7,3919.987834706512,3,5,5,13
16120,45,5,2075.3050079542154,3,3,2,8
16121,33,5,2813.243784124759,4,3,4,11
16122,37,9,6200.30603074974,4,5,5,14
16123,2,5,1541.3936322913792,5,3,2,10
16124,6,4,2054.1413999549586,5,2,2,9
16125,10,7,2523.940102974571,5,5,3,13
16126,9,7,3452.259325774372,5,5,4,14
16127,183,4,2252.274492039365,1,2,3,6
16128,42,4,2387.7248079463457,4,2,3,9
16129,51,2,758.4424191110595,3,1,1,5
16130,170,3,1794.8062141265802,1,1,2,4
16131,21,3,2267.036684619374,4,1,3,8
16132,26,7,3443.875550227631,4,5,4,13
16133,76,6,3196.170830622868,3,4,4,11
16134,40,1,899.2202077932434,4,1,1,6
16135,118,4,2919.196862257888,2,2,4,8
16136,5,3,1555.9001767883437,5,1,2,8
16137,82,4,2327.6206369439724,2,2,3,7
16138,44,4,1718.1210588111694,3,2,2,7
16139,28,5,2963.295500324306,4,3,4,11
16140,39,8,4722.756395924423,4,5,5,14
16141,21,6,2559.7578687315863,4,4,3,11
16142,67,8,4760.233156496372,3,5,5,13
16143,122,7,5011.784145225073,2,5,5,12
16144,212,2,851.7101400765396,1,1,1,3
16145,5,8,2813.77989179138,5,5,4,14
16146,216,1,292.21816566487786,1,1,1,3
16147,44,5,2607.6663650896985,3,3,3,9
16148,97,3,1036.0750144281171,2,1,1,4
16149,201,2,611.6354460025095,1,1,1,3
16150,65,4,2056.689072561162,3,2,2,7
16151,24,3,1588.8301829679463,4,1,2,7
16152,6,2,1142.1063098518207,5,1,1,7
16153,85,5,2868.647586018982,2,3,4,9
16154,22,9,4674.872665358782,4,5,5,14
16155,196,7,3687.8181638155515,1,5,5,11
16156,19,6,3062.9625593135456,5,4,4,13
16157,65,8,4607.339167556039,3,5,5,13
16158,22,6,3606.3239033086243,4,4,5,13
16159,72,7,3844.383025142987,3,5,5,13
16160,22,3,1878.0354954795284,4,1,2,7
16161,41,8,3503.4560462862287,4,5,4,13
16162,3,2,1362.2810295718168,5,1,1,7
16163,53,7,3849.329342917038,3,5,5,13
16164,96,7,2582.7050152984493,2,5,3,10
16165,4,4,1795.323444919701,5,2,2,9
16166,159,2,1174.9751490561375,1,1,1,3
16167,48,4,2118.4258532969657,3,2,3,8
16168,48,5,2555.218040351924,3,3,3,9
16169,300,6,3345.535803410025,1,4,4,9
16170,25,5,2432.00940224842,4,3,3,10
16171,38,7,3348.914566882805,4,5,4,13
16172,107,7,3418.229535979293,2,5,4,11
16173,29,9,3697.8618710236065,4,5,5,14
16174,51,5,2715.204160044277,3,3,3,9
16175,46,8,3452.292165591919,3,5,4,12
16176,2,5,2012.429954801587,5,3,2,10
16177,92,7,3171.39887072747,2,5,4,11
16178,35,4,2277.3527841900195,4,2,3,9
16179,27,5,3224.4748574054015,4,3,4,11
16180,17,3,1392.6259778603387,5,1,1,7
16181,116,5,3631.4663042002594,2,3,5,10
16182,237,2,820.8885730334582,1,1,1,3
16183,125,3,1782.218301281971,2,1,2,5
16184,22,5,2759.756169966148,4,3,4,11
16185,98,5,2797.0027354276567,2,3,4,9
16186,8,5,1275.2501304432146,5,3,1,9
16187,80,2,1392.154586618968,2,1,1,4
16188,28,3,1026.989012592261,4,1,1,6
16189,23,1,135.8356841262546,4,1,1,6
16190,123,4,2242.7543127478543,2,2,3,7
16191,106,7,4814.77015855416,2,5,5,12
16192,190,4,1418.4661336743754,1,2,1,4
16193,5,6,2366.5302900655424,5,4,3,12
16194,196,2,669.9084476655727,1,1,1,3
16195,100,4,2181.1885786353405,2,2,3,7
16196,100,5,2809.128359709043,2,3,4,9
16197,29,4,1791.9762506635893,4,2,2,8
16198,138,4,1803.615813535493,1,2,2,5
16199,61,7,2913.1856812903825,3,5,4,12
16200,67,2,1042.8091319908237,3,1,1,5
16201,17,10,5077.210526991796,5,5,5,15
16202,77,4,1525.810281723225,2,2,2,6
16203,29,4,1773.1605073024548,4,2,2,8
16204,23,5,2740.43484914364,4,3,4,11
16205,59,2,1039.3260582998184,3,1,1,5
16206,1,4,2153.144052994166,5,2,3,10
16207,35,3,1070.7119933241513,4,2,1,7
16208,13,4,1912.8312982488749,5,2,2,9
16209,55,5,2241.3082918214495,3,3,3,9
16210,52,9,4309.265830192587,3,5,5,13
16211,60,3,1459.7104372490016,3,2,2,7
16212,47,3,1197.736523953233,3,2,1,6
16213,1,4,2068.281309377833,5,2,2,9
16214,41,5,2079.6696941917685,4,3,2,9
16215,59,5,2295.2012784616536,3,3,3,9
16216,203,2,656.250110057215,1,1,1,3
16217,122,6,2176.595631342552,2,4,3,9
16218,85,4,1917.1829489144088,2,2,2,6
16219,72,3,1735.1650741979429,3,2,2,7
16220,201,6,3020.0528266891206,1,4,4,9
16221,194,3,1695.337609333773,1,2,2,5
16222,12,7,1738.7817606383294,5,5,2,12
16223,57,7,2831.382823066803,3,5,4,12
16224,192,4,2702.566203653252,1,2,3,6
16225,150,5,1215.263760321931,1,3,1,5
16226,12,3,2264.4914315134174,5,2,3,10
16227,134,4,1972.5409627974777,1,2,2,5
16228,14,7,4184.478080891133,5,5,5,15
16229,169,8,4581.019436341783,1,5,5,11
16230,15,7,3283.5104090137547,5,5,4,14
16231,4,8,4464.555215230297,5,5,5,15
16232,143,6,2258.456375812658,1,4,3,8
16233,157,3,1772.0655557066768,1,2,2,5
16234,3,6,2978.7775479183138,5,4,4,13
16235,214,1,656.2407551336726,1,1,1,3
16236,55,4,1490.317059668615,3,2,2,7
16237,32,6,4089.167145332809,4,4,5,13
16238,21,5,1921.5906972336616,4,3,2,9
16239,55,9,3852.8503449070513,3,5,5,13
16240,1,5,2627.201000500804,5,3,3,11
16241,26,7,2584.83164240951,4,5,3,12
16242,18,8,4168.521050235832,5,5,5,15
16243,41,5,1674.7979583239567,4,3,2,9
16244,26,6,2069.5328834396814,4,4,2,10
16245,149,4,1996.1065789646736,1,2,2,5
16246,402,2,940.2676963203347,1,1,1,3
16247,19,6,3563.941995889668,5,4,5,14
16248,288,3,1724.4431130799119,1,2,2,5
16249,7,3,2645.681901968747,5,2,3,10
16250,113,6,3408.9630175965203,2,4,4,10
16251,44,8,4012.7501274715573,3,5,5,13
16252,74,7,5219.399323887707,3,5,5,13
16253,47,3,1587.2738637295497,3,2,2,7
16254,127,4,2205.8053701230515,2,2,3,7
16255,57,5,3263.1749369426916,3,3,4,10
16256,15,5,2230.356061438913,5,3,3,11
16257,35,9,5285.900336634193,4,5,5,14
16258,56,7,3456.189904362946,3,5,4,12
16259,48,3,1193.2927152377777,3,2,1,6
16260,76,3,2139.6240483804945,3,2,3,8
16261,110,8,3659.3948996615186,2,5,5,12
16262,41,8,5510.630679065781,4,5,5,14
16263,45,5,1476.9893013144458,3,3,2,8
16264,15,6,2438.3000630957545,5,4,3,12
16265,100,3,878.0481202872613,2,2,1,5
16266,130,8,2658.7749174415912,2,5,3,10
16267,183,4,1081.8948945612094,1,2,1,4
16268,70,4,3234.372082790073,3,2,4,9
16269,41,4,1426.9268625340846,4,2,2,8
16270,287,6,1993.8078398630398,1,4,2,7
16271,222,3,1015.9787092455902,1,2,1,4
16272,216,1,994.5723493163252,1,1,1,3
16273,5,5,2651.781570906196,5,3,3,11
16274,253,2,1314.3924584968677,1,1,1,3
16275,235,5,2846.83992389654,1,3,4,8
16276,1,9,2876.234048578598,5,5,4,14
16277,25,8,3525.8216362467556,4,5,4,13
16278,2,9,4703.164020526483,5,5,5,15
16279,31,10,4766.128079030012,4,5,5,14
16280,47,4,1510.5736871236336,3,2,2,7
16281,56,4,2787.920513028909,3,2,4,9
16282,92,5,2945.8312287367976,2,3,4,9
16283,41,5,1847.335161296722,4,3,2,9
16284,35,8,4587.273099318609,4,5,5,14
16285,66,3,1111.3232597822812,3,2,1,6
16286,15,6,1527.8037347054837,5,4,2,11
16287,75,6,3620.2457193059577,3,4,5,12
16288,16,7,2016.6086136044164,5,5,2,12
16289,49,3,1739.7879264447972,3,2,2,7
16290,2,5,3149.720131065974,5,3,4,12
16291,284,3,1103.0569761011288,1,2,1,4
16292,56,3,1539.916646266293,3,2,2,7
16293,38,7,3975.8054652939372,4,5,5,14
16294,287,1,298.49878104457497,1,1,1,3
16295,62,6,2855.431236137838,3,4,4,11
16296,3,7,2234.382290545186,5,5,3,13
16297,10,6,3192.957308272141,5,4,4,13
16298,2,4,2258.650065917612,5,2,3,10
16299,106,4,1603.2953874732411,2,2,2,6
16300,103,5,3173.5232285606726,2,3,4,9
16301,177,7,1493.1352989835052,1,5,2,8
16302,112,6,3045.0591098465,2,4,4,10
16303,2,4,2474.6267135537637,5,2,3,10
16304,41,6,1699.7312725684053,4,4,2,10
16305,4,3,2676.022879909426,5,2,3,10
16306,184,6,3982.970332440083,1,4,5,10
16307,31,6,4152.897448428052,4,4,5,13
16308,86,4,2657.802364489176,2,2,3,7
16309,11,7,2777.9281569546356,5,5,4,14
16310,218,4,2946.5051510084722,1,2,4,7
16311,20,4,2587.3466586253344,4,2,3,9
16312,127,4,2441.7267435675326,2,2,3,7
16313,55,5,2541.6385309297916,3,3,3,9
16314,91,5,2215.436200733865,2,3,3,8
16315,125,5,2303.396948542665,2,3,3,8
16316,141,4,2167.1131551036797,1,2,3,6
16317,132,5,2214.3808417735536,2,3,3,8
16318,110,4,1511.9403620516835,2,2,2,6
16319,60,5,2327.2389072984743,3,3,3,9
16320,185,3,1254.093230262448,1,2,1,4
16321,33,6,3381.532908793997,4,4,4,12
16322,2,3,1535.8289283316783,5,2,2,9
16323,96,6,3023.3416649331,2,4,4,10
16324,29,5,1777.8079774737532,4,3,2,9
16325,77,4,1193.2443737512872,2,2,1,5
16326,28,6,2269.9539110501664,4,4,3,11
16327,52,4,1940.0483177141675,3,2,2,7
16328,12,8,3350.6639857267296,5,5,4,14
16329,45,2,723.92848424697,3,1,1,5
16330,124,3,2033.9841791719573,2,2,2,6
16331,135,3,1414.0124881512907,1,2,1,4
16332,70,8,3572.9235841149434,3,5,5,13
16333,44,6,3611.687467533209,3,4,5,12
16334,20,8,5019.885033109709,4,5,5,14
16335,275,3,438.5469481196833,1,2,1,4
16336,128,3,1506.9701874605798,2,2,2,6
16337,78,7,3535.3631673892382,2,5,4,11
16338,8,6,4305.167258402841,5,4,5,14
16339,203,4,3464.5930100094997,1,2,4,7
16340,3,7,3353.9494984685894,5,5,4,14
16341,293,2,999.0601849896848,1,1,1,3
16342,89,3,1454.8005336749366,2,2,2,6
16343,29,6,3942.90705988037,4,4,5,13
16344,71,6,2909.676960799926,3,4,4,11
16345,4,6,3930.129629326133,5,4,5,14
16346,72,8,4878.464405180057,3,5,5,13
16347,95,5,3216.1380112232546,2,3,4,9
16348,72,5,1952.1308996845194,3,3,2,8
16349,208,2,407.78321413502715,1,1,1,3
16350,27,6,2711.1379396024895,4,4,3,11
16351,245,2,1622.621827241403,1,1,2,4
16352,6,5,3391.1939878514763,5,3,4,12
16353,150,6,3873.0555899216456,1,4,5,10
16354,1,9,4873.148980568071,5,5,5,15
16355,66,3,1841.4400408956596,3,2,2,7
16356,213,3,1475.9406424548915,1,2,2,5
16357,69,6,3142.6088810899464,3,4,4,11
16358,42,5,3326.978963540797,4,3,4,11
16359,91,5,3905.477808403594,2,3,5,10
16360,96,9,4573.678061329942,2,5,5,12
16361,37,7,4992.212541866127,4,5,5,14
16362,167,6,3619.5735265996573,1,4,5,10
16363,32,5,3158.6609569012708,4,3,4,11
16364,142,8,3597.28118189067,1,5,5,11
16365,28,7,3089.8104580976337,4,5,4,13
16366,34,3,1222.6723889996613,4,2,1,7
16368,223,2,625.6435230179385,1,1,1,3
16369,7,5,2435.4284233226317,5,3,3,11
16370,151,5,2464.1115269318243,1,3,3,7
16371,73,5,2193.1288723720963,3,3,3,9
16372,34,6,3542.7081077245825,4,4,4,12
16373,15,5,2671.762226543895,5,3,3,11
16374,18,4,1816.8236671062655,5,2,2,9
16375,61,6,4138.534298619831,3,4,5,12
16376,47,6,4051.118439896961,3,4,5,12
16377,18,6,2230.9139410625507,5,4,3,12
16378,19,6,2401.5009777454497,5,4,3,12
16379,247,2,682.7654976950228,1,1,1,3
16380,52,5,2652.1776362101596,3,3,3,9
16381,73,5,2821.7654271512847,3,3,4,10
16382,40,7,4958.999250589477,4,5,5,14
16383,21,6,1323.0263565748685,4,4,1,9
16384,93,3,1778.4080354769026,2,2,2,6
16385,65,4,2775.279723372666,3,2,4,9
16386,176,3,907.920437998413,1,2,1,4
16387,146,6,2350.8429931632904,1,4,3,8
16388,45,5,1926.7359017236963,3,3,2,8
16389,143,2,377.82116879826094,1,1,1,3
16390,48,6,2764.43520676475,3,4,4,11
16392,11,4,2606.522530913587,5,2,3,10
16393,120,3,1705.9344825920762,2,2,2,6
16394,151,3,1422.3074293259906,1,2,2,5
16395,42,6,3393.534245873023,4,4,4,12
16396,57,6,3454.581112736015,3,4,4,11
16397,1,6,3361.30387175726,5,4,4,13
16398,152,4,1958.081843095642,1,2,2,5
16399,50,2,1074.7747606721061,3,1,1,5
16400,68,2,641.8709988577722,3,1,1,5
16401,106,3,1731.8614287485686,2,2,2,6
16402,45,8,4517.921711808635,3,5,5,13
16403,128,6,4013.997055113875,2,4,5,11
16404,83,3,1487.7676518118387,2,2,2,6
16405,2,5,2205.5722332640753,5,3,3,11
16406,27,6,3301.5500732846263,4,4,4,12
16407,189,5,2981.1519566808993,1,3,4,8
16408,1,10,5426.474622995134,5,5,5,15
16409,14,4,1977.9525271949094,5,2,2,9
16410,59,6,2859.129890377088,3,4,4,11
16411,40,4,2708.0907547809866,4,2,3,9
16412,54,7,2593.06528271552,3,5,3,11
16413,142,3,2120.5147416953005,1,2,3,6
16414,41,9,4774.25960972005,4,5,5,14
16415,28,6,2668.5085830471744,4,4,3,11
16416,20,2,1344.8969251351184,4,1,1,6
16417,26,7,4386.814383338273,4,5,5,14
16418,5,3,1452.901057148129,5,2,2,9
16419,295,1,539.1757600645483,1,1,1,3
16420,50,3,1314.5113961637603,3,2,1,6
16421,12,10,7321.689606710397,5,5,5,15
16422,70,8,4208.804452449299,3,5,5,13
16423,90,4,1479.0337274973535,2,2,2,6
16424,339,3,1470.4838970152766,1,2,2,5
16425,202,1,912.990965573956,1,1,1,3
16426,232,1,913.5012393084603,1,1,1,3
16427,21,6,2578.781955025519,4,4,3,11
16428,182,1,820.6476681472818,1,1,1,3
16429,48,5,2305.4656042066026,3,3,3,9
16430,199,3,1590.3535948090703,1,2,2,5
16431,79,6,2532.4475932221326,2,4,3,9
16432,11,3,1031.0663455043896,5,2,1,8
16433,27,3,1974.5723466347833,4,2,2,8
16434,85,3,1264.1305706473486,2,2,1,5
16435,398,1,153.01437835599876,1,1,1,3
16436,299,2,881.4224414845373,1,1,1,3
16437,11,9,6083.273457452641,5,5,5,15
16438,67,7,2033.981409413664,3,5,2,10
16439,220,5,2562.856632247426,1,3,3,7
16440,55,4,1901.4138177498926,3,2,2,7
16441,273,3,1493.8985293238566,1,2,2,5
16442,82,3,1252.5781204174352,2,2,1,5
16443,12,4,2296.1823541653284,5,2,3,10
16444,4,4,982.1767387271533,5,2,1,8
16445,5,10,6700.879192971583,5,5,5,15
16446,36,7,4501.203761554893,4,5,5,14
16447,84,7,2164.877453364395,2,5,3,10
16448,86,5,977.1210949921815,2,3,1,6
16449,102,4,2184.0375295617096,2,2,3,7
16450,75,4,1315.0414136638465,3,2,1,6
16451,46,8,4286.912666398376,3,5,5,13
16452,7,3,1355.1765311034853,5,2,1,8
16453,14,7,4076.2104231808,5,5,5,15
16454,218,5,2741.7540245107766,1,3,4,8
16455,126,7,2299.8520240609337,2,5,3,10
16456,69,2,1388.7101979667423,3,1,1,5
16457,56,5,3177.0492626165787,3,3,4,10
16458,31,7,4964.9157517287595,4,5,5,14
16459,20,9,3251.1874163549724,4,5,4,13
16460,155,5,1246.890579501053,1,3,1,5
16461,91,6,2592.737856797615,2,4,3,9
16462,117,6,4277.904605568621,2,4,5,11
16463,4,6,3758.1579736637277,5,4,5,14
16464,140,5,3182.115393571712,1,3,4,8
16465,81,4,3069.5175447993615,2,2,4,8
16466,29,4,1581.2630995175984,4,2,2,8
16467,59,5,1737.0221557205928,3,3,2,8
16468,16,6,3570.0213768223703,5,4,5,14
16469,86,8,3416.8721016338163,2,5,4,11
16470,78,4,2562.191550653644,2,2,3,7
16471,81,9,4748.866973922242,2,5,5,12
16472,65,6,3871.0285859375963,3,4,5,12
16473,60,7,4538.113370749202,3,5,5,13
16474,62,10,6341.328147022229,3,5,5,13
16475,86,4,2094.8557461379405,2,2,3,7
16476,104,4,1865.8317991678346,2,2,2,6
16477,21,8,4103.498251233922,4,5,5,14
16478,90,4,2986.4266588986375,2,2,4,8
16479,9,1,599.2759190057751,5,1,1,7
16480,43,5,2002.5473774453749,4,3,2,9
16481,45,5,2328.8339687691196,3,3,3,9
16482,62,3,2076.53206064655,3,2,2,7
16483,83,4,1828.2936171379638,2,2,2,6
16484,277,1,866.2236125683728,1,1,1,3
16485,3,2,922.8156424765502,5,1,1,7
16486,69,7,3665.629915614835,3,5,5,13
16487,2,9,3422.0793986225503,5,5,4,14
16488,22,10,3258.0501611838745,4,5,4,13
16489,291,3,1171.3316192884404,1,2,1,4
16490,341,3,1807.3649291241156,1,2,2,5
16491,68,7,4150.047145012908,3,5,5,13
16492,295,1,423.6677821829476,1,1,1,3
16493,51,5,2941.0471904588785,3,3,4,10
16494,222,4,2117.4479943580905,1,2,3,6
16495,10,4,1630.7784409514672,5,2,2,9
16496,93,5,2642.746764691657,2,3,3,8
16497,80,6,3419.24719171999,2,4,4,10
16498,49,4,2993.34240135611,3,2,4,9
16499,248,1,522.3899092441947,1,1,1,3
16500,42,7,3791.7733056074053,4,5,5,14
16501,128,7,2850.6605215133122,2,5,4,11
16502,78,5,2591.136778548708,2,3,3,8
16503,91,5,2148.233758066257,2,3,3,8
16504,10,3,1425.507292510807,5,2,2,9
16505,115,5,2186.9793799838253,2,3,3,8
16506,18,3,1303.8052083775208,5,2,1,8
16507,22,4,2799.7070626202576,4,2,4,10
16508,11,3,972.7764893051278,5,2,1,8
16509,220,4,2658.3735083311767,1,2,3,6
16510,138,3,1799.9818784045108,1,2,2,5
16511,108,5,3263.427522337249,2,3,4,9
16512,99,5,2319.2900946967093,2,3,3,8
16513,83,3,1896.1667560209762,2,2,2,6
16514,154,5,2291.453773657269,1,3,3,7
16515,74,3,1134.2314600029692,3,2,1,6
16516,153,1,51.9613156174339,1,1,1,3
16517,28,10,4453.249025700253,4,5,5,14
16518,174,5,3010.4787229783105,1,3,4,8
16519,159,3,1341.268010210635,1,2,1,4
16520,17,5,3216.859617685484,5,3,4,12
16521,11,9,5262.064156184667,5,5,5,15
16522,77,7,1984.8549937593605,2,5,2,9
16523,1,3,2256.029555966236,5,2,3,10
16524,166,4,1491.1932308255246,1,2,2,5
16525,44,6,2689.7151468656375,3,4,3,10
16526,20,4,2533.7249354335313,4,2,3,9
16528,284,2,1077.9160593336546,1,1,1,3
16529,110,3,1053.979347340322,2,2,1,5
16530,245,1,833.9121477342387,1,1,1,3
16531,11,3,2171.275320274085,5,2,3,10
16532,24,5,1793.176119952787,4,3,2,9
16533,82,4,2148.5841129949313,2,2,3,7
16534,65,6,3967.000466045665,3,4,5,12
16535,104,5,1793.099931796476,2,3,2,7
16536,217,3,1840.8097834040436,1,2,2,5
16537,364,1,521.2229521290259,1,1,1,3
16538,17,5,1775.9527892183498,5,3,2,10
16539,19,6,2142.9059527562063,5,4,3,12
16540,35,8,3769.1572882016662,4,5,5,14
16541,143,5,2543.6547702374205,1,3,3,7
16542,11,4,2056.3819009463405,5,2,2,9
16543,201,3,718.2775559027039,1,2,1,4
16544,60,3,777.7321106378639,3,2,1,6
16545,102,7,2880.732015263373,2,5,4,11
16546,161,4,766.4071710022587,1,2,1,4
16547,87,10,3908.776628350144,2,5,5,12
16548,28,3,437.0650254973645,4,2,1,7
16549,100,5,2150.580612445261,2,3,3,8
16550,79,7,3105.128452083511,2,5,4,11
16551,1,4,1392.2620600602268,5,2,1,8
16552,59,1,35.730465714011466,3,1,1,5
16553,110,4,1485.844324723165,2,2,2,6
16554,40,11,5947.288110227478,4,5,5,14
16555,16,3,1638.9971064473175,5,2,2,9
16556,144,4,2249.0299022030736,1,2,3,6
16557,51,4,2682.6388993510704,3,2,3,8
16558,81,4,2406.6356310448514,2,2,3,7
16559,2,9,2881.5440904440725,5,5,4,14
16560,145,6,3816.7145636746413,1,4,5,10
16561,3,3,1418.995115334203,5,2,2,9
16562,126,3,2045.2941213392655,2,2,2,6
16563,185,5,2840.87399769725,1,3,4,8
16564,77,6,3485.0318852266864,2,4,4,10
16565,81,8,4920.465892337492,2,5,5,12
16566,67,5,1793.0698258033733,3,3,2,8
16567,65,8,4783.8068675042905,3,5,5,13
16568,46,5,2807.850847639201,3,3,4,10
16569,143,4,2169.9172162686004,1,2,3,6
16570,22,5,2318.753727113501,4,3,3,10
16571,16,9,4128.197367970798,5,5,5,15
16572,42,7,3065.608082512526,4,5,4,13
16573,13,6,1989.6683075967212,5,4,2,11
16574,56,1,997.7847326160809,3,1,1,5
16575,100,8,4310.99269080644,2,5,5,12
16576,11,6,2502.673912018894,5,4,3,12
16577,19,4,2188.6931066834995,5,2,3,10
16578,19,7,2615.5283453097445,5,5,3,13
16579,78,6,2930.6286638693405,2,4,4,10
16580,2,9,4220.402031066604,5,5,5,15
16581,7,2,1539.972557048332,5,1,2,8
16582,48,6,3153.8672976040984,3,4,4,11
16583,33,6,2113.2350609423793,4,4,3,11
16584,126,5,3122.3891255399712,2,3,4,9
16585,12,4,3047.381690057985,5,2,4,11
16586,195,2,980.4749683989253,1,1,1,3
16587,67,4,1941.6732403136393,3,2,2,7
16588,7,6,4243.908426169844,5,4,5,14
16589,44,8,4278.3577706083925,3,5,5,13
16590,9,9,2215.800411585155,5,5,3,13
16591,58,7,4965.195694207941,3,5,5,13
16592,42,4,1050.6293628172275,4,2,1,7
16593,26,4,2458.1614107618316,4,2,3,9
16594,146,5,2648.6274492911107,1,3,3,7
16595,63,7,4153.767675121605,3,5,5,13
16596,163,4,3064.026056298078,1,2,4,7
16597,65,5,2747.3068048458326,3,3,4,10
16598,268,3,1681.0635022171957,1,2,2,5
16599,183,4,1556.5791284425304,1,2,2,5
16600,167,6,3439.9167396640532,1,4,4,9
16601,75,5,1694.0578955993783,3,3,2,8
16602,6,9,4415.031165946971,5,5,5,15
16603,303,2,969.2989912846679,1,1,1,3
16604,3,6,3678.6372053463474,5,4,5,14
16605,105,3,1213.583601039991,2,2,1,5
16606,63,6,3369.974514157086,3,4,4,11
16607,77,6,2768.130790108405,2,4,4,10
16608,75,2,1367.0754900620352,3,1,1,5
16609,153,5,2105.8604387032606,1,3,3,7
16610,66,12,5474.061374785633,3,5,5,13
16611,135,6,3054.4318218077105,1,4,4,9
16612,5,8,4404.697632317415,5,5,5,15
16613,54,4,2257.2333092068325,3,2,3,8
16614,43,4,2120.114918229623,4,2,3,9
16615,17,10,5957.489305923995,5,5,5,15
16616,111,5,2469.0122254314456,2,3,3,8
16617,20,4,1305.089054371039,4,2,1,7
16618,127,4,2429.4577622409947,2,2,3,7
16619,63,7,4590.164911391309,3,5,5,13
16620,6,6,2375.822578187645,5,4,3,12
16621,29,3,1557.2330737284747,4,2,2,8
16622,24,7,2968.783340830232,4,5,4,13
16623,292,3,1689.7396640478837,1,2,2,5
16624,58,4,2026.29559414625,3,2,2,7
16625,96,2,1227.446442396355,2,1,1,4
16626,80,4,1777.5022003534543,2,2,2,6
16627,18,4,1122.807152982021,5,2,1,8
16628,84,4,1865.6990396764165,2,2,2,6
16629,43,8,4706.4265984263,4,5,5,14
16630,30,7,3133.0010379523487,4,5,4,13
16631,7,8,4026.8815505662283,5,5,5,15
16632,26,2,590.8416065852144,4,1,1,6
16633,8,8,5828.782774536236,5,5,5,15
16634,5,4,2142.157087116105,5,2,3,10
16635,164,5,2659.3085498198993,1,3,3,7
16636,117,6,3405.478184063444,2,4,4,10
16637,46,3,725.4532295003501,3,2,1,6
16638,101,5,2637.9716806975266,2,3,3,8
16639,152,4,3167.7824982064544,1,2,4,7
16640,91,7,3096.395994013417,2,5,4,11
16641,12,5,2710.921201730561,5,3,3,11
16642,13,4,1844.233792201032,5,2,2,9
16643,6,8,2994.1162518142396,5,5,4,14
16644,35,9,4723.046500702188,4,5,5,14
16645,42,8,4675.181884925341,4,5,5,14
16646,34,7,4530.86154468374,4,5,5,14
16647,7,7,3539.5903216504166,5,5,4,14
16648,1,5,2234.2442084717336,5,3,3,11
16649,189,1,282.72143661138176,1,1,1,3
16650,90,3,1544.7058484593854,2,2,2,6
16652,21,6,2507.479154051061,4,4,3,11
16653,89,8,3547.0093245603557,2,5,5,12
16654,143,3,1328.5744551056032,1,2,1,4
16655,68,6,2976.0642533576356,3,4,4,11
16656,13,9,5315.973042215308,5,5,5,15
16657,143,4,2583.4188130280077,1,2,3,6
16658,14,6,2994.91701466298,5,4,4,13
16659,108,6,2879.7277862217893,2,4,4,10
16660,38,8,2939.547880497384,4,5,4,13
16661,162,3,1567.1206186500408,1,2,2,5
16662,124,7,4196.838881348106,2,5,5,12
16663,201,3,1696.0647113231003,1,2,2,5
16664,7,3,1217.3842288579308,5,2,1,8
16665,29,3,677.6062173165169,4,2,1,7
16666,43,8,5320.388298770665,4,5,5,14
16667,4,4,2735.5090410003445,5,2,3,10
16668,157,5,3497.193257745158,1,3,4,8
16669,37,11,6013.814514187675,4,5,5,14
16670,70,5,3904.2335638683344,3,3,5,11
16671,21,5,3104.225865385431,4,3,4,11
16672,39,12,6979.840092241342,4,5,5,14
16673,132,1,410.4511401634829,2,1,1,4
16674,21,9,4513.1101751015985,4,5,5,14
16675,112,5,1646.0602350715535,2,3,2,7
16676,155,3,857.0571834888283,1,2,1,4
16677,276,4,1922.1383700155252,1,2,2,5
16678,40,4,2082.0443131716256,4,2,2,8
16679,40,5,2492.8742841089434,4,3,3,10
16680,149,6,4093.375493272299,1,4,5,10
16681,49,5,3048.6758173656417,3,3,4,10
16682,83,12,7242.573819547029,2,5,5,12
16683,69,2,1011.5591386795228,3,1,1,5
16684,111,9,4399.1458488858725,2,5,5,12
16685,16,5,3318.3746531920506,5,3,4,12
16686,43,2,812.9229236304919,4,1,1,6
16687,119,6,4364.583526585342,2,4,5,11
16688,91,5,2314.677201703069,2,3,3,8
16689,341,3,2017.0299623638743,1,2,2,5
16690,400,1,289.9002733064287,1,1,1,3
16691,14,5,2304.51708329865,5,3,3,11
16692,71,5,2899.5878129151324,3,3,4,10
16693,114,2,1227.3764073063958,2,1,1,4
16694,189,4,1915.2618134710133,1,2,2,5
16695,51,6,2982.5069080736052,3,4,4,11
16696,23,3,527.5521117425053,4,2,1,7
16697,117,4,1765.4241918983794,2,2,2,6
16698,27,5,2479.488049441432,4,3,3,10
16699,70,6,3672.678667400461,3,4,5,12
16700,32,4,1619.3996140728382,4,2,2,8
16701,24,7,4345.499905235964,4,5,5,14
16702,21,4,2230.130882687454,4,2,3,9
16703,127,3,2065.2482530222774,2,2,2,6
16704,39,5,2898.3533660012076,4,3,4,11
16705,156,11,6586.501063613342,1,5,5,11
16706,216,4,2565.2489232066746,1,2,3,6
16707,29,3,1612.5855669935831,4,2,2,8
16708,99,8,4324.11112866115,2,5,5,12
16709,59,5,2401.28541460597,3,3,3,9
16710,40,5,2266.4656428793196,4,3,3,10
16711,26,7,2676.437930689684,4,5,3,12
16712,97,9,5547.955262206281,2,5,5,12
16713,78,6,3458.347812122581,2,4,4,10
16714,52,7,3710.890853177925,3,5,5,13
16715,54,6,2962.4686334041294,3,4,4,11
16716,136,6,2879.0340644760863,1,4,4,9
16717,49,9,3943.834269423529,3,5,5,13
16718,238,2,1318.8453676413396,1,1,1,3
16719,70,3,1226.96935233474,3,2,1,6
16720,13,8,4681.317951619795,5,5,5,15
16721,10,5,1481.4076097398245,5,3,2,10
16722,46,8,4378.845599968787,3,5,5,13
16723,220,5,2207.37329420458,1,3,3,7
16724,66,5,3109.9532202539767,3,3,4,10
16725,59,4,2324.854714857131,3,2,3,8
16726,80,3,650.6651948677162,2,2,1,5
16727,7,4,2799.5603642562423,5,2,4,11
16728,99,4,1634.7159697404356,2,2,2,6
16729,30,5,1525.381653949305,4,3,2,9
16730,36,4,1574.1608146373374,4,2,2,8
16731,19,2,775.9574109435432,5,1,1,7
16732,18,8,3701.590049786405,5,5,5,15
16733,5,7,3525.52709420064,5,5,4,14
16734,118,6,3213.6670776547044,2,4,4,10
16735,1,6,3522.2892280538117,5,4,4,13
16736,93,5,1603.0749008647817,2,3,2,7
16737,11,1,645.9505298080671,5,1,1,7
16738,21,3,1832.2491741321844,4,2,2,8
16739,147,4,1944.4275416406558,1,2,2,5
16740,49,6,1803.7314573357075,3,4,2,9
16741,76,5,1397.3009688393986,3,3,1,7
16742,34,3,1375.868179577148,4,2,1,7
16743,138,3,1793.7185388652779,1,2,2,5
16744,54,3,1757.5322709991915,3,2,2,7
16745,79,10,4650.997817867255,2,5,5,12
16746,48,9,3976.436638624414,3,5,5,13
16747,15,7,3117.8802243857126,5,5,4,14
16748,153,5,2831.82525830351,1,3,4,8
16749,6,6,3799.3573673492383,5,4,5,14
16750,64,5,2290.82429877419,3,3,3,9
16751,9,5,3296.756963012451,5,3,4,12
16752,40,6,2675.8948271752124,4,4,3,11
16753,28,6,1815.133451585512,4,4,2,10
16754,322,1,233.2198602470988,1,1,1,3
16755,277,5,2390.326927339857,1,3,3,7
16756,249,5,2593.43847190534,1,3,3,7
16757,201,1,918.0549257033036,1,1,1,3
16758,89,2,1163.9437972653532,2,1,1,4
16759,59,3,1707.8588647584997,3,2,2,7
16760,51,2,465.9197906533521,3,1,1,5
16761,28,4,1509.9553649293487,4,2,2,8
16762,58,6,2676.2024902539474,3,4,3,10
16763,173,4,1758.8530960458504,1,2,2,5
16764,63,10,7390.1435237388205,3,5,5,13
16765,7,6,3611.8611528623323,5,4,5,14
16766,37,3,851.3523259705132,4,2,1,7
16767,76,9,4479.6751900282125,3,5,5,13
16768,5,6,2738.716999733668,5,4,3,12
16769,8,8,3670.2870499783176,5,5,5,15
16770,156,1,950.9871011878878,1,1,1,3
16771,16,6,2797.2785734655777,5,4,4,13
16772,15,8,4504.7052220391315,5,5,5,15
16773,36,4,1464.9570243854923,4,2,2,8
16774,15,7,4223.220626355879,5,5,5,15
16775,240,2,1353.411672163771,1,1,1,3
16776,4,6,2527.625583717667,5,4,3,12
16777,22,4,2327.879996459476,4,2,3,9
16778,30,9,3812.4803495777455,4,5,5,14
16779,409,1,328.90851898654836,1,1,1,3
16780,25,5,2179.8003021427157,4,3,3,10
16781,55,4,1373.706298678172,3,2,1,6
16782,103,5,2659.4742493390536,2,3,3,8
16783,96,4,1460.2775256490515,2,2,2,6
16784,1,6,1800.1308513168171,5,4,2,11
16785,138,4,2632.832346854206,1,2,3,6
16786,21,5,2422.357745537447,4,3,3,10
16787,62,7,2692.474993199384,3,5,3,11
16788,93,6,3490.7068391945036,2,4,4,10
16789,36,3,1069.9515122098142,4,2,1,7
16790,23,6,3929.92577254565,4,4,5,13
16791,157,3,1553.3902804774357,1,2,2,5
16792,9,3,642.2209617668491,5,2,1,8
16793,161,4,1344.80600073703,1,2,1,4
16794,159,4,2286.3998069306303,1,2,3,6
16795,14,7,3269.2734056490503,5,5,4,14
16796,25,6,1760.5208143847747,4,4,2,10
16797,81,4,1562.0248318459765,2,2,2,6
16798,110,7,2872.290940554794,2,5,4,11
16799,123,4,2578.769348999688,2,2,3,7
16800,17,9,4183.438130080656,5,5,5,15
16801,11,5,3419.0423177974944,5,3,4,12
16802,23,6,3590.255696161486,4,4,5,13
16803,12,2,1035.4382357831685,5,1,1,7
16804,259,2,1292.9476419145537,1,1,1,3
16805,144,4,2035.3837295331398,1,2,2,5
16806,62,7,2677.9038452339996,3,5,3,11
16807,144,7,3961.1526953288812,1,5,5,11
16808,40,5,2425.307134934981,4,3,3,10
16809,104,2,1075.5994567583248,2,1,1,4
16810,32,4,2261.610034913173,4,2,3,9
16811,113,4,2007.0206807489178,2,2,2,6
16812,11,6,3322.8182896285384,5,4,4,13
16813,59,8,4932.27909138926,3,5,5,13
16814,36,8,3448.524363592864,4,5,4,13
16815,162,3,1469.3999044561674,1,2,2,5
16816,13,5,1716.5904075466499,5,3,2,10
16817,54,4,2280.6548880461273,3,2,3,8
16818,167,6,3406.6378382520297,1,4,4,9
16819,38,6,3153.988586823179,4,4,4,12
16820,55,6,2915.135017130242,3,4,4,11
16821,80,4,2438.215831138327,2,2,3,7
16822,15,2,1328.7017346165794,5,1,1,7
16823,28,6,2397.704677344977,4,4,3,11
16824,82,5,1328.2358799772512,2,3,1,6
16825,328,2,468.36688177535507,1,1,1,3
16826,12,4,2064.055600179945,5,2,2,9
16827,75,3,1651.6765659541516,3,2,2,7
16828,2,3,977.4966921374863,5,2,1,8
16829,59,7,3375.9593853854567,3,5,4,12
16830,182,2,131.7502669054018,1,1,1,3
16831,46,5,2723.6237206985547,3,3,3,9
16832,14,7,2982.826095501133,5,5,4,14
16833,70,3,1858.4758427182528,3,2,2,7
16834,35,11,4362.079892497274,4,5,5,14
16835,57,10,5512.774947044122,3,5,5,13
16836,368,1,758.4767767970585,1,1,1,3
16837,72,2,908.3638738190788,3,1,1,5
16838,176,8,4114.828747813394,1,5,5,11
16839,85,5,3068.4575035925627,2,3,4,9
16840,24,3,1352.8896091681058,4,2,1,7
16841,205,6,3051.068582065907,1,4,4,9
16842,1,4,1388.1130937269945,5,2,1,8
16843,3,8,4114.328263076893,5,5,5,15
16844,160,4,1102.7716505893848,1,2,1,4
16845,17,6,1165.503719263307,5,4,1,10
16846,6,6,4018.721119700478,5,4,5,14
16847,73,6,1251.3936889862325,3,4,1,8
16848,38,3,2344.0287425619795,4,2,3,9
16849,30,5,2613.7718960907805,4,3,3,10
16850,155,4,2040.4998557995361,1,2,2,5
16851,82,4,2233.192139673377,2,2,3,7
16852,35,4,2160.4592290170585,4,2,3,9
16853,14,8,4446.214160002661,5,5,5,15
16854,5,5,2994.3565479533045,5,3,4,12
16855,20,7,3068.4042232503302,4,5,4,13
16856,12,3,1962.4955161411538,5,2,2,9
16857,43,6,3081.4900726851242,4,4,4,12
16858,7,6,2773.1541035916625,5,4,4,13
16859,29,5,1255.5346293637801,4,3,1,8
16860,14,5,2646.5096661002867,5,3,3,11
16861,87,5,3795.5640810201903,2,3,5,10
16862,28,5,2189.809805165457,4,3,3,10
16863,2,8,4820.3044083382265,5,5,5,15
16864,125,3,1495.8112532612884,2,2,2,6
16865,190,4,1663.3408447592185,1,2,2,5
16866,2,5,2920.795646630087,5,3,4,12
16867,37,4,2685.0925022386646,4,2,3,9
16868,57,6,1707.823838740317,3,4,2,9
16869,15,5,2662.7752940566797,5,3,3,11
16870,26,7,4759.282758111533,4,5,5,14
16871,73,7,4533.091477347722,3,5,5,13
16872,35,6,3240.7525293474896,4,4,4,12
16873,110,2,1058.1261481082672,2,1,1,4
16874,53,3,1204.1736856722723,3,2,1,6
16875,95,7,3171.9544473092865,2,5,4,11
16876,1,5,2398.8409266369313,5,3,3,11
16877,13,5,2245.2786299337367,5,3,3,11
16878,146,2,293.7088927109611,1,1,1,3
16879,150,5,2074.584356223842,1,3,2,6
16880,96,5,2955.3756584044836,2,3,4,9
16881,70,5,3888.9082571739928,3,3,5,11
16882,22,8,1969.2663637488333,4,5,2,11
16883,55,4,2061.0214199196703,3,2,2,7
16884,3,8,3594.2381219605686,5,5,5,15
16885,324,3,1749.3649499159965,1,2,2,5
16886,45,4,2256.2797875630768,3,2,3,8
16887,28,4,2960.820323648969,4,2,4,10
16888,73,2,1540.2371813601699,3,1,2,6
16889,53,2,581.4256161021351,3,1,1,5
16890,68,3,1829.4412044591927,3,2,2,7
16891,153,3,436.5164852021342,1,2,1,4
16892,60,3,1671.594776366866,3,2,2,7
16893,13,5,1417.9802738180715,5,3,1,9
16894,201,6,3599.3054620140074,1,4,5,10
16895,107,2,919.952555754743,2,1,1,4
16896,69,5,2019.7154305283698,3,3,2,8
16897,79,3,1301.2875612974965,2,2,1,5
16898,65,8,4043.5163427475486,3,5,5,13
16899,132,4,1037.6398746806528,2,2,1,5
16900,69,2,264.36686006325067,3,1,1,5
16901,15,8,3437.4911088323956,5,5,4,14
16902,31,3,2131.518773591707,4,2,3,9
16903,56,4,2509.414499734773,3,2,3,8
16904,40,3,1240.8082445108294,4,2,1,7
16906,12,12,4176.025349471707,5,5,5,15
16907,37,6,2156.700960571613,4,4,3,11
16908,37,4,1336.3296931366026,4,2,1,7
16909,1,4,1385.7647619029622,5,2,1,8
16910,18,4,1955.7168395927629,5,2,2,9
16911,77,7,4808.511357378892,2,5,5,12
16912,7,5,2255.1633446516544,5,3,3,11
16913,292,3,443.6847292683789,1,2,1,4
16914,238,2,1053.661897240924,1,1,1,3
16915,250,5,3679.9480965642992,1,3,5,9
16916,105,5,2886.0000215110667,2,3,4,9
16917,367,1,69.32506213753922,1,1,1,3
16918,23,4,2218.545421629394,4,2,3,9
16919,2,5,3374.5213175796584,5,3,4,12
16920,114,3,927.7745424318587,2,2,1,5
16921,37,3,1383.9196153578337,4,2,1,7
16922,379,1,223.01319198167812,1,1,1,3
16923,1,4,1528.6826133251905,5,2,2,9
16924,109,2,1264.0511857004958,2,1,1,4
16925,42,5,3491.7342649811158,4,3,4,11
16926,149,2,1829.292861101806,1,1,2,4
16927,66,1,914.2549111855059,3,1,1,5
16928,26,4,2105.1929775706953,4,2,3,9
16929,24,5,2548.150841568022,4,3,3,10
16930,58,5,2281.903215009841,3,3,3,9
16931,407,1,59.100213041843396,1,1,1,3
16932,285,1,573.8323691937919,1,1,1,3
16933,315,2,1095.208532707742,1,1,1,3
16934,18,3,1799.655311347236,5,2,2,9
16935,134,6,2313.1646119969473,1,4,3,8
16936,45,4,2382.809996517333,3,2,3,8
16937,73,3,1027.0412998471231,3,2,1,6
16938,117,8,4181.317476325756,2,5,5,12
16939,183,5,2944.231942835358,1,3,4,8
16940,145,2,540.1318783244367,1,1,1,3
16941,20,6,1796.4358427234347,4,4,2,10
16942,202,6,2994.01459868372,1,4,4,9
16943,70,4,2439.3462428829507,3,2,3,8
16944,60,7,4570.333566536682,3,5,5,13
16945,66,4,1498.113707288645,3,2,2,7
16946,236,2,1391.062454972318,1,1,1,3
16947,43,1,143.86803213550627,4,1,1,6
16948,28,9,4407.349748643239,4,5,5,14
16949,284,1,750.3814170803366,1,1,1,3
16950,49,5,3039.301548009294,3,3,4,10
16951,113,3,1519.2931690537168,2,2,2,6
16952,141,2,1862.2443875381255,1,1,2,4
16953,10,5,2395.7314678838043,5,3,3,11
16954,206,5,2080.636526322313,1,3,2,6
16955,85,2,488.4609168695559,2,1,1,4
16956,141,2,1024.5585263073442,1,1,1,3
16957,95,6,2106.805044542634,2,4,3,9
16958,86,7,3183.2454917626337,2,5,4,11
16959,46,5,3259.1217893011694,3,3,4,10
16960,15,5,3149.2424906470096,5,3,4,12
16961,17,8,3673.848700093911,5,5,5,15
16962,14,5,3283.0948845187804,5,3,4,12
16963,233,2,303.12858068187836,1,1,1,3
16964,100,5,1795.206487407713,2,3,2,7
16965,184,3,1283.5150271145808,1,2,1,4
16966,88,3,2205.4128435361104,2,2,3,7
16967,21,5,2759.293622793902,4,3,4,11
16968,112,6,3738.0633668954906,2,4,5,11
16969,24,5,2189.475448272612,4,3,3,10
16970,45,3,1773.1967362055234,3,2,2,7
16971,17,7,3151.633374178418,5,5,4,14
16972,120,6,2260.1763567151106,2,4,3,9
16973,159,3,831.7904416411941,1,2,1,4
16974,122,5,3027.430902323305,2,3,4,9
16975,24,5,2772.532214337705,4,3,4,11
16976,114,3,1586.687426056912,2,2,2,6
16977,113,4,2079.150894821303,2,2,2,6
16978,143,5,2817.733386653449,1,3,4,8
16979,16,4,2487.6877264998493,5,2,3,10
16980,212,6,4097.996293177807,1,4,5,10
16981,12,9,4119.872897118359,5,5,5,15
16982,53,11,4189.845767022348,3,5,5,13
16983,85,4,2062.33469422787,2,2,2,6
16984,35,4,1955.6542248917713,4,2,2,8
16985,24,7,3128.487623388623,4,5,4,13
16986,275,3,1472.8755421872168,1,2,2,5
16987,29,5,2241.951294220466,4,3,3,10
16988,130,4,2199.0393033949244,2,2,3,7
16989,124,2,219.98689090418833,2,1,1,4
16990,10,8,3480.7276316056927,5,5,4,14
16991,229,2,411.63235939825955,1,1,1,3
16992,37,5,3601.0538047446926,4,3,5,12
16993,100,9,3949.6007963044626,2,5,5,12
16994,30,7,3822.8401030167233,4,5,5,14
16995,419,1,622.2293859977267,1,1,1,3
16996,154,6,2282.09607514033,1,4,3,8
16997,81,8,4485.502942967838,2,5,5,12
16998,27,5,2161.1982252617067,4,3,3,10
16999,17,10,4140.306650972672,5,5,5,15
17000,33,9,5220.465362136087,4,5,5,14
17001,51,7,3835.596465281228,3,5,5,13
17002,29,7,4823.6930311515425,4,5,5,14
17003,186,9,4094.3587846754963,1,5,5,11
17004,103,5,1016.3933829228458,2,3,1,6
17005,139,8,3701.7221482058303,1,5,5,11
17006,62,5,2259.9772459567184,3,3,3,9
17007,14,4,2290.3608257717615,5,2,3,10
17008,12,5,1278.1720552710337,5,3,1,9
17009,49,13,6556.530593027255,3,5,5,13
17010,47,6,1890.4973489711651,3,4,2,9
17011,15,3,1671.9578557503432,5,2,2,9
17012,45,7,3227.3936690968203,3,5,4,12
17013,45,4,1785.7881463924273,3,2,2,7
17014,6,8,4005.631996596336,5,5,5,15
17015,12,6,2893.589157706152,5,4,4,13
17016,8,10,5702.848910934349,5,5,5,15
17017,42,3,1393.6221810966745,4,2,1,7
17018,5,3,1368.6107904720204,5,2,1,8
17019,141,7,4377.617967399379,1,5,5,11
17020,202,4,1627.0981331952598,1,2,2,5
17021,61,6,3591.7348856248873,3,4,5,12
17022,127,5,2636.899303916672,2,3,3,8
17023,20,5,2632.5447534219684,4,3,3,10
17024,17,5,2547.657753884826,5,3,3,11
17025,53,2,605.5310297366524,3,1,1,5
17026,29,7,3592.2048533996503,4,5,5,14
17027,110,5,2033.6735150139814,2,3,2,7
17028,65,4,1712.1096693434579,3,2,2,7
17029,104,5,1600.4043955175455,2,3,2,7
17030,137,1,232.5299376246149,1,1,1,3
17031,8,3,1172.8242349575523,5,2,1,8
17032,9,3,1223.837833441305,5,2,1,8
17033,14,5,3035.0059812262502,5,3,4,12
17034,42,3,1945.597068305647,4,2,2,8
17035,31,7,3385.7429920926065,4,5,4,13
17036,74,5,2205.2830799874555,3,3,3,9
17037,22,7,4181.3142027615795,4,5,5,14
17038,47,4,1915.2648559824634,3,2,2,7
17039,18,6,2031.7265682632965,5,4,2,11
17040,104,9,4070.121181257381,2,5,5,12
17041,99,2,955.4773904289854,2,1,1,4
17042,73,8,3924.318873683138,3,5,5,13
17043,3,6,3812.564021766939,5,4,5,14
17044,80,8,3585.5079003514056,2,5,5,12
17045,16,6,4521.308157127875,5,4,5,14
17046,45,5,3092.0671396340294,3,3,4,10
17047,96,7,3939.428841602874,2,5,5,12
17048,79,4,1972.6778645757295,2,2,2,6
17049,290,3,962.3584432119799,1,2,1,4
17050,167,1,45.8823290719727,1,1,1,3
17051,178,9,3979.967941213391,1,5,5,11
17052,52,7,3755.1837751134667,3,5,5,13
17053,162,3,582.5918681746292,1,2,1,4
17054,188,4,1852.532405224762,1,2,2,5
17055,42,5,2740.147844254122,4,3,3,10
17056,106,5,4000.8575636620576,2,3,5,10
17057,32,8,2756.9105817181066,4,5,4,13
17058,5,8,3645.3950770014008,5,5,5,15
17059,18,8,4294.388666117796,5,5,5,15
17060,67,7,3116.343588278677,3,5,4,12
17061,70,4,1740.3784969500841,3,2,2,7
17062,89,4,2455.477005111199,2,2,3,7
17063,117,6,3339.3199592339074,2,4,4,10
17064,133,5,1696.215669711424,2,3,2,7
17065,201,3,1476.4104859873075,1,2,2,5
17066,66,3,1170.5716217106635,3,2,1,6
17067,68,6,1304.8928170614593,3,4,1,8
17068,77,4,2446.017697465659,2,2,3,7
17069,74,3,1802.776357903007,3,2,2,7
17070,16,11,6800.891432782,5,5,5,15
17071,296,1,500.3610781230519,1,1,1,3
17072,70,5,2685.6729199359174,3,3,3,9
17073,151,5,2015.4538039942822,1,3,2,6
17074,24,5,2416.0338235316894,4,3,3,10
17075,28,4,1218.811417823257,4,2,1,7
17076,41,4,1765.5245838172405,4,2,2,8
17077,97,8,4404.67270400677,2,5,5,12
17078,9,5,1109.6714322781643,5,3,1,9
17079,73,6,2293.9108980524566,3,4,3,10
17080,12,5,2894.204448936298,5,3,4,12
17081,56,9,4031.9028646135475,3,5,5,13
17082,25,9,5954.805878733623,4,5,5,14
17083,46,9,5019.310287696323,3,5,5,13
17084,92,12,6994.693953419153,2,5,5,12
17085,23,7,3367.525274932911,4,5,4,13
17086,138,3,1646.7150858098216,1,2,2,5
17087,6,9,4899.432190134497,5,5,5,15
17088,51,9,5832.277267745931,3,5,5,13
17089,65,5,2777.6059601684674,3,3,4,10
17090,70,7,4236.530751085132,3,5,5,13
17091,32,6,2469.0280907129745,4,4,3,11
17092,104,5,3420.6752194449255,2,3,4,9
17093,89,7,4629.170419439362,2,5,5,12
17094,14,3,1573.9140898339615,5,2,2,9
17095,41,6,3166.945014895067,4,4,4,12
17096,1,4,1645.3356623510067,5,2,2,9
17097,185,4,1108.5618044946357,1,2,1,4
17098,98,10,3715.2950654568995,2,5,5,12
17099,11,6,3075.3560641747817,5,4,4,13
17100,7,9,3671.417753533123,5,5,5,15
17101,329,2,1491.8369524415461,1,1,2,4
17102,104,5,2854.00306102982,2,3,4,9
17103,53,10,4835.250082365993,3,5,5,13
17104,133,4,1661.5680103509121,2,2,2,6
17105,4,5,2564.416424882089,5,3,3,11
17106,16,7,2674.4031125628667,5,5,3,13
17107,177,5,2051.142426671822,1,3,2,6
17108,246,2,1166.8977874207253,1,1,1,3
17109,8,6,2338.2588585871217,5,4,3,12
17110,336,3,1377.08439435324,1,2,1,4
17111,60,2,738.9188392000619,3,1,1,5
17112,78,5,2134.1946331571335,2,3,3,8
17113,37,4,1865.344682054278,4,2,2,8
17114,284,2,624.392610082377,1,1,1,3
17115,77,6,3751.3910613094704,2,4,5,11
17116,88,4,1821.923851713395,2,2,2,6
17117,30,10,4099.926703054476,4,5,5,14
17118,104,6,3565.0498356165604,2,4,5,11
17119,153,5,2057.394609327883,1,3,2,6
17120,146,4,2017.4075949275696,1,2,2,5
17121,78,5,2676.0237843469004,2,3,3,8
17122,45,6,2419.749421292314,3,4,3,10
17123,57,3,856.7676270288364,3,2,1,6
17124,25,5,1627.863730743757,4,3,2,9
17125,6,7,4564.2771815226215,5,5,5,15
17126,48,3,1266.6937298413523,3,2,1,6
17127,56,7,3882.235830539058,3,5,5,13
17128,118,5,2487.7311136465505,2,3,3,8
17129,13,2,1497.551015521352,5,1,2,8
17130,61,7,4105.98206620119,3,5,5,13
17131,12,5,3273.995432858409,5,3,4,12
17132,5,5,3704.0422053134453,5,3,5,13
17133,52,3,1236.7425069271912,3,2,1,6
17134,122,1,366.6553255484921,2,1,1,4
17135,283,2,853.7288034580719,1,1,1,3
17136,6,9,3716.6173925056405,5,5,5,15
17137,59,2,1085.4849324156553,3,1,1,5
17138,60,3,1091.4231471360517,3,2,1,6
17139,208,4,1984.8430265780123,1,2,2,5
17140,62,9,4853.019960366721,3,5,5,13
17141,28,5,3577.342945053123,4,3,5,12
17142,40,7,3663.5726781244402,4,5,5,14
17143,252,4,1828.5524429878892,1,2,2,5
17144,140,5,1629.399001705415,1,3,2,6
17145,16,3,1451.6135572425048,5,2,2,9
17146,63,5,2397.220622915979,3,3,3,9
17147,52,5,2064.758763609756,3,3,2,8
17148,21,5,2801.5749346623606,4,3,4,11
17149,158,5,2335.8053757071293,1,3,3,7
17150,61,2,739.9339737408789,3,1,1,5
17151,57,6,3728.879040190905,3,4,5,12
17152,36,5,1399.9462284972549,4,3,1,8
17153,31,4,2716.7910114941114,4,2,3,9
17154,14,6,2817.377954589121,5,4,4,13
17155,134,6,3121.8746508874415,1,4,4,9
17156,73,8,3294.9804109734696,3,5,4,12
17157,78,5,3325.982268244238,2,3,4,9
17158,12,6,3427.3094616545704,5,4,4,13
17159,99,3,1528.0652523452982,2,2,2,6
17160,12,6,2784.5675603734912,5,4,4,13
17161,22,6,4804.2223045020055,4,4,5,13
17162,33,3,565.7591997507537,4,2,1,7
17163,36,5,3062.0722157905216,4,3,4,11
17164,1,8,4585.263893445251,5,5,5,15
17165,36,8,6644.089867173929,4,5,5,14
17166,114,6,2983.8331682696094,2,4,4,10
17167,11,9,5428.560233742002,5,5,5,15
17168,49,4,2264.096799460492,3,2,3,8
17169,250,1,789.3722878008222,1,1,1,3
17170,30,8,4026.0637858682285,4,5,5,14
17171,129,4,1950.5053992536095,2,2,2,6
17172,9,6,3347.093214460741,5,4,4,13
17173,28,4,2647.292170599264,4,2,3,9
17174,15,6,2163.965764209476,5,4,3,12
17175,201,4,1660.9958562584004,1,2,2,5
17176,86,4,2680.8338415189946,2,2,3,7
17177,115,4,2635.043469086446,2,2,3,7
17178,120,5,2993.6250205979895,2,3,4,9
17179,144,3,1128.2083723778694,1,2,1,4
17180,62,7,2974.783236449587,3,5,4,12
17181,337,3,1882.3236826986774,1,2,2,5
17182,54,8,4128.474820996631,3,5,5,13
17183,120,2,538.229638227559,2,1,1,4
17184,104,6,3261.760287352673,2,4,4,10
17185,62,4,1253.6234986483053,3,2,1,6
17186,25,4,1336.2149185092262,4,2,1,7
17187,100,6,2420.5634557213043,2,4,3,9
17188,99,5,1667.085114123121,2,3,2,7
17189,17,7,4373.952688093135,5,5,5,15
17190,12,5,2754.1756478119028,5,3,4,12
17191,34,12,4420.919904415985,4,5,5,14
17192,72,4,2260.4854886027747,3,2,3,8
17193,44,8,4315.123821374469,3,5,5,13
17194,6,4,1373.0240214662977,5,2,1,8
17195,89,4,2042.2822174507455,2,2,2,6
17196,126,3,1290.9363274938685,2,2,1,5
17197,2,8,4180.965702432757,5,5,5,15
17198,56,6,2828.0644712964527,3,4,4,11
17199,1,4,1220.3296782491802,5,2,1,8
17200,2,5,1590.156866914728,5,3,2,10
17201,19,2,1676.9542296093186,5,1,2,8
17202,121,1,641.2789560018012,2,1,1,4
17203,88,7,1838.0717914242146,2,5,2,9
17204,55,5,2709.994300140141,3,3,3,9
17205,3,5,3819.3412954626506,5,3,5,13
17206,147,3,912.5242266149421,1,2,1,4
17207,57,9,5112.717333201519,3,5,5,13
17208,10,7,4372.7362941065085,5,5,5,15
17209,71,5,2495.934357795025,3,3,3,9
17210,4,5,2234.317191993273,5,3,3,11
17211,57,9,3697.4887119502655,3,5,5,13
17212,59,6,2384.159074858932,3,4,3,10
17213,86,5,2417.103027839187,2,3,3,8
17214,83,5,3659.2470725432713,2,3,5,10
17215,141,6,3159.5906076365754,1,4,4,9
17216,33,5,1678.4176941357962,4,3,2,9
17217,58,5,2697.6214371681863,3,3,3,9
17218,264,1,394.8462780604684,1,1,1,3
17219,53,5,2172.3788954920738,3,3,3,9
17220,10,6,2478.3066964791915,5,4,3,12
17221,8,1,926.2980314768107,5,1,1,7
17222,31,6,1910.7440852923196,4,4,2,10
17223,127,4,2397.046905246892,2,2,3,7
17224,27,2,1252.061510665188,4,1,1,6
17225,2,6,3214.8538681913606,5,4,4,13
17226,228,5,3014.2323953327736,1,3,4,8
17227,57,12,5418.647011818917,3,5,5,13
17228,82,7,1969.1057497779404,2,5,2,9
17229,88,4,1123.912784034635,2,2,1,5
17230,29,6,2526.8262568997425,4,4,3,11
17231,19,7,4171.609847054067,5,5,5,15
17232,152,3,1634.0207144471728,1,2,2,5
17233,89,7,3268.8158252904823,2,5,4,11
17234,35,4,1744.3956129631176,4,2,2,8
17235,28,5,2330.164907484534,4,3,3,10
17236,47,9,4829.5267084217085,3,5,5,13
17237,50,10,4423.530115197982,3,5,5,13
17238,12,5,1295.278088864076,5,3,1,9
17239,2,3,2232.1914453109857,5,2,3,10
17240,17,4,1242.6882111586888,5,2,1,8
17241,277,6,2382.0601945874455,1,4,3,8
17242,110,5,3481.86385621272,2,3,4,9
17243,26,4,2287.030580314041,4,2,3,9
17244,255,3,1624.2579462054139,1,2,2,5
17245,99,4,1511.7985931431629,2,2,2,6
17246,33,6,3055.0008152464998,4,4,4,12
17247,1,8,3063.1790125885977,5,5,4,14
17248,63,5,2619.5883441510814,3,3,3,9
17249,50,7,3228.7186572937717,3,5,4,12
17250,41,6,3156.062677823739,4,4,4,12
17251,96,5,3324.7802568859147,2,3,4,9
17252,211,1,622.1519061242059,1,1,1,3
17253,17,5,3830.670111878163,5,3,5,13
17254,85,4,2078.943654450749,2,2,2,6
17255,22,5,2613.0475792702673,4,3,3,10
17256,100,4,1753.5286344491433,2,2,2,6
17257,5,6,3053.278094877439,5,4,4,13
17258,28,7,5436.068684900091,4,5,5,14
17259,170,2,372.35052276848745,1,1,1,3
17260,73,4,1834.9332490278998,3,2,2,7
17261,83,5,3024.0453243831817,2,3,4,9
17262,74,5,2744.625647371107,3,3,4,10
17263,196,5,2926.478100484897,1,3,4,8
17264,194,7,3829.4715595196303,1,5,5,11
17265,5,7,4056.628577194424,5,5,5,15
17266,88,5,2780.590411037621,2,3,4,9
17267,108,3,410.80396550340174,2,2,1,5
17268,98,1,693.9316580373604,2,1,1,4
17269,75,3,1344.2818399605646,3,2,1,6
17270,99,7,3670.8062753345703,2,5,5,12
17271,10,2,361.77371092705687,5,1,1,7
17272,29,7,3457.418201372154,4,5,4,13
17273,51,3,500.8633702992992,3,2,1,6
17274,90,5,2696.7252005079035,2,3,3,8
17275,24,5,1913.3093982418484,4,3,2,9
17276,38,5,2236.966608124607,4,3,3,10
17277,76,4,1238.9357085379595,3,2,1,6
17278,83,1,9.971082125176022,2,1,1,4
17279,21,2,1519.918389661706,4,1,2,7
17280,55,6,3127.429043942684,3,4,4,11
17281,87,7,2176.017628428072,2,5,3,10
17282,28,5,2751.8158819361115,4,3,4,11
17283,40,6,3685.6101214702503,4,4,5,13
17284,33,6,3030.4039335976167,4,4,4,12
17285,21,5,3438.4047820940427,4,3,4,11
17286,48,5,2542.8782650064722,3,3,3,9
17287,92,5,2069.8616421352754,2,3,2,7
17288,89,6,2828.4087047578,2,4,4,10
17289,65,5,1547.6587348610758,3,3,2,8
17290,53,3,1404.8915804972462,3,2,1,6
17291,8,4,2652.401095156546,5,2,3,10
17292,80,4,1727.9212522936546,2,2,2,6
17293,191,3,1295.6819335092305,1,2,1,4
17294,146,3,1642.2741769612448,1,2,2,5
17295,20,3,1770.6749604424451,4,2,2,8
17296,176,2,1309.0795858024962,1,1,1,3
17297,8,3,1449.3311518586522,5,2,2,9
17298,14,7,3058.3462272385614,5,5,4,14
17299,345,2,1253.885993486036,1,1,1,3
17300,3,6,3476.1382969859533,5,4,4,13
17301,11,10,5040.472908123881,5,5,5,15
17302,58,3,2314.0805274965724,3,2,3,8
17303,243,2,1013.6099895668108,1,1,1,3
17304,49,3,1289.798612994487,3,2,1,6
17305,51,6,2191.3828180060364,3,4,3,10
17306,31,3,662.1975989110518,4,2,1,7
17307,10,1,592.843170658549,5,1,1,7
17308,104,5,3153.8730631645376,2,3,4,9
17309,231,2,683.5486557903423,1,1,1,3
17310,58,4,2831.8096618980953,3,2,4,9
17311,60,8,3612.4580040019687,3,5,5,13
17312,28,11,4667.499250313377,4,5,5,14
17313,69,9,3481.8855681806276,3,5,4,12
17314,61,8,3250.5263961049595,3,5,4,12
17315,16,3,1602.0502594188192,5,2,2,9
17316,203,2,515.4130144855067,1,1,1,3
17317,21,5,2583.400421078215,4,3,3,10
17318,45,4,1274.8190574169196,3,2,1,6
17319,89,4,2829.283484412537,2,2,4,8
17320,93,6,1975.01961356959,2,4,2,8
17321,3,6,2889.9248699967407,5,4,4,13
17322,24,4,3074.764023725075,4,2,4,10
17323,106,5,2551.2337624792726,2,3,3,8
17324,5,6,3905.4395378749596,5,4,5,14
17325,169,1,542.1617107387708,1,1,1,3
17326,130,5,1626.7854394381136,2,3,2,7
17327,106,5,2293.696109198997,2,3,3,8
17328,253,2,1042.0643571512617,1,1,1,3
17329,47,5,2821.4424403135627,3,3,4,10
17330,13,7,2742.275827856362,5,5,4,14
17331,10,4,1840.1844589506131,5,2,2,9
17332,1,5,1834.608708166079,5,3,2,10
17333,73,5,2786.612929849239,3,3,4,10
17334,71,5,2637.9455986806415,3,3,3,9
17335,174,5,2714.395842928239,1,3,3,7
17336,103,3,1700.8500433019196,2,2,2,6
17337,46,5,2202.6942014653964,3,3,3,9
17338,70,3,2079.0223937081073,3,2,2,7
17339,26,7,2869.3648405953563,4,5,4,13
17340,31,2,1036.7938594226393,4,1,1,6
17341,15,4,2285.631378624767,5,2,3,10
17342,114,3,1562.6506291509322,2,2,2,6
17343,96,5,2807.136326626003,2,3,4,9
17344,22,3,1195.4560353356223,4,2,1,7
17345,138,5,1996.3026902550828,1,3,2,6
17346,35,7,3261.3038356913926,4,5,4,13
17347,355,2,1450.998436893845,1,1,2,4
17348,2,9,4244.415183190691,5,5,5,15
17349,89,6,2826.720237797813,2,4,4,10
17350,15,4,1663.6981954694038,5,2,2,9
17351,39,6,3514.8429499462636,4,4,4,12
17352,10,6,1945.0424912722715,5,4,2,11
17353,110,5,2098.1501932965903,2,3,3,8
17354,47,7,2499.9961181337617,3,5,3,11
17355,147,5,2251.5028930413655,1,3,3,7
17356,107,4,3042.698671275767,2,2,4,8
17357,6,5,2820.944295401887,5,3,4,12
17358,210,3,1136.8713979229021,1,2,1,4
17359,6,5,2239.3690392812914,5,3,3,11
17360,23,3,1834.9236091580192,4,2,2,8
17361,416,1,697.5930821674813,1,1,1,3
17362,12,7,3343.7554759182644,5,5,4,14
17363,17,6,2619.988260311485,5,4,3,12
17364,76,1,895.9092337804942,3,1,1,5
17365,40,5,1465.3232726203005,4,3,2,9
17366,12,3,1423.5135668126873,5,2,2,9
17367,113,6,3675.6408909752245,2,4,5,11
17368,150,3,1733.7100951355067,1,2,2,5
17369,53,7,4107.734581366632,3,5,5,13
17370,96,5,2523.074949056755,2,3,3,8
17371,69,7,3335.8560902976005,3,5,4,12
17372,79,5,2684.5070498766563,2,3,3,8
17373,79,5,1692.304980366273,2,3,2,7
17374,93,4,1657.2547794320726,2,2,2,6
17375,57,8,3604.5475344708407,3,5,5,13
17376,112,6,1689.275411842702,2,4,2,8
17377,25,3,1220.0426541538677,4,2,1,7
17378,40,4,1295.7226010749469,4,2,1,7
17379,51,8,4190.941565502789,3,5,5,13
17380,9,4,1513.3725106293853,5,2,2,9
17381,11,4,2366.110949554351,5,2,3,10
17382,57,10,7329.064111971315,3,5,5,13
17383,61,4,2303.942445805775,3,2,3,8
17384,55,4,1703.5948815777103,3,2,2,7
17385,52,6,2398.9183731573885,3,4,3,10
17386,79,7,2993.0780655711337,2,5,4,11
17387,37,6,3016.189133696715,4,4,4,12
17388,77,3,1962.5273454059218,2,2,2,6
17389,97,3,1707.6087752111512,2,2,2,6
17390,2,5,2031.5715905876127,5,3,2,10
17391,24,3,1041.3965384011692,4,2,1,7
17392,45,6,3561.1673425990166,3,4,5,12
17393,39,8,2098.950503243822,4,5,3,12
17394,107,5,1861.491350438576,2,3,2,7
17395,30,11,5741.755643246269,4,5,5,14
17396,98,3,1124.2077933533346,2,2,1,5
17397,155,7,4443.369140894728,1,5,5,11
17398,31,5,2332.2703494135026,4,3,3,10
17399,16,8,4859.796054926461,5,5,5,15
17400,44,7,2873.751443302022,3,5,4,12
17401,33,10,4167.621747667393,4,5,5,14
17402,141,2,1036.0871670211716,1,1,1,3
17403,25,4,3043.3932335945924,4,2,4,10
17404,103,2,1326.3143893539286,2,1,1,4
17405,10,7,4510.180415963425,5,5,5,15
17406,81,2,368.4959154491264,2,1,1,4
17407,13,4,2240.793758371862,5,2,3,10
17408,46,5,1498.7859462233419,3,3,2,8
17409,18,7,4203.5580077778195,5,5,5,15
17410,28,7,3450.3698263967444,4,5,4,13
17411,74,6,2804.572279248948,3,4,4,11
17412,27,3,1542.5673335938013,4,2,2,8
17413,119,2,610.4528971700342,2,1,1,4
17414,206,7,4849.360858028986,1,5,5,11
17415,220,3,491.9564121035509,1,2,1,4
17416,68,2,45.7267666826389,3,1,1,5
17417,63,3,1248.369915904851,3,2,1,6
17418,185,2,426.73852608749655,1,1,1,3
17419,72,7,3885.91904832149,3,5,5,13
17420,79,4,2893.0115696127023,2,2,4,8
17421,21,9,2802.8893272220266,4,5,4,13
17422,153,7,3881.315746558442,1,5,5,11
17423,2,6,3332.0402124565,5,4,4,13
17424,153,6,2614.1734167025406,1,4,3,8
17425,113,6,1569.6677585168748,2,4,2,8
17426,26,7,2969.439872674803,4,5,4,13
17427,15,12,5573.0963458574515,5,5,5,15
17428,13,2,417.87208615855775,5,1,1,7
17429,25,4,1803.530587826384,4,2,2,8
17430,208,6,2370.9097983355746,1,4,3,8
17431,1,9,6112.483437191307,5,5,5,15
17432,234,3,1183.9676416503269,1,2,1,4
17433,2,11,5396.784921074106,5,5,5,15
17434,14,6,3183.068938918539,5,4,4,13
17435,29,3,1382.3427194319481,4,2,1,7
17436,195,2,1103.989791786741,1,1,1,3
17437,5,6,3579.5739069620986,5,4,5,14
17438,114,6,3251.034173812213,2,4,4,10
17439,262,1,837.1006219677191,1,1,1,3
17440,29,6,2414.1331890148563,4,4,3,11
17441,14,5,2807.195741589636,5,3,4,12
17442,97,3,1631.6815758937935,2,2,2,6
17443,148,6,2743.4317726741174,1,4,4,9
17444,18,4,1092.5538920887172,5,2,1,8
17445,61,5,2269.7330382477985,3,3,3,9
17446,36,5,2833.126497197313,4,3,4,11
17447,1,9,4874.236129603818,5,5,5,15
17448,13,6,2923.9537254832844,5,4,4,13
17449,59,4,2759.1066448731417,3,2,4,9
17450,38,3,1899.5817636141644,4,2,2,8
17451,99,7,4778.89998607713,2,5,5,12
17452,61,3,1860.3550197680236,3,2,2,7
17453,143,6,1713.5511334199348,1,4,2,7
17454,56,6,3957.96490375136,3,4,5,12
17455,81,5,4234.743374456264,2,3,5,10
17456,174,3,978.9153593238361,1,2,1,4
17457,108,3,2148.2764871342247,2,2,3,7
17458,114,4,2092.5446156551634,2,2,3,7
17459,103,3,362.91197693435134,2,2,1,5
17460,81,4,2650.1379926790196,2,2,3,7
17461,4,3,778.6705860679693,5,2,1,8
17462,39,7,3724.655258908765,4,5,5,14
17463,35,4,2335.100489430824,4,2,3,9
17464,109,6,4123.188314881136,2,4,5,11
17465,71,6,3841.7255670849586,3,4,5,12
17466,30,4,1227.8342417051551,4,2,1,7
17467,8,5,1028.099701787701,5,3,1,9
17468,75,4,2164.2426403924037,3,2,3,8
17469,35,4,1163.4708724870236,4,2,1,7
17470,41,3,1748.404645046559,4,2,2,8
17471,5,7,3194.790395573267,5,5,4,14
17472,102,7,4639.923818046599,2,5,5,12
17473,2,4,2632.0352846451347,5,2,3,10
17474,16,7,3846.4957942711208,5,5,5,15
17475,60,1,979.9423911692159,3,1,1,5
17476,266,2,703.5061458115869,1,1,1,3
17477,134,7,3626.4579443516586,1,5,5,11
17478,44,4,2379.8871315594342,3,2,3,8
17479,228,5,2975.869516754646,1,3,4,8
17480,53,3,2310.177418745634,3,2,3,8
17481,46,4,1686.7555802196684,3,2,2,7
17482,210,1,983.7253658225111,1,1,1,3
17483,111,3,1629.6218371929776,2,2,2,6
17484,76,7,3693.195878876273,3,5,5,13
17485,70,3,1468.2757108723467,3,2,2,7
17486,188,6,2830.8228376029865,1,4,4,9
17487,168,3,1305.7757044971477,1,2,1,4
17488,20,4,2426.442655540848,4,2,3,9
17489,153,4,1406.238827778392,1,2,1,4
17490,182,5,2867.974038672042,1,3,4,8
17491,17,7,2534.452440013798,5,5,3,13
17492,37,5,2423.299081349824,4,3,3,10
17493,41,6,2815.085597444383,4,4,4,12
17494,218,4,2279.6048558176267,1,2,3,6
17495,21,5,1915.3589908763556,4,3,2,9
17496,71,3,2546.8967280115867,3,2,3,8
17497,3,9,6082.006932953883,5,5,5,15
17499,49,5,3167.2304452351473,3,3,4,10
17501,95,4,3003.813509842331,2,2,4,8
17502,81,7,3534.8261007421434,2,5,4,11
17503,24,7,3004.0860831987457,4,5,4,13
17504,3,5,2978.413170793648,5,3,4,12
17505,55,6,2759.327031855268,3,4,4,11
17506,53,6,4437.977077368679,3,4,5,12
17507,29,8,4163.934094339459,4,5,5,14
17508,169,5,2557.025245336547,1,3,3,7
17509,23,7,3087.0598489931554,4,5,4,13
17510,97,6,2805.3263942458616,2,4,4,10
17511,4,4,1926.7899145898884,5,2,2,9
17512,54,4,1378.9165351673264,3,2,1,6
17513,163,4,1966.9283851816926,1,2,2,5
17514,131,4,1984.9701430233945,2,2,2,6
17515,90,4,1783.171755908571,2,2,2,6
17517,105,5,3776.384533373858,2,3,5,10
17518,45,6,3209.0428288524117,3,4,4,11
17519,63,7,4512.505550363854,3,5,5,13
17520,3,7,3269.3305140351295,5,5,4,14
17521,60,4,1772.7939104563222,3,2,2,7
17522,15,6,3760.655882280508,5,4,5,14
17523,52,6,4046.004901218962,3,4,5,12
17524,239,5,2828.8824982915485,1,3,4,8
17525,102,2,848.4852526405374,2,1,1,4
17526,378,2,943.9020505850326,1,1,1,3
17527,12,9,4689.990243692,5,5,5,15
17528,129,5,2566.8405704664433,2,3,3,8
17529,88,3,1922.8220320713976,2,2,2,6
17530,52,7,2424.7888742029863,3,5,3,11
17531,181,4,2351.101981613083,1,2,3,6
17532,11,8,3468.9054638869443,5,5,4,14
17533,37,6,3416.787623208436,4,4,4,12
17534,202,2,692.72666262513,1,1,1,3
17535,201,3,215.02421923544384,1,2,1,4
17536,87,3,2435.9860353885138,2,2,3,7
17537,45,2,471.16872050931113,3,1,1,5
17538,108,7,3157.6394469626453,2,5,4,11
17539,25,5,2843.511697688247,4,3,4,11
17540,214,4,1493.134176853846,1,2,2,5
17541,142,5,4007.1399131922276,1,3,5,9
17542,6,8,1240.7482408741948,5,5,1,11
17543,164,4,3204.5736894893125,1,2,4,7
17544,15,9,3873.3996056235433,5,5,5,15
17545,131,8,3317.4769394551704,2,5,4,11
17546,18,3,1536.70470932749,5,2,2,9
17547,22,9,3166.198747901285,4,5,4,13
17548,5,7,2869.410370607358,5,5,4,14
17549,71,11,4962.7386558682865,3,5,5,13
17550,94,10,5883.082298373618,2,5,5,12
17551,96,4,1918.4900591907674,2,2,2,6
17552,25,5,1694.612867713758,4,3,2,9
17553,6,9,5873.129608907222,5,5,5,15
17554,29,3,1056.2732206059968,4,2,1,7
17555,20,4,1383.6792195959301,4,2,1,7
17556,69,5,3019.023511070971,3,3,4,10
17557,14,6,3753.214073880503,5,4,5,14
17558,223,4,2197.8045387352636,1,2,3,6
17559,303,3,1919.7255444204045,1,2,2,5
17560,9,7,4365.33332759572,5,5,5,15
17561,44,3,819.4835616542124,3,2,1,6
17562,20,4,1573.8083338631063,4,2,2,8
17563,17,7,3418.275736675615,5,5,4,14
17564,74,1,688.8309004985084,3,1,1,5
17565,27,6,3235.841639334746,4,4,4,12
17566,40,5,1714.4771716819691,4,3,2,9
17567,15,9,3205.7769655119414,5,5,4,14
17568,338,1,639.5556838581929,1,1,1,3
17569,5,3,1998.5496178873273,5,2,2,9
17570,157,3,1769.2296785660656,1,2,2,5
17571,181,7,2675.1438376724477,1,5,3,9
17572,191,5,2987.9607400837995,1,3,4,8
17573,144,3,2254.713352674414,1,2,3,6
17574,60,6,3071.8904051139734,3,4,4,11
17575,98,11,5036.806283268961,2,5,5,12
17576,15,5,3463.296340147832,5,3,4,12
17577,115,3,1033.9441302360585,2,2,1,5
17578,257,4,1686.0168063151373,1,2,2,5
17579,121,2,191.5349814709257,2,1,1,4
17580,28,4,1346.860693392156,4,2,1,7
17581,14,4,2746.5006361919604,5,2,4,11
17582,91,5,2613.159536454639,2,3,3,8
17583,110,4,2578.6589632807572,2,2,3,7
17584,82,4,1431.9460496384386,2,2,2,6
17585,15,5,1858.9256555611207,5,3,2,10
17586,290,1,297.1077722691244,1,1,1,3
17587,113,5,3055.843498202773,2,3,4,9
17588,46,7,4220.801573687337,3,5,5,13
17589,117,2,434.34791054442746,2,1,1,4
17590,91,5,3805.226284157221,2,3,5,10
17591,48,6,2926.336835967965,3,4,4,11
17592,26,6,3239.479830865025,4,4,4,12
17593,386,1,939.5002407411882,1,1,1,3
17594,45,4,1464.7019650929003,3,2,2,7
17595,49,5,1721.9315425669338,3,3,2,8
17596,5,9,5825.656536391683,5,5,5,15
17597,120,4,2996.328772954824,2,2,4,8
17598,13,5,1068.1354392599317,5,3,1,9
17599,196,4,1538.119184125688,1,2,2,5
17600,91,4,1823.6217301490801,2,2,2,6
17601,117,3,1315.8343297611093,2,2,1,5
17602,18,4,1403.9747009560547,5,2,1,8
17603,230,2,828.0364951777207,1,1,1,3
17604,221,4,2600.810585015116,1,2,3,6
17605,129,8,2623.169575016519,2,5,3,10
17606,27,11,6103.5337343057545,4,5,5,14
17607,8,6,3791.449725886269,5,4,5,14
17608,104,5,2589.1548655482557,2,3,3,8
17609,14,5,2552.9955434490025,5,3,3,11
17610,72,5,2522.195020380561,3,3,3,9
17611,23,4,1741.4069806723694,4,2,2,8
17612,80,8,3336.0381613179065,2,5,4,11
17613,69,6,3234.373633160316,3,4,4,11
17614,34,1,44.23748899737563,4,1,1,6
17615,73,6,3454.7208416127414,3,4,4,11
17616,81,2,890.9003374188857,2,1,1,4
17617,108,4,3063.603871554047,2,2,4,8
17618,104,6,3269.7522657959976,2,4,4,10
17619,44,6,2589.01986658141,3,4,3,10
17620,10,8,4850.859643081684,5,5,5,15
17621,33,5,3415.8111393824192,4,3,4,11
17622,7,3,1347.254285666596,5,2,1,8
17623,370,2,1295.3078520931704,1,1,1,3
17624,44,8,3094.8082554816124,3,5,4,12
17625,179,4,1990.8585139470536,1,2,2,5
17626,127,2,423.1601766997059,2,1,1,4
17627,197,2,636.8265651907891,1,1,1,3
17628,1,5,2070.5035162702516,5,3,2,10
17629,63,4,2630.19408506025,3,2,3,8
17630,18,4,2247.2076955796447,5,2,3,10
17631,5,10,4277.231926464407,5,5,5,15
17632,164,6,2797.0716722374295,1,4,4,9
17633,116,5,3144.3223160129837,2,3,4,9
17634,32,4,1984.7493160953272,4,2,2,8
17635,153,3,659.3779632637566,1,2,1,4
17636,56,6,2875.5986451011877,3,4,4,11
17637,15,10,6182.5649755745435,5,5,5,15
17638,12,7,2010.01172208966,5,5,2,12
17639,153,3,1988.7273416356031,1,2,2,5
17640,76,7,3146.383435672954,3,5,4,12
17641,195,2,1192.0331395256421,1,1,1,3
17642,63,6,3515.985607540282,3,4,4,11
17643,131,4,2296.285796363236,2,2,3,7
17644,4,8,1894.926330580632,5,5,2,12
17645,4,6,3360.495454697658,5,4,4,13
17646,9,7,2279.9332317710246,5,5,3,13
17647,206,2,582.6918510216933,1,1,1,3
17648,57,8,4280.311628522549,3,5,5,13
17649,131,5,3000.881405256968,2,3,4,9
17650,124,7,2602.157872100166,2,5,3,10
17651,200,2,100.02430639678026,1,1,1,3
17652,85,3,1721.9797330600886,2,2,2,6
17653,200,2,1438.1546078543442,1,1,2,4
17654,137,4,2089.75378653343,1,2,3,6
17655,231,4,1627.3451097695686,1,2,2,5
17656,34,10,5169.882930182306,4,5,5,14
17657,47,3,1590.5565375210108,3,2,2,7
17658,4,8,3904.005467450465,5,5,5,15
17659,28,8,4245.264298061421,4,5,5,14
17660,11,4,2923.4964061721184,5,2,4,11
17661,23,7,4176.358644866207,4,5,5,14
17662,89,8,4035.8853904391017,2,5,5,12
17663,153,3,1176.023669862292,1,2,1,4
17664,70,8,5148.777573912721,3,5,5,13
17665,7,5,2557.404944150493,5,3,3,11
17666,405,1,174.3485158627609,1,1,1,3
17667,50,3,1206.9464512041686,3,2,1,6
17668,57,5,2163.222460611655,3,3,3,9
17669,3,6,2729.478226816956,5,4,3,12
17670,9,8,3595.3171108164415,5,5,5,15
17671,10,10,5544.2615730535545,5,5,5,15
17672,166,5,2678.9425311521145,1,3,3,7
17673,395,1,621.9309937663058,1,1,1,3
17674,13,3,799.8900846396175,5,2,1,8
17675,58,5,3279.517822851149,3,3,4,10
17676,45,8,3469.1867809362357,3,5,4,12
17677,100,5,2110.286409007701,2,3,3,8
17678,153,4,1786.7693807144378,1,2,2,5
17679,81,3,935.4904531720407,2,2,1,5
17680,163,6,2976.027744327831,1,4,4,9
17681,6,3,2061.932513961538,5,2,2,9
17682,40,3,1564.76294586241,4,2,2,8
17683,324,2,605.4963613193086,1,1,1,3
17684,66,3,2678.367028665515,3,2,3,8
17685,34,5,2143.467573262489,4,3,3,10
17686,28,1,506.63904245112155,4,1,1,6
17687,103,5,2084.1792757435205,2,3,2,7
17688,307,3,1637.751784286968,1,2,2,5
17689,4,8,4736.405519094733,5,5,5,15
17690,19,6,3660.2772344612667,5,4,5,14
17691,51,6,1924.6344972183695,3,4,2,9
17692,49,7,2785.1389831242245,3,5,4,12
17693,75,4,2723.9063514871905,3,2,3,8
17694,58,6,3703.996000555969,3,4,5,12
17695,40,7,2782.120727684658,4,5,4,13
17696,107,6,2562.1238696231285,2,4,3,9
17697,130,5,2649.877538559833,2,3,3,8
17698,118,6,3566.264339467121,2,4,5,11
17699,171,5,3094.5201145933233,1,3,4,8
17700,13,6,3002.419116860197,5,4,4,13
17701,7,5,3178.985760507466,5,3,4,12
17702,40,7,3790.0135248436536,4,5,5,14
17703,197,4,2417.4403357939923,1,2,3,6
17704,14,5,2026.6598045997362,5,3,2,10
17705,103,5,3450.262239321667,2,3,4,9
17706,307,5,1997.5628952792827,1,3,2,6
17707,22,4,2440.8203847508316,4,2,3,9
17708,92,5,3288.48553149742,2,3,4,9
17709,60,3,570.6645865175058,3,2,1,6
17710,157,4,2381.4274969842827,1,2,3,6
17711,79,9,5842.023451133901,2,5,5,12
17712,46,5,3500.139540048235,3,3,4,10
17713,57,2,931.0782529829623,3,1,1,5
17714,102,2,1341.844013172557,2,1,1,4
17715,66,6,2420.338299077358,3,4,3,10
17716,75,11,4010.866208994592,3,5,5,13
17717,106,5,3304.0479898679787,2,3,4,9
17718,31,4,2312.040563002169,4,2,3,9
17719,86,4,2023.4921120528304,2,2,2,6
17720,39,3,1137.4380265363884,4,2,1,7
17721,22,6,2218.250195392671,4,4,3,11
17722,55,5,2387.304954992393,3,3,3,9
17723,42,1,270.23795212446254,4,1,1,6
17724,41,10,3888.2961804474717,4,5,5,14
17725,43,4,1937.7454499644596,4,2,2,8
17726,29,2,1174.3352219892606,4,1,1,6
17727,59,5,2711.201995099377,3,3,3,9
17728,137,8,4100.386467037685,1,5,5,11
17729,24,7,4271.479656677993,4,5,5,14
17730,39,2,928.5911010224943,4,1,1,6
17731,105,7,3187.0313172145716,2,5,4,11
17732,26,5,2716.0632535422847,4,3,3,10
17733,41,5,2491.6498526633736,4,3,3,10
17734,77,5,1428.6746898166007,2,3,2,7
17735,50,6,2797.5308695135004,3,4,4,11
17736,16,9,4933.607805864271,5,5,5,15
17737,160,6,3228.1130851068597,1,4,4,9
17738,33,9,4550.050636436839,4,5,5,14
17739,156,5,3450.9120777400663,1,3,4,8
17740,61,6,1960.231707848835,3,4,2,9
17741,15,9,4478.062276785298,5,5,5,15
17742,5,5,2545.5619523767386,5,3,3,11
17743,36,6,2841.5553587800287,4,4,4,12
17744,86,2,911.384521846167,2,1,1,4
17745,391,4,2532.7929163077756,1,2,3,6
17746,7,2,1357.4118831947342,5,1,1,7
17747,17,5,2315.212046877182,5,3,3,11
17748,37,6,3762.5844084852924,4,4,5,13
17749,41,4,794.8508152568882,4,2,1,7
17750,19,10,2490.000670917003,5,5,3,13
17751,49,7,3972.8429638714288,3,5,5,13
17752,84,5,2795.4324347818947,2,3,4,9
17753,105,3,2253.4711612430856,2,2,3,7
17754,30,4,2783.90065952724,4,2,4,10
17755,92,3,1897.4861240814002,2,2,2,6
17756,54,5,3304.8374254674395,3,3,4,10
17757,26,6,1871.0001267531259,4,4,2,10
17758,50,3,1944.6153621945107,3,2,2,7
17759,10,7,2947.4884841783523,5,5,4,14
17760,204,4,2159.4919299675466,1,2,3,6
17761,14,6,1478.609818660886,5,4,2,11
17762,326,1,448.29379527041823,1,1,1,3
17763,75,3,2164.0236398289585,3,2,3,8
17764,50,5,1744.501695726121,3,3,2,8
17765,9,5,2552.1495676886007,5,3,3,11
17766,63,7,3180.237574350018,3,5,4,12
17767,81,4,1839.5785061142556,2,2,2,6
17768,86,4,2845.587419971331,2,2,4,8
17769,39,5,813.0120656586521,4,3,1,8
17770,35,8,3385.06583528915,4,5,4,13
17771,11,6,4027.0576992204246,5,4,5,14
17772,58,3,2792.188300794543,3,2,4,9
17773,39,5,1800.8472321415493,4,3,2,9
17774,59,4,1340.23909959013,3,2,1,6
17775,99,6,2580.96746736049,2,4,3,9
17776,171,6,2994.3253878311953,1,4,4,9
17777,27,7,2697.868675435783,4,5,3,12
17778,21,9,4669.949986277072,4,5,5,14
17779,60,7,4744.620102058682,3,5,5,13
17780,212,2,1462.3634100394822,1,1,2,4
17783,71,6,2139.0187759241308,3,4,3,10
17784,184,2,633.9792333630196,1,1,1,3
17785,37,4,964.1392106676947,4,2,1,7
17786,252,4,1892.5507977242244,1,2,2,5
17787,249,4,1021.0872936546903,1,2,1,4
17788,30,6,3325.502499252381,4,4,4,12
17789,94,4,2213.391760816098,2,2,3,7
17790,32,5,2584.596263687741,4,3,3,10
17791,85,6,2029.6325554073967,2,4,2,8
17792,39,8,3616.4360911893887,4,5,5,14
17793,127,3,2037.025416144706,2,2,2,6
17794,91,5,2566.912163036986,2,3,3,8
17795,105,3,1884.0865150473815,2,2,2,6
17796,26,6,2689.9608032265355,4,4,3,11
17797,64,7,3214.3548402906404,3,5,4,12
17798,88,6,2572.65226973312,2,4,3,9
17799,29,7,3032.0614832347806,4,5,4,13
17800,169,3,200.3067141818648,1,2,1,4
17801,137,2,1119.3797532551246,1,1,1,3
17802,292,1,883.2064626291021,1,1,1,3
17803,2,4,1312.7556371998944,5,2,1,8
17804,22,5,1313.7622260396286,4,3,1,8
17805,175,7,4032.4858305639837,1,5,5,11
17806,23,5,2402.981334942038,4,3,3,10
17807,4,8,4683.57321966167,5,5,5,15
17808,59,8,4672.894115520168,3,5,5,13
17809,120,4,2660.936311876311,2,2,3,7
17810,188,4,2236.46951909999,1,2,3,6
17811,103,3,1962.9773255903367,2,2,2,6
17812,27,7,3341.2436014674545,4,5,4,13
17813,55,5,1582.3423423370978,3,3,2,8
17814,97,7,4491.241085240335,2,5,5,12
17815,52,5,2853.304844089343,3,3,4,10
17816,107,5,1822.6553091835278,2,3,2,7
17817,28,8,5241.8752936645915,4,5,5,14
17818,77,7,2736.7728272441964,2,5,3,10
17819,35,4,1743.5158014854646,4,2,2,8
17820,148,4,1237.3930041279605,1,2,1,4
17821,112,7,3140.2576502421625,2,5,4,11
17822,21,1,766.1718782143467,4,1,1,6
17823,3,1,344.2418970131827,5,1,1,7
17824,50,4,1877.118978953037,3,2,2,7
17825,89,6,1739.7773120532815,2,4,2,8
17826,13,7,2983.1841030451633,5,5,4,14
17827,68,5,2795.011826563973,3,3,4,10
17828,32,3,2108.064762458963,4,2,3,9
17829,26,6,3134.028475786017,4,4,4,12
17830,21,4,2691.2184787218957,4,2,3,9
17831,88,8,4289.300335104706,2,5,5,12
17832,52,4,1397.005080120541,3,2,1,6
17833,49,6,2597.7390353143132,3,4,3,10
17834,116,8,4061.2186011358763,2,5,5,12
17835,126,7,3367.0168133389243,2,5,4,11
17836,151,4,2718.1741998507537,1,2,3,6
17837,11,3,2514.3961463173227,5,2,3,10
17838,39,6,2816.1689946438664,4,4,4,12
17839,111,3,720.1676913875067,2,2,1,5
17840,59,4,2218.4866013081028,3,2,3,8
17841,156,3,904.6833902218709,1,2,1,4
17842,13,7,4708.253942360417,5,5,5,15
17843,148,5,2306.770735717848,1,3,3,7
17844,92,6,3068.551027026136,2,4,4,10
17845,320,1,957.0589317534105,1,1,1,3
17846,2,5,3912.1285908239347,5,3,5,13
17847,51,4,1408.407138932223,3,2,1,6
17848,160,5,2076.510810918913,1,3,2,6
17849,8,8,4464.2815382457175,5,5,5,15
17850,75,8,3567.206435890768,3,5,5,13
17851,49,6,2736.6378614519926,3,4,3,10
17852,46,6,2406.0529805042943,3,4,3,10
17853,33,5,2347.9108717178183,4,3,3,10
17854,197,2,1216.528887169753,1,1,1,3
17855,37,5,2460.5830222899476,4,3,3,10
17856,72,4,1672.6563781893492,3,2,2,7
17857,40,8,3910.2465615063597,4,5,5,14
17858,76,7,3167.4212252061066,3,5,4,12
17859,183,4,1097.1417554718196,1,2,1,4
17860,74,5,3340.1203152859343,3,3,4,10
17861,72,6,2760.0402765036033,3,4,4,11
17862,20,5,3678.5525769301325,4,3,5,12
17863,129,4,965.8314994634729,2,2,1,5
17864,81,3,1145.9437708618009,2,2,1,5
17865,1,5,3416.41479475554,5,3,4,12
17866,54,6,2875.5226221577022,3,4,4,11
17867,47,5,2974.1108010324033,3,3,4,10
17868,9,6,2978.6976533138904,5,4,4,13
17869,109,9,4955.077502874476,2,5,5,12
17870,99,4,1164.676822763831,2,2,1,5
17871,8,5,2082.4373033605307,5,3,2,10
17872,24,5,2510.472461962556,4,3,3,10
17873,13,8,3934.0223595466587,5,5,5,15
17874,71,3,1459.8543819065908,3,2,2,7
17875,82,8,3244.106297937496,2,5,4,11
17876,151,6,1826.362392297567,1,4,2,7
17877,65,7,2475.705876551143,3,5,3,11
17878,12,4,2536.4532973607365,5,2,3,10
17879,72,3,1469.6045885966191,3,2,2,7
17880,45,3,840.1772478267005,3,2,1,6
17881,94,4,2127.62597169455,2,2,3,7
17882,85,4,2309.1306200151184,2,2,3,7
17883,155,3,1135.9601544658597,1,2,1,4
17884,217,2,797.9142561532007,1,1,1,3
17885,1,5,2368.681416041103,5,3,3,11
17886,58,6,3730.1392938475287,3,4,5,12
17887,152,2,1401.267447757159,1,1,1,3
17888,117,5,2857.415023899426,2,3,4,9
17889,45,4,764.7086038649016,3,2,1,6
17890,5,6,3864.2441668309575,5,4,5,14
17891,3,5,2167.0678226775676,5,3,3,11
17892,14,4,2096.8562830247893,5,2,3,10
17893,16,8,4386.773427115888,5,5,5,15
17894,65,2,745.1289131473818,3,1,1,5
17895,82,4,3214.25222809547,2,2,4,8
17896,32,4,3182.476784592124,4,2,4,10
17897,9,4,2076.8716876173985,5,2,2,9
17898,18,7,5048.8736369529615,5,5,5,15
17899,7,5,2684.0665843172446,5,3,3,11
17900,267,4,1123.196831513968,1,2,1,4
17901,44,7,3303.7379106285484,3,5,4,12
17902,331,4,2379.830939148221,1,2,3,6
17903,144,7,3701.8925628931684,1,5,5,11
17904,13,4,955.2625124490619,5,2,1,8
17905,17,10,4129.856341153606,5,5,5,15
17906,18,5,2995.2139291927238,5,3,4,12
17907,4,9,3428.8921863592122,5,5,4,14
17908,111,3,2132.634243059443,2,2,3,7
17909,83,4,1888.743408748734,2,2,2,6
17910,9,5,2445.0623084271415,5,3,3,11
17911,70,3,1387.8070915394928,3,2,1,6
17912,74,5,1798.225170760125,3,3,2,8
17913,124,3,1250.4224356620439,2,2,1,5
17914,96,5,2373.913950874538,2,3,3,8
17915,75,3,1299.5866174474106,3,2,1,6
17916,50,5,3266.1751063712773,3,3,4,10
17917,1,4,1731.7975799004203,5,2,2,9
17918,322,1,82.71951685987993,1,1,1,3
17919,1,4,1589.468226051067,5,2,2,9
17920,24,3,1266.6893925462912,4,2,1,7
17921,280,2,998.9176269976384,1,1,1,3
17922,56,5,3308.7162101650433,3,3,4,10
17923,20,3,1145.1017449393144,4,2,1,7
17924,15,8,4432.024399740902,5,5,5,15
17925,25,3,1451.1375105887578,4,2,2,8
17926,61,6,3775.969229641627,3,4,5,12
17927,19,7,2675.1395142371875,5,5,3,13
17928,8,7,3137.804461586926,5,5,4,14
17929,6,12,5511.496117296998,5,5,5,15
17930,44,6,2268.414695106657,3,4,3,10
17931,30,6,1450.743647102824,4,4,2,10
17932,28,10,6203.876833300577,4,5,5,14
17933,60,1,465.90444750285263,3,1,1,5
17934,41,7,3648.931909769997,4,5,5,14
17935,245,6,3516.8048330467764,1,4,4,9
17936,93,6,3965.077430139356,2,4,5,11
17937,103,4,2087.8648947772976,2,2,3,7
17938,111,6,3462.4746907976414,2,4,4,10
17939,5,7,3959.1690465100373,5,5,5,15
17940,34,9,4837.0241027308275,4,5,5,14
17941,16,7,3049.220924366979,5,5,4,14
17942,97,4,1291.5399082810377,2,2,1,5
17943,91,3,2189.3824802163354,2,2,3,7
17944,57,6,1872.7903364836113,3,4,2,9
17945,149,3,1699.4625621919154,1,2,2,5
17946,120,6,2478.234393290212,2,4,3,9
17947,119,4,3179.7976578816724,2,2,4,8
17948,81,2,1326.620243149946,2,1,1,4
17949,27,4,2727.858380369905,4,2,3,9
17950,5,1,624.805412768128,5,1,1,7
17951,104,3,1937.7617650327834,2,2,2,6
17952,9,12,6619.175520530619,5,5,5,15
17953,54,6,2525.678178039396,3,4,3,10
17954,6,5,1747.4866051867464,5,3,2,10
17955,154,6,2079.20771700274,1,4,2,7
17956,123,5,2097.1062758765456,2,3,3,8
17957,5,7,3361.848384512425,5,5,4,14
17958,14,5,2271.2232799427998,5,3,3,11
17959,2,6,3481.199814585659,5,4,4,13
17960,133,8,3024.1841964975215,2,5,4,11
17961,34,5,739.7809406925653,4,3,1,8
17962,17,7,4357.558038255481,5,5,5,15
17963,7,7,3161.4818272367143,5,5,4,14
17964,22,4,2570.0877981018893,4,3,3,10
17965,372,2,130.81892402511758,1,1,1,3
17966,1,6,1765.981475797944,5,4,2,11
17967,207,3,1997.3795098874368,1,2,2,5
17968,1,8,3823.1512474539472,5,5,5,15
17969,33,5,2199.273065982305,4,3,3,10
17970,7,4,2720.5386211772957,5,3,3,11
17971,10,8,4236.2378553052795,5,5,5,15
17972,8,5,1851.4557712914968,5,3,2,10
17973,15,7,2990.184218799844,5,5,4,14
17974,30,11,6108.475596242971,4,5,5,14
17975,217,3,1566.6961885933601,1,2,2,5
17976,67,6,4011.9449627591157,3,4,5,12
17977,76,3,2250.3395974622954,3,2,3,8
17978,99,5,1385.4849081052848,2,3,1,6
17979,3,5,3151.643079321149,5,3,4,12
17980,93,8,4828.985436932189,2,5,5,12
17981,81,8,4375.813889243318,2,5,5,12
17982,105,5,2905.9931316044886,2,3,4,9
17983,16,6,1901.3788879075169,5,4,2,11
17984,53,7,2840.9398678528014,3,5,4,12
17985,30,3,1201.5111073644753,4,2,1,7
17986,19,5,2489.6553673926437,5,3,3,11
17987,17,5,2892.3259779650953,5,3,4,12
17988,57,6,3110.2029936010485,3,4,4,11
17989,21,6,4823.8449903994915,4,4,5,13
17990,336,5,2483.689251308244,1,3,3,7
17991,49,5,2432.93101068381,3,3,3,9
17992,270,2,1495.9099534845564,1,1,2,4
17993,35,5,3782.9292359973065,4,3,5,12
17994,5,6,2997.4212904125416,5,4,4,13
17995,96,6,3042.987525709021,2,4,4,10
17996,27,3,1749.6650583618336,4,2,2,8
17997,156,8,4030.845587082604,1,5,5,11
17998,20,5,3184.1505433432535,4,3,4,11
17999,264,2,1546.1783837612954,1,1,2,4
18000,121,4,1441.7134710469354,2,3,2,7
18001,75,7,3219.1548318096447,3,5,4,12
18002,66,6,2379.7755399272455,3,4,3,10
18003,52,8,4074.48265714572,3,5,5,13
18004,1,8,3156.6898636478113,5,5,4,14
18005,74,4,1590.4906133566633,3,3,2,8
18006,79,3,1273.7881950859385,2,2,1,5
18007,33,3,1867.2338434524795,4,2,2,8
18008,105,6,3091.903553455377,2,4,4,10
18009,68,4,1534.427002135576,3,3,2,8
18010,8,7,2945.969050503491,5,5,4,14
18011,122,5,2271.965678626852,2,3,3,8
18012,57,6,3424.420668899673,3,4,4,11
18013,30,6,3574.06063056127,4,4,5,13
18014,167,3,2295.807213808811,1,2,3,6
18015,22,9,5031.015379156821,4,5,5,14
18016,74,6,2402.2853050973386,3,4,3,10
18017,13,5,2768.0605466605184,5,3,4,12
18018,10,10,4725.121775918696,5,5,5,15
18019,64,4,2004.910970028288,3,3,2,8
18020,93,4,2694.7861355276523,2,3,3,8
18021,175,1,968.5642045444339,1,1,1,3
18022,28,9,4576.07636846559,4,5,5,14
18023,33,6,2735.425586173594,4,4,3,11
18024,17,4,2258.6317733649416,5,3,3,11
18025,110,5,3506.663990379848,2,3,4,9
18026,25,3,1203.5734655962701,4,2,1,7
18027,18,7,4060.158796843587,5,5,5,15
18028,5,5,2613.2510014820323,5,3,3,11
18029,39,2,1496.0554914616787,4,1,2,7
18030,233,2,59.878006926938724,1,1,1,3
18031,95,4,2774.627680443822,2,3,4,9
18032,34,7,3449.4893204699915,4,5,4,13
18033,50,7,4214.627304762997,3,5,5,13
18034,10,5,2381.5798015929913,5,3,3,11
18035,412,1,888.5171311934862,1,1,1,3
18036,85,4,1557.694462496509,2,3,2,7
18037,81,2,957.7439467769709,2,1,1,4
18038,233,2,1247.2400708071527,1,1,1,3
18039,253,4,2631.0051941115953,1,3,3,7
18040,73,3,1588.6923965918977,3,2,2,7
18041,7,2,783.339761966663,5,1,1,7
18042,162,5,1627.5042790676503,1,3,2,6
18043,327,2,1291.9478281432848,1,1,1,3
18044,49,4,1465.2269298363876,3,3,2,8
18045,27,7,4566.444005657575,4,5,5,14
18046,11,3,1037.6365003459105,5,2,1,8
18047,57,8,3675.872841641349,3,5,5,13
18048,43,6,1936.1437593956657,4,4,2,10
18049,78,11,6090.291285642563,2,5,5,12
18050,49,3,2262.8903521003567,3,2,3,8
18051,26,7,4183.229086150926,4,5,5,14
18052,12,6,2854.595913783066,5,4,4,13
18053,3,9,3537.2982954309095,5,5,4,14
18054,43,6,2534.209215379725,4,4,3,11
18055,33,4,2157.920786457086,4,3,3,10
18056,62,5,1921.167415105088,3,3,2,8
18057,114,8,3005.632209690017,2,5,4,11
18058,343,1,956.3866098933439,1,1,1,3
18059,152,7,2104.570409678301,1,5,3,9
18060,222,4,1691.741923303189,1,3,2,6
18061,36,5,2160.3898751556544,4,3,3,10
18062,75,5,3480.9420967360284,3,3,4,10
18063,105,5,2780.4314328554838,2,3,4,9
18064,167,2,944.8805061797048,1,1,1,3
18065,6,6,2466.7386025015426,5,4,3,12
18066,18,5,3416.997719536881,5,3,4,12
18067,55,6,1792.3643299218647,3,4,2,9
18068,11,9,4424.604787928154,5,5,5,15
18069,19,2,653.9536831559706,5,1,1,7
18070,15,5,3675.4316734631957,5,3,5,13
18071,27,7,3389.9290075679155,4,5,4,13
18072,26,6,1786.7752520055465,4,4,2,10
18073,36,3,1436.9195098924868,4,2,2,8
18074,102,5,2979.708684753744,2,3,4,9
18075,80,4,2697.0920082304647,2,3,3,8
18076,116,9,3720.977090695,2,5,5,12
18077,68,2,1269.547409804526,3,1,1,5
18078,198,5,2791.3744008704225,1,3,4,8
18079,171,8,3773.5115208685697,1,5,5,11
18080,8,8,2536.3109307130644,5,5,3,13
18081,130,8,3966.2140472480246,2,5,5,12
18082,121,4,1859.5976135797048,2,3,2,7
18083,61,5,2699.2473788468997,3,3,3,9
18084,48,6,3309.0457389430135,3,4,4,11
18085,71,4,2572.256449832175,3,3,3,9
18086,232,3,1824.469468283236,1,2,2,5
18087,90,5,2630.901087984686,2,3,3,8
18088,60,4,2462.7424148551945,3,3,3,9
18089,20,5,1601.1107022189751,4,3,2,9
18090,58,8,4742.225995303301,3,5,5,13
18091,15,4,2109.585852496908,5,3,3,11
18092,148,4,2654.158487762321,1,3,3,7
18093,104,6,2551.89791360665,2,4,3,9
18094,146,4,3264.9012059924758,1,3,4,8
18095,64,2,1797.6053161472373,3,1,2,6
18096,33,10,4973.872721374575,4,5,5,14
18097,54,8,4806.806131824692,3,5,5,13
18098,38,5,2984.4433882461044,4,3,4,11
18099,183,2,1266.9038351137694,1,1,1,3
18100,169,2,1369.5764220217113,1,1,1,3
18101,30,4,1217.5459052880199,4,3,1,8
18102,99,4,2287.425312752158,2,3,3,8
18103,17,12,4157.291677706081,5,5,5,15
18104,35,5,2265.2014377930877,4,3,3,10
18105,85,6,2358.343137395666,2,4,3,9
18106,42,8,5559.811803536492,4,5,5,14
18107,142,6,3310.0916202806357,1,4,4,9
18108,163,10,5433.931432023882,1,5,5,11
18109,36,5,2135.3736907702696,4,3,3,10
18110,26,2,1237.0142175470114,4,1,1,6
18111,145,3,1748.7279471818456,1,2,2,5
18112,137,6,1390.6295146284215,1,4,1,6
18113,44,8,3394.2606016585464,3,5,4,12
18114,77,5,2603.5330272058072,2,3,3,8
18115,111,6,3324.4063403793657,2,4,4,10
18116,23,3,1257.7125445580155,4,2,1,7
18117,2,6,3948.568868077344,5,4,5,14
18118,4,3,1948.130959238069,5,2,2,9
18119,18,5,2077.433348805124,5,3,2,10
18120,247,5,2758.11853648322,1,3,4,8
18121,59,12,6572.135072887824,3,5,5,13
18122,46,4,1446.9827736784803,3,3,2,8
18123,33,5,2256.351677341954,4,3,3,10
18124,138,6,2205.737227665652,1,4,3,8
18125,3,3,1871.2261680607128,5,2,2,9
18126,28,10,3327.6388465391433,4,5,4,13
18127,12,7,2922.23105756765,5,5,4,14
18128,61,6,3564.1356026954572,3,4,5,12
18129,31,6,3444.8580363770725,4,4,4,12
18130,12,5,2762.788251821933,5,3,4,12
18131,2,5,2380.3381320942794,5,3,3,11
18132,12,6,3124.3552536944603,5,4,4,13
18133,213,5,2895.080578011296,1,3,4,8
18134,14,5,2628.0506417493502,5,3,3,11
18135,88,7,3496.244375339171,2,5,4,11
18136,96,5,2429.268788189783,2,3,3,8
18137,35,2,1073.1368438877312,4,1,1,6
18138,114,4,2633.655176345276,2,3,3,8
18139,76,4,2561.9737184491164,3,3,3,9
18140,51,4,2708.3764978492554,3,3,3,9
18141,152,3,1647.591578321519,1,2,2,5
18142,61,8,3955.222929491355,3,5,5,13
18143,7,10,4148.052307024992,5,5,5,15
18144,52,8,4115.961257927438,3,5,5,13
18145,305,2,1751.9843618142336,1,1,2,4
18146,47,3,1967.693545320032,3,2,2,7
18147,108,7,2630.8547934617354,2,5,3,10
18148,126,2,907.7839565401337,2,1,1,4
18149,61,10,3660.1531699193465,3,5,5,13
18150,162,4,2361.6834488523214,1,3,3,7
18151,69,3,1628.4232962907927,3,2,2,7
18152,8,7,1266.962450556891,5,5,1,11
18153,39,9,5366.9650631332515,4,5,5,14
18154,128,3,2236.9157557992185,2,2,3,7
18155,161,6,1899.1539994656987,1,4,2,7
18156,5,5,1972.5753041087523,5,3,2,10
18157,88,2,809.1510435068631,2,1,1,4
18158,5,4,1167.5641427870346,5,3,1,9
18159,64,1,458.4932601391121,3,1,1,5
18160,18,5,2153.2114941391083,5,3,3,11
18161,95,8,3228.0355806722537,2,5,4,11
18163,32,11,5873.04967226567,4,5,5,14
18164,30,6,3839.6591743170447,4,4,5,13
18165,81,4,2421.5122050583877,2,3,3,8
18166,105,3,1126.0832451230897,2,2,1,5
18167,75,4,1998.159088875076,3,3,2,8
18168,57,8,4015.677415773259,3,5,5,13
18169,12,9,4672.1672240282705,5,5,5,15
18170,49,6,3222.5636595813335,3,4,4,11
18171,16,1,150.32305008050946,5,1,1,7
18172,307,1,272.27943541254115,1,1,1,3
18173,124,7,4211.875943478308,2,5,5,12
18174,85,6,3361.225112696944,2,4,4,10
18175,50,6,2748.2919480884716,3,4,4,11
18176,31,9,4387.952203710154,4,5,5,14
18177,200,4,2120.1912254956096,1,3,3,7
18178,119,4,2898.7541108749965,2,3,4,9
18179,18,1,856.6913281237122,5,1,1,7
18180,112,5,2468.163444803015,2,3,3,8
18181,83,5,2373.8352594560974,2,3,3,8
18182,22,8,5284.269900110297,4,5,5,14
18183,9,4,2179.0861730945126,5,3,3,11
18184,79,4,2793.6288471986654,2,3,4,9
18185,2,6,4564.56089060101,5,4,5,14
18186,26,6,3176.6766993648926,4,4,4,12
18187,12,10,5232.32431320866,5,5,5,15
18188,10,9,4075.659556213858,5,5,5,15
18190,102,4,2783.101161479896,2,3,4,9
18191,87,6,2944.323660338181,2,4,4,10
18192,127,6,2336.0491304193947,2,4,3,9
18193,193,6,2956.1896022778647,1,4,4,9
18195,114,3,1385.534156615849,2,2,1,5
18196,42,4,2143.1120345836825,4,3,3,10
18197,409,1,390.98345442816634,1,1,1,3
18198,124,2,1286.1124491860396,2,1,1,4
18199,200,4,1834.7937542082232,1,3,2,6
18200,61,10,5015.591842192744,3,5,5,13
18201,35,4,1763.8725867562212,4,3,2,9
18202,8,7,3650.975100163218,5,5,5,15
18203,164,4,2314.971040294424,1,3,3,7
18204,64,8,4051.0237122949497,3,5,5,13
18205,226,4,1565.031437542459,1,3,2,6
18206,155,4,2536.2547054068987,1,3,3,7
18207,411,1,988.0522872803456,1,1,1,3
18208,29,9,2747.2019037853015,4,5,4,13
18209,44,6,4019.5080543556132,3,4,5,12
18210,84,5,2986.8612196123563,2,3,4,9
18211,25,8,4763.313494650544,4,5,5,14
18212,116,1,554.2243649669925,2,1,1,4
18213,20,7,3145.9112560743733,4,5,4,13
18214,111,5,2442.0278459600977,2,3,3,8
18215,36,4,2195.8608607944043,4,3,3,10
18216,63,7,2374.403797739562,3,5,3,11
18217,120,5,2476.98597762346,2,3,3,8
18218,61,6,3681.8178291897193,3,4,5,12
18219,19,3,2462.5214236299844,5,2,3,10
18220,59,9,4934.575738220756,3,5,5,13
18221,66,6,2095.340069012437,3,4,3,10
18222,44,8,4404.001669375707,3,5,5,13
18223,117,3,1314.3013392306011,2,2,1,5
18224,10,3,2344.7045897612975,5,2,3,10
18225,22,3,2250.460841157925,4,2,3,9
18226,384,1,412.154060277276,1,1,1,3
18227,8,7,3515.312200351408,5,5,4,14
18228,25,4,2480.565579544844,4,3,3,10
18229,18,2,399.1673803701254,5,1,1,7
18230,49,2,1062.0064254856936,3,1,1,5
18231,152,3,1528.7627223565132,1,2,2,5
18232,217,2,786.1344154367073,1,1,1,3
18233,108,6,2932.7444802453733,2,4,4,10
18234,18,5,2473.4712477177245,5,3,3,11
18235,54,6,2580.5436119621886,3,4,3,10
18236,163,4,1206.569901676868,1,3,1,5
18237,168,3,2357.187790155416,1,2,3,6
18238,181,2,1798.0126768710888,1,1,2,4
18239,19,4,2529.192562092881,5,3,3,11
18240,237,4,1497.8018352874283,1,3,2,6
18241,47,5,3686.029026629541,3,3,5,11
18243,95,4,1668.6670646291388,2,3,2,7
18244,48,6,3908.4502908807435,3,4,5,12
18245,34,4,1653.249458450449,4,3,2,9
18246,56,3,1197.7718551458076,3,2,1,6
18247,74,5,2629.4415281828897,3,3,3,9
18248,190,1,811.6583873952831,1,1,1,3
18249,12,2,1089.3891109931753,5,1,1,7
18250,65,3,897.4785682030952,3,2,1,6
18251,44,9,4808.360972873591,3,5,5,13
18252,264,2,1319.6396441098277,1,1,1,3
18253,9,4,2807.2150437663813,5,3,4,12
18254,166,4,1728.7118369912403,1,3,2,6
18255,35,4,2976.6738043357755,4,3,4,11
18256,90,2,1176.1600863079686,2,1,1,4
18257,48,2,781.1043706529349,3,1,1,5
18258,49,6,5298.954343354015,3,4,5,12
18259,174,7,2881.6424525630405,1,5,4,10
18260,18,6,2918.393254550554,5,4,4,13
18261,87,5,2313.3069577256274,2,3,3,8
18262,37,4,1091.0271941027404,4,3,1,8
18263,16,10,4013.267751214919,5,5,5,15
18264,23,7,2301.8358316339563,4,5,3,12
18265,125,7,2864.8597156430933,2,5,4,11
18266,246,4,1656.694952339839,1,3,2,6
18267,16,4,2089.1480753383953,5,3,3,11
18268,76,3,2532.1872738276315,3,2,3,8
18269,31,7,2709.3265226787194,4,5,3,12
18270,67,4,2308.65046516001,3,3,3,9
18271,294,2,1004.9466194857355,1,1,1,3
18272,24,4,2384.5006147472077,4,3,3,10
18273,51,5,1746.6923609616276,3,3,2,8
18274,30,9,3273.057528916536,4,5,4,13
18275,112,3,1649.6061285912235,2,2,2,6
18276,149,7,2392.793385150909,1,5,3,9
18277,3,10,5628.310540826609,5,5,5,15
18278,35,5,3428.991219851261,4,3,4,11
18279,372,3,1527.5551860132655,1,2,2,5
18281,39,3,975.8073841452598,4,2,1,7
18282,70,5,2116.4967520961936,3,3,3,9
18283,116,3,1683.060100345349,2,2,2,6
18284,103,11,4524.369066742413,2,5,5,12
18285,198,4,1577.5621786458287,1,3,2,6
18286,293,1,611.0711629270149,1,1,1,3
18287,66,1,616.8678385943434,3,1,1,5
18288,104,5,2817.0838145183634,2,3,4,9
18289,132,2,873.2624387339605,2,1,1,4
18290,172,5,2537.751914834307,1,3,3,7
18291,53,4,1677.8924173635974,3,3,2,8
18292,20,5,2572.2490587464285,4,3,3,10
18293,144,4,1420.040715332748,1,3,2,6
18294,3,3,1944.620659852905,5,2,2,9
18295,60,8,4053.728943955058,3,5,5,13
18296,47,3,301.20075246680403,3,2,1,6
18297,2,5,2089.5621383635926,5,3,3,11
18298,72,4,3161.1282873238033,3,3,4,10
18299,40,10,6094.035425559247,4,5,5,14
18300,21,4,2102.466977739442,4,3,3,10
18301,171,2,1353.8427943261347,1,1,1,3
18302,92,11,7610.674284569168,2,5,5,12
18303,26,11,4711.654207491243,4,5,5,14
18304,44,7,2616.1000412192197,3,5,3,11
18305,39,3,2137.4528916926083,4,2,3,9
18306,39,5,2334.0943074878733,4,3,3,10
18307,52,6,2868.570607919659,3,4,4,11
18308,40,7,4030.3637567231135,4,5,5,14
18309,4,8,3959.545671290784,5,5,5,15
18310,106,3,1730.8887120188742,2,2,2,6
18311,289,6,2723.177356346177,1,4,3,8
18312,190,2,1419.3974904450836,1,1,2,4
18313,5,10,5078.4505132624,5,5,5,15
18314,291,4,1875.8701170018712,1,3,2,6
18315,111,3,1559.2968982597656,2,2,2,6
18316,301,3,1186.7885849414636,1,2,1,4
18317,15,5,1261.0534419393143,5,3,1,9
18318,275,1,128.06089904482508,1,1,1,3
18319,159,3,2532.5112314319335,1,2,3,6
18320,47,5,3283.034561177638,3,3,4,10
18321,12,7,3500.303347468771,5,5,4,14
18322,104,3,2675.044654054573,2,2,3,7
18323,342,2,804.8728285603247,1,1,1,3
18324,9,4,2496.582262368481,5,3,3,11
18325,170,4,1294.0777951200514,1,3,1,5
18326,4,9,4997.135426300207,5,5,5,15
18327,202,3,2051.202675344637,1,2,2,5
18328,120,6,3183.081639477331,2,4,4,10
18329,62,5,1499.2582545726855,3,3,2,8
18330,277,3,2255.898537568104,1,2,3,6
18331,4,12,4811.763629928173,5,5,5,15
18332,3,5,3335.323434210908,5,3,4,12
18333,351,1,553.1362727342851,1,1,1,3
18334,41,6,3852.7017077303935,4,4,5,13
18335,98,5,2627.326013674417,2,3,3,8
18336,48,4,1949.8773130434793,3,3,2,8
18337,75,4,2658.307600107909,3,3,3,9
18338,174,4,1801.795528807484,1,3,2,6
18339,92,5,1696.2350905683668,2,3,2,7
18340,168,5,2531.4248931395477,1,3,3,7
18341,182,6,2124.385313446803,1,4,3,8
18342,82,2,502.6493374257783,2,1,1,4
18343,80,6,2147.669768136123,2,4,3,9
18344,36,7,2541.3453641865376,4,5,3,12
18345,71,2,277.38345752496457,3,1,1,5
18346,8,7,3777.8686570582477,5,5,5,15
18347,13,5,1563.8500796863625,5,3,2,10
18348,41,5,3139.0772669890753,4,3,4,11
18349,30,3,2299.2863808869984,4,2,3,9
18350,102,3,1274.8759451529377,2,2,1,5
18351,112,2,741.53268323111,2,1,1,4
18352,88,3,1600.2348886147636,2,2,2,6
18353,63,7,3105.3150663942433,3,5,4,12
18354,49,10,4156.503191431812,3,5,5,13
18355,33,3,2045.657872415803,4,2,2,8
18356,109,3,1646.2215769082677,2,2,2,6
18357,67,5,2770.3000011495756,3,3,4,10
18358,134,4,1948.796849873977,1,3,2,6
18359,18,2,418.68327513607454,5,1,1,7
18360,19,6,3925.7341432067706,5,4,5,14
18361,16,7,3312.512157504865,5,5,4,14
18362,11,2,819.9935412673238,5,1,1,7
18363,39,4,1003.024929543022,4,3,1,8
18364,40,3,288.4524283624652,4,2,1,7
18365,283,1,949.290597092578,1,1,1,3
18366,38,4,1712.8604432639224,4,3,2,9
18367,66,5,3142.153428106222,3,3,4,10
18368,32,5,2367.4363391600054,4,3,3,10
18369,16,6,2248.326055931243,5,4,3,12
18370,217,3,1780.6984120538914,1,2,2,5
18371,122,5,2222.673982275745,2,3,3,8
18372,94,4,1223.1080867256835,2,3,1,6
18373,135,3,1907.7594262935531,1,2,2,5
18374,150,3,686.8141337046536,1,2,1,4
18375,247,2,702.952875216175,1,1,1,3
18376,212,3,1320.8629047135807,1,2,1,4
18377,4,7,3014.6918953193735,5,5,4,14
18378,79,7,2963.733845221276,2,5,4,11
18379,136,9,6259.7956279659165,1,5,5,11
18380,199,6,2703.7095457945893,1,4,3,8
18381,106,5,3138.1388138920274,2,3,4,9
18382,135,4,668.1851367810777,1,3,1,5
18383,44,8,3086.026820950172,3,5,4,12
18384,19,2,1315.1278594261867,5,1,1,7
18385,27,4,2574.675200669195,4,3,3,10
18386,141,2,993.6308565260489,1,1,1,3
18387,23,4,3227.3975992681912,4,3,4,11
18388,73,6,2740.4029447264797,3,4,3,10
18389,109,5,1186.5790973323585,2,3,1,6
18390,49,7,2281.700580217358,3,5,3,11
18391,251,3,1016.7447994851937,1,2,1,4
18392,85,5,2898.302396927611,2,3,4,9
18393,11,6,2824.824473686031,5,4,4,13
18394,55,3,2061.520134972766,3,2,2,7
18395,73,1,25.413696364910308,3,1,1,5
18396,91,3,1320.8464192827437,2,2,1,5
18397,22,8,3272.272680226406,4,5,4,13
18398,33,3,1883.2940114369098,4,2,2,8
18399,210,3,302.1373501737867,1,2,1,4
18400,27,5,1796.8061823757298,4,3,2,9
18401,39,4,1596.9035576420886,4,3,2,9
18402,127,6,3166.2797486715644,2,4,4,10
18403,1,6,1525.023546830566,5,4,2,11
18404,22,4,1766.0678823046594,4,3,2,9
18405,69,2,839.2418677540014,3,1,1,5
18406,53,5,2232.350770159567,3,3,3,9
18407,93,5,1772.690880309449,2,3,2,7
18408,23,5,2892.5052242939505,4,3,4,11
18409,54,7,3440.590023288631,3,5,4,12
18410,112,2,1250.5481701297745,2,1,1,4
18411,30,4,3058.912014800821,4,3,4,11
18412,26,9,5767.209512458973,4,5,5,14
18413,18,11,3802.09484814519,5,5,5,15
18414,228,2,260.2185749684318,1,1,1,3
18415,39,7,2634.6444063710524,4,5,3,12
18416,366,2,1526.617474901262,1,1,2,4
18417,143,3,2542.986556557358,1,2,3,6
18418,156,7,3074.340406300541,1,5,4,10
18419,17,9,4587.574985502362,5,5,5,15
18420,13,4,2177.93334122731,5,3,3,11
18421,46,3,1413.7718135480536,3,2,1,6
18422,13,8,4958.631270464858,5,5,5,15
18423,24,7,2183.7370573275884,4,5,3,12
18424,73,4,1375.3766477396762,3,3,1,7
18425,21,3,1725.4233040015536,4,2,2,8
18426,53,5,2873.33415904479,3,3,4,10
18427,370,1,659.0077098887263,1,1,1,3
18428,143,4,1675.551137737998,1,3,2,6
18429,4,7,3368.089255403471,5,5,4,14
18430,152,4,1759.0836093562975,1,3,2,6
18431,151,5,1841.3864227880097,1,3,2,6
18432,87,9,4058.4764804593187,2,5,5,12
18433,38,9,5520.856823475183,4,5,5,14
18434,15,7,3247.316226014849,5,5,4,14
18435,52,4,1798.975481295103,3,3,2,8
18436,61,6,4418.656310474339,3,4,5,12
18437,269,3,1752.1544711664137,1,2,2,5
18438,187,6,4084.4579195782185,1,4,5,10
18439,156,7,3780.4472846510557,1,5,5,11
18440,10,3,1272.963915583611,5,2,1,8
18441,144,3,829.4045357399586,1,2,1,4
18442,80,6,3158.7751179718034,2,4,4,10
18443,64,4,1964.361432298653,3,3,2,8
18444,65,3,1854.19766177466,3,2,2,7
18445,57,6,2247.9869357041516,3,4,3,10
18446,18,7,2441.7695382486936,5,5,3,13
18447,4,7,3086.4153621892947,5,5,4,14
18448,35,8,4442.124892909274,4,5,5,14
18449,17,8,5299.549066165151,5,5,5,15
18450,121,4,1333.0363864399737,2,3,1,6
18451,43,5,1160.5124961481433,4,3,1,8
18452,33,3,1271.4712566429334,4,2,1,7
18453,15,4,2016.7355412090028,5,3,2,10
18454,20,7,2477.854449534372,4,5,3,12
18455,85,4,1001.1888598384339,2,3,1,6
18456,15,6,2993.332688739407,5,4,4,13
18457,55,7,4769.4129205415775,3,5,5,13
18458,43,9,4001.1215167984255,4,5,5,14
18459,160,3,1202.1311416258563,1,2,1,4
18460,91,5,2140.1282511707286,2,3,3,8
18461,36,4,2110.6181894433216,4,3,3,10
18462,6,8,4077.7737418172273,5,5,5,15
18463,30,10,4046.8393599324295,4,5,5,14
18464,172,4,815.7609498905982,1,3,1,5
18465,2,6,2194.292136677634,5,4,3,12
18466,145,5,2234.2032241615716,1,3,3,7
18467,55,2,1272.398725543942,3,1,1,5
18468,47,4,2000.3981852444426,3,3,2,8
18469,59,4,1808.9658218445784,3,3,2,8
18470,54,8,4671.045052817447,3,5,5,13
18471,148,2,1326.9920840787408,1,1,1,3
18472,27,8,4207.611483414162,4,5,5,14
18473,340,3,1378.320796722886,1,2,1,4
18474,24,1,429.7882269517895,4,1,1,6
18475,5,3,977.8096310498353,5,2,1,8
18476,102,7,5641.4000653231415,2,5,5,12
18477,50,5,2460.027278642342,3,3,3,9
18478,214,3,933.8902982970405,1,2,1,4
18479,52,2,1331.9804579000638,3,1,1,5
18480,85,6,3451.0674641251667,2,4,4,10
18481,43,3,1343.9106810719713,4,2,1,7
18482,55,4,2049.2937863032157,3,3,2,8
18483,26,7,1868.3838173228876,4,5,2,11
18484,28,3,1498.7579055471638,4,2,2,8
18485,33,7,4130.332016362849,4,5,5,14
18486,55,5,1694.1748623251854,3,3,2,8
18487,124,2,1392.0416081620817,2,1,1,4
18488,96,5,3672.2722775851717,2,3,5,10
18489,50,4,1744.12397478798,3,3,2,8
18490,197,1,991.3391583935023,1,1,1,3
18491,23,5,2560.296843325891,4,3,3,10
18492,85,6,3140.7695715981795,2,4,4,10
18494,15,9,5735.644328808724,5,5,5,15
18495,88,3,1038.092238113458,2,2,1,5
18496,139,8,4083.9055239510462,1,5,5,11
18497,66,3,723.5242369291536,3,2,1,6
18498,48,8,4145.798255451232,3,5,5,13
18499,7,8,3795.3599824348435,5,5,5,15
18500,49,6,2758.861253584247,3,4,4,11
18501,208,2,681.6335477502621,1,1,1,3
18502,151,4,1935.6776604512525,1,3,2,6
18503,3,5,1782.4111233231486,5,3,2,10
18504,12,8,4023.2670041869033,5,5,5,15
18505,127,2,644.1902648757925,2,1,1,4
18506,81,8,3889.318206411604,2,5,5,12
18507,1,3,804.4909570055515,5,2,1,8
18508,90,4,2166.7145887348656,2,3,3,8
18509,252,5,2292.8228702621445,1,3,3,7
18510,76,8,4386.971829757806,3,5,5,13
18511,152,2,1158.7173046934474,1,1,1,3
18512,27,6,3877.0166599779413,4,4,5,13
18513,179,5,1596.518957280856,1,3,2,6
18514,66,5,2286.6061498794465,3,3,3,9
18515,15,2,1095.1408156564955,5,1,1,7
18516,65,3,1806.479182300025,3,2,2,7
18517,34,7,3191.3750309555353,4,5,4,13
18519,54,5,1564.3968045397355,3,3,2,8
18520,64,6,3438.437459112525,3,4,4,11
18521,44,4,1562.1968276399036,3,3,2,8
18522,87,4,1839.4128930624995,2,3,2,7
18523,61,2,995.1555542601043,3,1,1,5
18524,1,4,1088.2662118978544,5,3,1,9
18525,50,11,4381.655528569989,3,5,5,13
18526,83,2,445.29544543542926,2,1,1,4
18527,71,6,2338.7850362119366,3,4,3,10
18528,80,9,6109.407352997656,2,5,5,12
18529,31,2,1530.017055826733,4,1,2,7
18530,116,3,909.4786779968496,2,2,1,5
18531,39,6,2083.986129380204,4,4,2,10
18532,197,2,1673.8619905810642,1,1,2,4
18533,20,9,3660.6948683745923,4,5,5,14
18534,44,7,5068.042124500515,3,5,5,13
18535,80,9,4579.500649096337,2,5,5,12
18536,59,6,3302.0006213473507,3,4,4,11
18537,23,6,3826.325409995289,4,4,5,13
18538,94,3,1860.943409239157,2,2,2,6
18539,261,2,767.6210472730345,1,1,1,3
18540,66,5,1463.936259555017,3,3,2,8
18541,54,5,2869.3395790927457,3,3,4,10
18542,36,6,2935.1569669073597,4,4,4,12
18543,146,3,1307.860212211484,1,2,1,4
18544,220,5,1456.633160471092,1,3,2,6
18545,127,5,4183.816013193997,2,3,5,10
18546,87,7,4565.053366896229,2,5,5,12
18547,6,4,1523.1830409001132,5,3,2,10
18548,21,6,4032.6247304358267,4,4,5,13
18549,18,4,3242.372319382396,5,3,4,12
18550,34,5,1958.1752294318808,4,3,2,9
18551,198,3,768.6249465827908,1,2,1,4
18552,112,9,4274.476353213486,2,5,5,12
18553,50,6,3606.8095251655704,3,4,5,12
18554,48,7,2285.0134023414184,3,5,3,11
18555,309,4,2093.3721164599824,1,3,3,7
18556,4,7,3568.889001597402,5,5,5,15
18557,59,7,3354.80107783103,3,5,4,12
18558,266,3,1869.2944873884503,1,2,2,5
18559,56,7,2688.7076636838115,3,5,3,11
18560,3,4,2959.551359920484,5,3,4,12
18561,18,8,3856.913751119084,5,5,5,15
18562,179,6,2769.9462953314783,1,4,4,9
18563,60,7,3367.148418051086,3,5,4,12
18564,217,2,893.9595764741617,1,1,1,3
18565,95,4,1646.144735103809,2,3,2,7
18566,68,3,673.8314909140735,3,2,1,6
18567,31,7,2629.543180197656,4,5,3,12
18568,8,8,3684.175626164063,5,5,5,15
18569,101,3,2092.8779662826923,2,2,3,7
18570,50,4,2836.5485603066863,3,3,4,10
18571,251,1,65.6859713442406,1,1,1,3
18572,57,4,2299.3697531374683,3,3,3,9
18573,5,9,4690.495093405836,5,5,5,15
18574,69,4,1064.7358054061956,3,3,1,7
18575,3,3,2134.1219656484996,5,2,3,10
18576,34,6,2956.83459622314,4,4,4,12
18577,80,2,1262.6478993655844,2,1,1,4
18578,17,5,1721.6024538907957,5,3,2,10
18579,21,5,1587.6980897195053,4,3,2,9
18580,42,5,2016.8149928677756,4,3,2,9
18581,5,6,3182.4761018899553,5,4,4,13
18582,192,4,2499.0721327359547,1,3,3,7
18583,18,4,1637.4670734287176,5,3,2,10
18584,25,8,4579.210170052265,4,5,5,14
18585,10,6,2092.0760098223586,5,4,3,12
18586,6,6,2405.7038793799097,5,4,3,12
18587,14,6,3335.4758505580435,5,4,4,13
18588,112,5,2109.7588619492826,2,3,3,8
18589,34,4,2211.536254764457,4,3,3,10
18590,131,1,606.190389505951,2,1,1,4
18591,54,5,2277.7704132617105,3,3,3,9
18592,72,5,3275.8391194770443,3,3,4,10
18593,54,8,2897.077932295775,3,5,4,12
18594,45,4,1665.001388134792,3,3,2,8
18595,210,6,3277.493713522231,1,4,4,9
18596,10,4,1784.1801802641335,5,3,2,10
18597,35,2,1954.6892278622213,4,1,2,7
18598,161,3,2205.3753758604867,1,2,3,6
18599,73,4,2748.2668932713837,3,3,4,10
18600,69,5,3068.0039138400584,3,3,4,10
18601,90,5,2682.068453894409,2,3,3,8
18602,67,6,3611.2707153385236,3,4,5,12
18603,184,3,1243.366344579139,1,2,1,4
18604,7,4,1788.787554577934,5,3,2,10
18605,71,4,1283.2510346047516,3,3,1,7
18606,61,5,3619.4866712944204,3,3,5,11
18607,1,3,1815.8640016583677,5,2,2,9
18608,203,3,965.767499493086,1,2,1,4
18609,16,8,4285.6817984187055,5,5,5,15
18610,85,6,1656.906903515178,2,4,2,8
18611,61,1,958.5330755138939,3,1,1,5
18612,14,8,3710.367102654534,5,5,5,15
18613,7,7,4041.222864432506,5,5,5,15
18614,45,3,1510.1104130933809,3,2,2,7
18615,114,7,3439.834517224475,2,5,4,11
18616,219,3,1408.2353776821346,1,2,1,4
18617,28,8,3828.859616471782,4,5,5,14
18618,38,2,992.6593526122967,4,1,1,6
18619,110,1,855.4573457534109,2,1,1,4
18620,12,7,3298.3753045451426,5,5,4,14
18621,10,4,1810.7393503034791,5,3,2,10
18622,57,4,1523.0044221777032,3,3,2,8
18623,155,3,2039.539410576749,1,2,2,5
18624,10,8,4144.512437405112,5,5,5,15
18625,31,8,2880.0222621383236,4,5,4,13
18626,123,8,4611.577773459259,2,5,5,12
18627,118,5,1405.8208453168781,2,3,1,6
18628,67,5,2603.4228584842467,3,3,3,9
18629,70,4,2482.4119055608767,3,3,3,9
18630,84,8,4954.376546746521,2,5,5,12
18631,172,4,2268.99777652653,1,3,3,7
18632,110,3,1274.2572487160019,2,2,1,5
18633,81,6,1502.2825730863856,2,4,2,8
18634,171,7,2941.276138071998,1,5,4,10
18635,9,6,3383.9870149256776,5,4,4,13
18636,74,5,2437.1459198052135,3,3,3,9
18637,102,6,3191.5894898261627,2,4,4,10
18638,2,6,3847.0955747925154,5,4,5,14
18639,141,7,2644.9224447423003,1,5,3,9
18640,255,1,367.7172173204247,1,1,1,3
18641,73,3,722.2329045395853,3,2,1,6
18642,1,8,3401.2217758611328,5,5,4,14
18643,200,2,1035.644040840922,1,1,1,3
18644,22,5,3243.3821469758004,4,3,4,11
18645,185,7,2450.4741652630723,1,5,3,9
18646,119,5,2465.619138985958,2,3,3,8
18647,248,3,2089.454133485496,1,2,3,6
18648,253,3,853.4888538470951,1,2,1,4
18649,77,5,1923.6828701165778,2,3,2,7
18650,21,5,3109.5707838111944,4,3,4,11
18651,55,7,2797.768827321897,3,5,4,12
18652,4,9,5489.760423413341,5,5,5,15
18653,11,12,6290.318887310945,5,5,5,15
18654,65,5,1679.7795788455128,3,3,2,8
18655,238,2,286.89445426800455,1,1,1,3
18656,17,4,2348.1568412010065,5,3,3,11
18657,10,8,2601.598767636344,5,5,3,13
18658,24,3,963.5665765349132,4,2,1,7
18659,217,1,293.1715507864082,1,1,1,3
18660,82,4,2210.018339710516,2,3,3,8
18661,236,3,1151.9825209417131,1,2,1,4
18662,226,5,2200.6024126278135,1,3,3,7
18663,170,10,5782.212959371791,1,5,5,11
18664,288,3,2012.038159610713,1,2,2,5
18665,37,8,2966.0314166134112,4,5,4,13
18666,344,1,207.32731616881557,1,1,1,3
18667,85,5,2488.4681903903734,2,3,3,8
18668,173,6,1759.0675138943386,1,4,2,7
18669,144,1,642.844146876969,1,1,1,3
18670,67,7,3694.925679551996,3,5,5,13
18671,3,4,2405.4810677391633,5,3,3,11
18672,27,4,2501.3144814489906,4,3,3,10
18673,40,4,2366.586741558238,4,3,3,10
18674,73,3,1773.4394407640875,3,2,2,7
18675,37,7,3887.926166948585,4,5,5,14
18676,53,4,2291.2762720956,3,3,3,9
18677,13,7,3034.5496079804434,5,5,4,14
18678,76,4,2043.4959265554307,3,3,2,8
18679,88,5,2424.8104762654248,2,3,3,8
18680,10,7,4131.939405428802,5,5,5,15
18681,3,8,4281.124193866771,5,5,5,15
18682,6,5,3281.2340531543678,5,3,4,12
18683,128,2,1017.5120467272002,2,1,1,4
18684,27,3,824.3471643052201,4,2,1,7
18685,5,8,3714.9935459569165,5,5,5,15
18686,30,6,3547.498055299342,4,4,5,13
18687,128,3,1295.7196453714678,2,2,1,5
18688,15,4,1947.1297253763382,5,3,2,10
18689,34,4,2501.777653953668,4,3,3,10
18690,91,5,1873.307293168864,2,3,2,7
18691,131,5,2976.5605730511916,2,3,4,9
18692,54,8,5855.359944503658,3,5,5,13
18693,161,2,1834.4545984922233,1,1,2,4
18694,61,4,2081.503696385141,3,3,2,8
18695,167,5,2494.9146399981537,1,3,3,7
18696,10,4,2622.791611716271,5,3,3,11
18697,1,8,4526.507473437119,5,5,5,15
18698,34,10,6365.633006899766,4,5,5,14
18699,181,4,1307.2583683616035,1,3,1,5
18700,99,5,2156.332859481972,2,3,3,8
18701,12,4,1096.1878613715992,5,3,1,9
18702,267,3,1642.68333911764,1,2,2,5
18703,98,5,2293.2682459758903,2,3,3,8
18704,124,1,154.0294741342014,2,1,1,4
18705,46,8,3354.0246578108354,3,5,4,12
18706,24,10,4873.848779172995,4,5,5,14
18707,26,8,4027.3738798747318,4,5,5,14
18708,50,9,3919.207609124883,3,5,5,13
18709,32,8,3574.746828764627,4,5,5,14
18710,124,7,4526.624212840537,2,5,5,12
18711,164,6,2899.6275372431287,1,4,4,9
18712,193,6,2520.949987940309,1,4,3,8
18713,35,5,3110.3273430275244,4,3,4,11
18714,12,4,1436.5129137674123,5,3,2,10
18715,29,8,3226.2050903196896,4,5,4,13
18716,78,7,2443.3431032116923,2,5,3,10
18717,36,5,2474.111179376488,4,3,3,10
18718,105,5,3524.3262858182684,2,3,4,9
18719,15,4,2533.6528299704114,5,3,3,11
18720,133,4,894.1298350495783,2,3,1,6
18721,19,9,5051.856274275223,5,5,5,15
18722,30,5,2510.2769390545523,4,3,3,10
18723,41,9,4092.132916407491,4,5,5,14
18724,24,3,602.42758001073,4,2,1,7
18725,34,3,835.5796868191153,4,2,1,7
18726,57,2,1360.3589764001222,3,1,1,5
18727,281,2,650.9583118867495,1,1,1,3
18728,47,5,1907.5861026805132,3,3,2,8
18729,23,5,2432.4172051605,4,3,3,10
18730,74,5,1670.724982858077,3,3,2,8
18731,11,4,2910.4506069937547,5,3,4,12
18732,114,5,1469.77953875142,2,3,2,7
18733,7,6,4399.508653184834,5,4,5,14
18734,14,8,4420.568812919689,5,5,5,15
18735,11,8,4801.365595048771,5,5,5,15
18736,43,3,1048.4088093621217,4,2,1,7
18737,73,6,3107.5367267962156,3,4,4,11
18738,91,9,5113.21232554686,2,5,5,12
18739,170,5,2403.8136236874557,1,3,3,7
18740,21,2,879.5749558684818,4,1,1,6
18741,2,2,1180.594335364626,5,1,1,7
18742,9,5,2037.4127678486168,5,3,2,10
18743,168,4,2048.4006384903446,1,3,2,6
18744,16,5,2175.091943143655,5,3,3,11
18745,106,3,2574.4847345855223,2,2,3,7
18746,47,2,961.5383541115742,3,1,1,5
18747,46,5,1653.6937677768233,3,3,2,8
18748,38,9,3852.707064752436,4,5,5,14
18749,27,4,2016.58204937401,4,3,2,9
18750,102,4,2277.458733513537,2,3,3,8
18751,61,4,1903.0459496390504,3,3,2,8
18752,8,6,4134.026335662184,5,4,5,14
18753,7,7,3805.998693389996,5,5,5,15
18754,47,3,1060.8240260617633,3,2,1,6
18755,140,5,2420.6579838869357,1,3,3,7
18756,4,2,923.30680390134,5,1,1,7
18757,61,5,2119.7411881469707,3,3,3,9
18758,14,3,1533.0042704885154,5,2,2,9
18759,85,4,2055.714257798715,2,3,2,7
18760,9,11,4538.253777345084,5,5,5,15
18761,34,3,2195.9994622500963,4,2,3,9
18762,174,2,559.7309086356773,1,1,1,3
18763,169,6,3503.746393089473,1,4,4,9
18764,204,2,914.7250245536848,1,1,1,3
18765,33,4,3075.6921634319033,4,3,4,11
18766,223,2,184.40377315053559,1,1,1,3
18767,87,9,3793.9070598561975,2,5,5,12
18768,9,8,3299.235637118789,5,5,4,14
18769,3,4,3221.967991983231,5,3,4,12
18770,41,4,1686.6152199055814,4,3,2,9
18771,34,8,3103.2914463079364,4,5,4,13
18772,6,6,2743.2265998521843,5,4,4,13
18773,165,6,3448.7867843149133,1,4,4,9
18774,89,3,1310.4222081584203,2,2,1,5
18775,70,6,3168.9092726417125,3,4,4,11
18776,45,7,2606.3534478499737,3,5,3,11
18777,286,3,2316.197301653262,1,2,3,6
18778,56,3,1013.5174232649833,3,2,1,6
18779,67,3,2576.7871920947637,3,2,3,8
18780,41,5,3064.173830113937,4,3,4,11
18781,180,2,716.6155361896311,1,1,1,3
18782,139,2,989.907399045711,1,1,1,3
18783,28,4,2146.1039699546263,4,3,3,10
18784,79,7,4729.542548143142,2,5,5,12
18785,125,5,2124.566854579095,2,3,3,8
18786,13,9,5506.375163725077,5,5,5,15
18788,99,10,6072.332036734183,2,5,5,12
18789,20,4,1621.5975336829629,4,3,2,9
18790,47,4,2146.5695843191,3,3,3,9
18791,200,3,2007.5871032002979,1,2,2,5
18792,235,7,3745.615898986175,1,5,5,11
18793,17,10,5977.421355746413,5,5,5,15
18794,32,7,5384.700984258381,4,5,5,14
18795,17,6,3120.911351091705,5,4,4,13
18796,30,5,2837.55827497782,4,3,4,11
18797,108,9,4774.046441800661,2,5,5,12
18798,10,6,2742.7420365702596,5,4,4,13
18799,31,2,1749.379870131141,4,1,2,7
18800,158,3,1570.1590825113183,1,2,2,5
18801,171,5,3170.397549166125,1,3,4,8
18802,10,8,4006.019183487103,5,5,5,15
18803,75,6,3361.9930503024657,3,4,4,11
18804,16,8,3603.7786327143867,5,5,5,15
18805,9,6,2408.880097599428,5,4,3,12
18806,91,6,2106.283255669129,2,4,3,9
18807,68,5,2345.5307450710243,3,3,3,9
18808,102,6,3505.48597839329,2,4,4,10
18809,81,9,4221.028714454049,2,5,5,12
18810,55,6,4334.7278294653215,3,4,5,12
18811,54,6,2760.901260921696,3,4,4,11
18812,17,4,1120.9298709169436,5,3,1,9
18813,36,5,2314.581205901612,4,3,3,10
18814,50,5,1378.760047986581,3,3,1,7
18815,95,6,1711.5834414332242,2,4,2,8
18816,4,2,1051.8842358127554,5,1,1,7
18817,16,2,754.1533530295819,5,1,1,7
18818,145,4,2259.1931048794395,1,3,3,7
18819,183,2,1282.4892981042894,1,1,1,3
18820,177,4,2581.759821471223,1,3,3,7
18821,9,7,4563.408886623082,5,5,5,15
18822,1,6,2838.395611689513,5,4,4,13
18823,72,4,2952.214541130665,3,3,4,10
18824,18,6,3482.759694308588,5,4,4,13
18825,175,3,974.0004591112187,1,2,1,4
18826,109,8,4470.510849972357,2,5,5,12
18827,185,4,2003.7471721003187,1,3,2,6
18828,179,2,1201.405730946492,1,1,1,3
18829,1,12,6820.877550751061,5,5,5,15
18830,57,3,713.772308396283,3,2,1,6
18831,162,4,1692.6610773549824,1,3,2,6
18832,39,5,2158.6558972068533,4,3,3,10
18833,21,3,1336.9110530075823,4,2,1,7
18834,39,5,3164.2880380530014,4,3,4,11
18835,23,4,1852.7944827600695,4,3,2,9
18836,52,6,2983.115207097316,3,4,4,11
18837,169,3,2263.6520870319364,1,2,3,6
18838,11,5,2011.0697021856804,5,3,2,10
18839,241,5,2257.2649835093007,1,3,3,7
18840,11,11,4597.780074111547,5,5,5,15
18841,142,2,542.7545770603102,1,1,1,3
18842,18,8,4788.057759898008,5,5,5,15
18843,43,3,2333.1866646247386,4,2,3,9
18844,4,4,2490.0715359726664,5,3,3,11
18845,103,4,2506.1005786342794,2,3,3,8
18846,16,5,3223.354441727715,5,3,4,12
18847,146,8,2093.3345477206913,1,5,3,9
18848,157,4,1595.944795939981,1,3,2,6
18849,15,5,3457.7552032449266,5,3,4,12
18850,58,6,3255.8066901761786,3,4,4,11
18851,56,4,1209.3452323512422,3,3,1,7
18852,2,4,1851.2959666887723,5,3,2,10
18853,209,6,3576.576634704636,1,4,5,10
18854,22,7,2630.599295701881,4,5,3,12
18855,131,3,1923.1189856600347,2,2,2,6
18856,25,5,1972.7175786219796,4,3,2,9
18857,17,3,1641.1696162958365,5,2,2,9
18858,26,5,2484.6631325134385,4,3,3,10
18859,101,3,1911.6063096139649,2,2,2,6
18860,53,3,1053.3839006186126,3,2,1,6
18861,68,3,1066.5391649626665,3,2,1,6
18862,34,7,2777.25712136723,4,5,4,13
18863,94,5,2927.3550303598313,2,3,4,9
18864,17,5,1665.4162635182859,5,3,2,10
18865,137,5,3991.774073170566,1,3,5,9
18866,32,5,2381.759622090667,4,3,3,10
18867,153,3,2393.1622432750733,1,2,3,6
18868,57,8,4526.024575017886,3,5,5,13
18869,11,4,3287.39784507837,5,3,4,12
18870,107,2,946.1730670647858,2,1,1,4
18871,127,4,2153.2822947297855,2,3,3,8
18872,169,2,982.5935476121407,1,1,1,3
18873,86,5,2297.614804323413,2,3,3,8
18874,63,3,2229.9478515790393,3,2,3,8
18875,193,3,1819.0280862061868,1,2,2,5
18876,74,4,1659.8935795833236,3,3,2,8
18877,124,7,4140.5748136813945,2,5,5,12
18878,2,4,1621.813621252668,5,3,2,10
18879,32,5,2724.834525191667,4,3,3,10
18880,28,3,2003.2978655940478,4,2,2,8
18881,6,3,1753.7889729568876,5,2,2,9
18882,251,2,585.0596935576915,1,1,1,3
18883,257,4,2372.1628380295833,1,3,3,7
18884,12,4,2002.914446625749,5,3,2,10
18885,177,5,3463.1138568207543,1,3,4,8
18886,172,4,2924.1298556953634,1,3,4,8
18887,117,4,2376.2679257147706,2,3,3,8
18888,68,4,1952.6753221330098,3,3,2,8
18889,167,5,2351.492353516505,1,3,3,7
18890,215,2,685.9793599673986,1,1,1,3
18891,20,7,3686.6499481475507,4,5,5,14
18892,67,4,2817.403344248969,3,3,4,10
18893,57,7,2631.864776458851,3,5,3,11
18894,96,4,3205.4060873743597,2,3,4,9
18895,34,7,3534.5640377684313,4,5,4,13
18896,6,6,3460.2597373428403,5,4,4,13
18897,81,7,3134.5631291219424,2,5,4,11
18898,70,7,4222.230408404446,3,5,5,13
18899,18,5,1932.8303971614223,5,3,2,10
18900,150,5,3477.174539415523,1,3,4,8
18901,119,1,86.0433133340397,2,1,1,4
18902,22,3,1599.5174356131051,4,2,2,8
18903,157,4,2315.987003605931,1,3,3,7
18904,48,5,2984.925454607559,3,3,4,10
18905,131,3,2339.965074427714,2,2,3,7
18906,58,5,3043.255413718096,3,3,4,10
18907,8,9,4692.52166437431,5,5,5,15
18908,36,3,734.0183883894747,4,2,1,7
18909,273,2,923.4173401336413,1,1,1,3
18910,19,1,833.0639177306759,5,1,1,7
18911,50,5,2410.4167046008633,3,3,3,9
18912,28,7,3726.643165307978,4,5,5,14
18913,17,2,1326.2420972677965,5,1,1,7
18914,315,3,768.7752207409102,1,2,1,4
18915,269,3,1337.0604952883473,1,2,1,4
18916,43,5,2305.4793417234455,4,4,3,11
18917,10,8,4735.752714598814,5,5,5,15
18918,91,2,1054.571930909065,2,1,1,4
18919,100,4,2047.2886137668315,2,3,2,7
18920,32,1,748.1476140267839,4,1,1,6
18921,43,4,1594.1957826108294,4,3,2,9
18922,34,9,3321.997734510852,4,5,4,13
18923,25,4,2955.0475041074174,4,3,4,11
18924,27,6,4421.7042640596155,4,4,5,13
18925,35,9,5716.928328652433,4,5,5,14
18926,29,2,1194.1173605982226,4,1,1,6
18927,220,3,1664.5199921240796,1,2,2,5
18928,388,1,546.2898390199999,1,1,1,3
18929,9,6,2631.253292006447,5,4,3,12
18930,120,4,2004.6481824011971,2,3,2,7
18931,124,4,1957.5403632529558,2,3,2,7
18932,177,2,882.0994003984961,1,1,1,3
18933,102,7,3123.812493494211,2,5,4,11
18934,9,11,4764.567695982193,5,5,5,15
18935,249,5,2405.6262994148224,1,4,3,8
18936,62,6,2526.3456112717686,3,4,3,10
18937,62,3,1482.0393751968884,3,2,2,7
18938,162,3,1411.728998275141,1,2,1,4
18939,59,6,3632.1354622179633,3,4,5,12
18940,3,2,792.3412412703395,5,1,1,7
18941,125,6,2776.5053736303034,2,4,4,10
18942,144,3,1524.9833272937112,1,2,2,5
18943,102,2,928.60983354663,2,1,1,4
18944,10,5,2205.2551943004455,5,4,3,12
18945,31,6,3168.0227428802677,4,4,4,12
18946,24,7,3588.042621498883,4,5,5,14
18947,8,5,2990.146341094051,5,4,4,13
18948,49,6,2414.445797259963,3,4,3,10
18949,20,8,2791.476808372569,4,5,4,13
18950,5,5,2498.192487355211,5,4,3,12
18951,239,3,1564.559775136883,1,2,2,5
18952,87,6,3301.4496793909425,2,4,4,10
18953,202,2,1205.7329830906917,1,1,1,3
18954,144,6,2731.254393362313,1,4,3,8
18955,68,4,1658.7680117153836,3,3,2,8
18956,234,7,2557.105820425311,1,5,3,9
18957,81,2,1608.3444682188565,2,1,2,5
18958,283,2,298.9574153517184,1,1,1,3
18959,45,3,1738.2367799823596,3,2,2,7
18960,278,3,1428.173205339172,1,2,2,5
18961,137,4,2388.1307565089337,1,3,3,7
18962,91,4,1192.3823450096124,2,3,1,6
18963,156,4,1318.9770547927255,1,3,1,5
18964,42,9,5465.231455768267,4,5,5,14
18965,141,7,2582.760729181616,1,5,3,9
18966,54,4,1930.9407896830758,3,3,2,8
18967,12,3,1195.9775918149644,5,2,1,8
18968,15,8,3578.815802899736,5,5,5,15
18969,77,4,1063.647755918842,2,3,1,6
18970,403,1,186.31899130322347,1,1,1,3
18971,153,7,4989.557622830986,1,5,5,11
18972,54,3,2556.7047881909707,3,2,3,8
18973,353,2,900.7830731642327,1,1,1,3
18974,65,5,2912.5847259148745,3,4,4,11
18975,45,8,3214.973504672369,3,5,4,12
18976,61,5,2309.7325850714647,3,4,3,10
18977,11,6,3875.044660956226,5,4,5,14
18978,187,5,1401.4697929614358,1,4,1,6
18979,14,7,2113.791862339111,5,5,3,13
18980,116,6,2026.8696403161446,2,4,2,8
18981,67,6,2417.983246323086,3,4,3,10
18982,162,4,1116.672146617644,1,3,1,5
18983,33,7,3512.045593102284,4,5,4,13
18984,7,9,5285.762266298406,5,5,5,15
18985,64,7,3069.6658861834826,3,5,4,12
18986,13,6,2958.012555112256,5,4,4,13
18987,16,3,1758.3904014266986,5,2,2,9
18988,18,5,2414.933220808848,5,4,3,12
18989,30,6,2828.4947206557804,4,4,4,12
18990,34,11,4964.8290780096595,4,5,5,14
18991,107,6,3251.697972068451,2,4,4,10
18992,6,1,912.9344952006467,5,1,1,7
18993,1,8,4349.339482773806,5,5,5,15
18994,12,1,45.344235493030304,5,1,1,7
18995,154,4,1584.2892561820686,1,3,2,6
18996,4,11,5792.928663370133,5,5,5,15
18997,76,8,4950.472367228885,3,5,5,13
18998,7,6,1305.7195940810366,5,4,1,10
18999,22,13,6629.137983454225,4,5,5,14
19000,118,3,1655.0969967793608,2,2,2,6
19001,19,4,1453.1424053628368,5,3,2,10
19002,91,5,2332.349116108234,2,4,3,9
19003,184,5,3154.7813847219873,1,4,4,9
19004,47,5,2843.402542312058,3,4,4,11
19005,54,3,680.2874797380639,3,2,1,6
19006,125,7,2935.613325952808,2,5,4,11
19007,106,2,1169.3979633340864,2,1,1,4
19008,78,7,4062.166229358955,2,5,5,12
19009,42,2,1355.291699341967,4,1,1,6
19010,52,5,2724.2878816804123,3,4,3,10
19011,31,6,2930.792637027595,4,4,4,12
19012,147,6,3235.048248893464,1,4,4,9
19013,68,5,3451.225399664724,3,4,4,11
19014,188,5,1677.3790541994156,1,4,2,7
19015,5,6,1883.4941346914138,5,4,2,11
19016,2,6,2744.2865976400853,5,4,4,13
19017,134,4,1730.0194657294894,1,3,2,6
19018,22,7,2089.265036775267,4,5,3,12
19019,43,7,4061.431408846275,4,5,5,14
19020,84,5,2740.7567895327434,2,4,4,10
19021,273,2,789.6482031015687,1,1,1,3
19022,51,3,1947.0257847444125,3,2,2,7
19023,207,2,331.56394863151155,1,1,1,3
19024,4,5,1792.4703451415353,5,4,2,11
19025,20,3,1814.4474647907307,4,2,2,8
19026,169,5,2005.1618003262565,1,4,2,7
19027,47,5,2401.2386611483953,3,4,3,10
19028,125,4,2376.990647397844,2,3,3,8
19029,12,7,3658.0760912093256,5,5,5,15
19030,21,3,680.8286663243468,4,2,1,7
19031,41,5,3276.336452173549,4,4,4,12
19032,228,1,63.540093147461164,1,1,1,3
19033,127,6,2994.74976862681,2,4,4,10
19034,51,7,2872.3738189041965,3,5,4,12
19035,19,4,2619.730875304941,5,3,3,11
19036,21,4,2714.7791058905473,4,3,3,10
19037,4,7,3443.439646482476,5,5,4,14
19038,116,4,1835.0563840278278,2,3,2,7
19039,360,1,607.8370055174755,1,1,1,3
19040,68,3,1195.4323015239956,3,2,1,6
19041,189,3,1329.9849944911387,1,2,1,4
19042,69,8,2418.678087038034,3,5,3,11
19043,95,8,4262.176911640672,2,5,5,12
19044,5,5,1020.7802439603588,5,4,1,10
19045,135,3,1524.5287652397333,1,2,2,5
19046,20,4,2368.500530740704,4,3,3,10
19047,132,7,2892.1866273178357,2,5,4,11
19048,134,6,2445.883786180986,1,4,3,8
19049,110,4,2084.0422401641354,2,3,2,7
19050,252,4,3377.7434096783118,1,3,4,8
19051,68,2,1550.0225882869636,3,1,2,6
19052,203,2,662.6142938330095,1,1,1,3
19053,16,8,3521.502365820317,5,5,4,14
19054,66,5,2994.4650421760166,3,4,4,11
19055,45,2,1481.216097274926,3,1,2,6
19056,60,4,1864.3675088464106,3,3,2,8
19057,35,4,2410.60641686793,4,3,3,10
19058,18,3,1383.7931845908784,5,2,1,8
19059,88,3,2183.780963201658,2,2,3,7
19060,131,5,2918.429837530954,2,4,4,10
19061,207,3,1329.5873142175615,1,2,1,4
19062,328,1,22.568168417044138,1,1,1,3
19063,55,5,2885.117009220299,3,4,4,11
19064,9,5,1503.738110165783,5,4,2,11
19065,53,4,2398.4832243348073,3,3,3,9
19066,14,7,4569.801697007817,5,5,5,15
19067,30,8,3911.2629666606304,4,5,5,14
19068,106,7,3066.910186271225,2,5,4,11
19069,146,3,2036.310424779912,1,2,2,5
19070,71,3,1743.049248889607,3,2,2,7
19071,116,5,1656.635927182564,2,4,2,8
19072,230,1,145.9168930222673,1,1,1,3
19073,71,7,2133.6005277935406,3,5,3,11
19074,321,2,761.2068900274371,1,1,1,3
19075,3,9,5815.173517942909,5,5,5,15
19076,8,4,2674.2839078481256,5,3,3,11
19077,84,5,2758.0201109274935,2,4,4,10
19078,102,8,4708.728851113594,2,5,5,12
19079,38,6,3369.7689991973075,4,4,4,12
19080,28,4,1776.1969458702326,4,3,2,9
19081,62,8,3749.559842632196,3,5,5,13
19082,7,9,4717.196214846523,5,5,5,15
19083,23,3,1660.7257147643297,4,2,2,8
19084,10,7,3963.9507611164013,5,5,5,15
19085,62,2,1684.1056414297268,3,1,2,6
19086,61,5,3318.0654131683477,3,4,4,11
19087,147,6,3971.304059159762,1,4,5,10
19088,5,5,2515.90296836364,5,4,3,12
19089,66,4,2483.1441782250495,3,3,3,9
19090,3,8,5686.82967884261,5,5,5,15
19091,93,4,955.3468240020054,2,3,1,6
19092,34,4,1535.7336913248832,4,3,2,9
19093,3,9,3463.7974375532945,5,5,4,14
19094,101,2,764.9220082504829,2,1,1,4
19095,11,6,2624.3580451031644,5,4,3,12
19096,110,6,3317.417810875536,2,4,4,10
19097,8,10,3431.153639576153,5,5,4,14
19098,166,4,2811.269651365799,1,3,4,8
19099,48,6,3922.2881735534665,3,4,5,12
19100,35,8,2673.0531559947635,4,5,3,12
19102,29,3,1407.8356831393903,4,2,1,7
19103,3,3,1983.9064306483344,5,2,2,9
19104,15,5,2653.92826607479,5,4,3,12
19105,89,4,2550.6328326715857,2,3,3,8
19106,6,5,2427.693424415789,5,4,3,12
19107,29,6,2426.235757780482,4,4,3,11
19108,33,11,4484.388208264949,4,5,5,14
19109,14,11,6441.327099810375,5,5,5,15
19110,23,7,3145.6755303920745,4,5,4,13
19111,55,6,2475.852679838905,3,4,3,10
19112,8,4,2140.2042066074277,5,3,3,11
19113,97,6,2544.0111312111326,2,4,3,9
19114,101,5,1251.1542822674794,2,4,1,7
19115,81,9,5367.659413308582,2,5,5,12
19116,148,3,1663.1336679305184,1,2,2,5
19117,22,5,2399.6375438610507,4,4,3,11
19118,308,3,1138.8690383000821,1,2,1,4
19119,125,3,1195.1396832824657,2,2,1,5
19120,110,4,2021.2742726368724,2,3,2,7
19121,179,3,1964.182865889931,1,2,2,5
19122,49,7,3752.3068495062384,3,5,5,13
19123,78,6,2570.6080483445257,2,4,3,9
19124,23,4,2054.581878405094,4,3,2,9
19125,130,5,2303.556579824231,2,4,3,9
19126,89,3,1470.8664797102426,2,2,2,6
19127,247,2,1174.867495639562,1,1,1,3
19128,49,12,6630.473821679316,3,5,5,13
19129,201,2,1479.0388076413872,1,1,2,4
19130,92,3,1259.2043720974748,2,2,1,5
19131,66,7,2483.107814037002,3,5,3,11
19132,5,11,5918.580665659016,5,5,5,15
19133,48,5,3030.6763876834684,3,4,4,11
19134,32,5,2927.133949605146,4,4,4,12
19135,81,3,983.5442163747068,2,2,1,5
19136,13,6,2346.9422581254034,5,4,3,12
19137,198,6,3397.7207251431532,1,4,4,9
19138,78,7,3147.28104217117,2,5,4,11
19139,163,3,900.955744600574,1,2,1,4
19140,84,5,1639.5997673143197,2,4,2,8
19141,55,6,1877.2144953682184,3,4,2,9
19142,61,5,2720.450461659687,3,4,3,10
19143,13,5,1981.0452907743097,5,4,2,11
19144,22,6,3078.1648595953884,4,4,4,12
19145,161,2,789.7291445260397,1,1,1,3
19146,15,8,3197.23311229468,5,5,4,14
19147,7,6,2351.9063181384736,5,4,3,12
19148,93,3,1912.7001171097654,2,2,2,6
19149,44,7,3575.8565939916807,3,5,5,13
19150,41,2,872.6970350653564,4,1,1,6
19151,273,5,2707.781734996054,1,4,3,8
19152,8,3,1777.4448099103429,5,2,2,9
19153,187,4,3211.5687854412063,1,3,4,8
19154,57,5,2090.800716173375,3,4,3,10
19155,38,8,3696.3805495081665,4,5,5,14
19156,159,2,649.3106061317118,1,1,1,3
19157,90,5,2424.9050089913253,2,4,3,9
19158,196,4,2107.615966587452,1,3,3,7
19159,206,2,1171.9151993390449,1,1,1,3
19160,117,3,1044.7899763494977,2,2,1,5
19161,97,7,3847.210198129924,2,5,5,12
19162,8,6,2951.3774708629867,5,4,4,13
19163,57,2,1217.2195371558353,3,1,1,5
19164,92,3,1814.5306606141444,2,2,2,6
19165,26,9,3565.058482702917,4,5,5,14
19166,120,2,1155.4380650954085,2,1,1,4
19167,74,5,2066.021403435824,3,4,2,9
19168,9,7,2777.79076978623,5,5,4,14
19169,51,11,6519.759363701353,3,5,5,13
19170,120,3,1494.451208250188,2,2,2,6
19171,68,4,1615.6606382527245,3,3,2,8
19172,79,7,3415.043510679784,2,5,4,11
19173,9,2,771.0400865747803,5,1,1,7
19174,56,7,4555.419649426247,3,5,5,13
19175,27,6,1879.4242627011936,4,4,2,10
19176,24,6,3224.8017194170075,4,4,4,12
19177,24,10,5573.688844859708,4,5,5,14
19178,21,7,3632.5903989867693,4,5,5,14
19179,94,4,2740.028649195138,2,3,3,8
19180,11,9,4734.636420120574,5,5,5,15
19181,103,7,3278.8075724739274,2,5,4,11
19182,7,7,2566.582735135703,5,5,3,13
19183,22,7,4012.803417573711,4,5,5,14
19184,118,7,2912.4508617267143,2,5,4,11
19185,44,7,3062.0750572355078,3,5,4,12
19186,159,2,1492.7174378632722,1,1,2,4
19187,306,5,1424.2613075088882,1,4,2,7
19188,39,3,1740.1612756055501,4,2,2,8
19189,281,4,2433.75493220077,1,3,3,7
19190,294,1,288.4251001069201,1,1,1,3
19191,14,9,4828.727720531042,5,5,5,15
19192,38,3,1277.402404755113,4,2,1,7
19193,91,2,653.5463750169012,2,1,1,4
19194,9,6,2911.055760344955,5,4,4,13
19196,339,2,1105.4585728628895,1,1,1,3
19197,3,6,2643.255016983393,5,4,3,12
19198,125,2,728.8410986234187,2,1,1,4
19199,51,5,3137.3020025027668,3,4,4,11
19200,77,3,1263.915118283117,2,2,1,5
19201,18,6,3638.6856659409555,5,4,5,14
19202,32,6,3931.712316410903,4,4,5,13
19203,65,5,2808.8801344292397,3,4,4,11
19204,73,6,3294.795984661031,3,4,4,11
19205,9,6,3447.2359319434545,5,4,4,13
19206,79,5,1521.2748325978007,2,4,2,8
19207,51,5,2569.3353443058113,3,4,3,10
19208,45,3,1560.4863346830412,3,2,2,7
19209,87,7,4062.4806115923425,2,5,5,12
19210,314,1,77.97650563759052,1,1,1,3
19211,99,6,2240.672250455023,2,4,3,9
19212,79,5,2099.468805640203,2,4,3,9
19213,65,5,2994.30521755722,3,4,4,11
19214,175,2,491.12827313149404,1,1,1,3
19215,230,3,2144.960088159632,1,2,3,6
19216,3,9,4999.677173147049,5,5,5,15
19217,4,4,1291.9672044186086,5,3,1,9
19218,7,4,1776.2148652507722,5,3,2,10
19219,61,8,4449.331354951842,3,5,5,13
19220,110,3,867.5906199570505,2,2,1,5
19221,19,6,3096.012486564325,5,4,4,13
19222,5,6,2977.795892213622,5,4,4,13
19223,111,3,1107.60817816827,2,2,1,5
19224,190,5,3465.964597119505,1,4,4,9
19225,94,5,2347.7151628079628,2,4,3,9
19226,53,4,2143.3506497900626,3,3,3,9
19227,21,3,2682.3637238013675,4,2,3,9
19228,92,4,2549.1767024425103,2,3,3,8
19229,75,5,2741.0262739603936,3,4,4,11
19230,41,5,2650.5980612747285,4,4,3,11
19231,127,4,2205.0133205371467,2,3,3,8
19232,17,6,2809.063782359173,5,4,4,13
19233,68,4,1707.928679418344,3,3,2,8
19234,127,6,2698.1883838414287,2,4,3,9
19235,245,5,2757.687244264546,1,4,4,9
19236,50,4,2007.1655616118378,3,3,2,8
19237,29,3,1196.7431981288723,4,2,1,7
19238,15,3,2062.47691330468,5,2,2,9
19239,74,5,1648.4838334876142,3,4,2,9
19240,9,5,1904.7706682247917,5,4,2,11
19241,33,3,1803.3709022545513,4,2,2,8
19242,142,4,2213.9516215721897,1,3,3,7
19243,229,2,1598.4193512766306,1,1,2,4
19244,264,3,1417.3092614950292,1,2,1,4
19245,25,8,3948.689862961611,4,5,5,14
19246,112,6,2150.7466092014824,2,4,3,9
19247,202,2,726.6342915515846,1,1,1,3
19248,15,5,2372.633717988831,5,4,3,12
19249,111,7,4472.801673918576,2,5,5,12
19250,92,4,778.0133121904522,2,3,1,6
19251,10,9,4916.713024364226,5,5,5,15
19252,77,4,2100.9955342666494,2,3,3,8
19253,46,6,2368.2096930231583,3,4,3,10
19254,3,4,2062.3833632301494,5,3,2,10
19255,81,2,1571.0048092183843,2,1,2,5
19256,50,4,2826.073839344299,3,3,4,10
19257,32,8,3470.611419535517,4,5,4,13
19258,19,4,2932.9360622875647,5,3,4,12
19259,2,5,2031.8361902183512,5,4,2,11
19260,37,5,3197.9310677613066,4,4,4,12
19261,14,7,3179.20508992604,5,5,4,14
19262,7,7,4130.977406853609,5,5,5,15
19263,20,8,4533.069363359773,4,5,5,14
19264,31,4,1155.9659672540351,4,3,1,8
19265,9,2,1568.5669607861505,5,1,2,8
19266,160,3,1433.6169817007024,1,2,2,5
19267,125,4,2025.0724961256842,2,3,2,7
19268,118,4,2212.582468685497,2,3,3,8
19269,28,5,3207.777692372344,4,4,4,12
19270,284,5,1704.4313225549354,1,4,2,7
19271,70,6,4149.779654814567,3,4,5,12
19272,15,4,1877.8152681441018,5,3,2,10
19273,15,5,2661.8052280853267,5,4,3,12
19274,233,5,3418.564863325877,1,4,4,9
19275,135,8,4177.447720348856,1,5,5,11
19276,152,7,2506.9140553880543,1,5,3,9
19277,6,3,859.2629256618286,5,2,1,8
19278,70,2,338.39124767170495,3,1,1,5
19279,17,3,404.60548219313546,5,2,1,8
19280,38,3,2172.2048497439296,4,2,3,9
19281,43,10,4483.002491391402,4,5,5,14
19282,168,3,360.4831125211535,1,2,1,4
19283,109,4,2984.1656914785353,2,3,4,9
19284,104,5,1861.664535458493,2,4,2,8
19285,108,2,1516.6159840878147,2,1,2,5
19286,29,5,3003.9306378862825,4,4,4,12
19287,1,5,1948.1565726292501,5,4,2,11
19288,81,3,2082.973827056964,2,2,2,6
19289,245,4,1682.029402165786,1,3,2,6
19290,182,2,1154.8973961688184,1,1,1,3
19291,1,13,7291.869833329826,5,5,5,15
19292,16,4,2999.0977351279034,5,3,4,12
19293,64,8,4256.524730062596,3,5,5,13
19294,43,4,1752.1161723957675,4,3,2,9
19295,64,4,2106.257226073458,3,3,3,9
19296,38,7,2198.2915315546693,4,5,3,12
19297,242,3,2650.595187085144,1,2,3,6
19298,39,4,3159.4513580096873,4,3,4,11
19299,26,3,868.3802358686218,4,2,1,7
19300,66,5,3433.521426214836,3,4,4,11
19301,145,3,1325.7882467303452,1,2,1,4
19302,189,5,3204.169066045647,1,4,4,9
19303,23,4,1681.7664033841224,4,3,2,9
19304,179,1,537.4824264773868,1,1,1,3
19305,71,10,6234.1475684492125,3,5,5,13
19306,120,4,2958.0316843022297,2,3,4,9
19307,10,4,1746.7293220234483,5,3,2,10
19308,18,4,1140.323582656154,5,3,1,9
19309,22,6,3705.235187714432,4,4,5,13
19310,153,4,813.3083641369866,1,3,1,5
19311,85,4,2612.6348653066907,2,3,3,8
19312,184,2,537.8669105375905,1,1,1,3
19313,62,3,1227.6050570553712,3,2,1,6
19314,132,6,3343.71475096251,2,4,4,10
19315,41,3,1156.4106174098965,4,2,1,7
19316,107,7,4962.201898918234,2,5,5,12
19317,104,8,4215.726657636994,2,5,5,12
19318,296,2,1132.7901145377873,1,1,1,3
19319,12,5,2706.876068440557,5,4,3,12
19320,28,7,3898.7145437571758,4,5,5,14
19321,305,5,2639.460577764762,1,4,3,8
19322,8,9,4359.665208660823,5,5,5,15
19323,1,6,3455.358635250744,5,4,4,13
19324,126,6,1819.316752754445,2,4,2,8
19325,65,7,2371.0810082759795,3,5,3,11
19326,19,4,1936.8199782073075,5,3,2,10
19327,61,6,2410.0000325099613,3,4,3,10
19328,33,10,5296.395269436707,4,5,5,14
19329,2,7,4075.0436171066253,5,5,5,15
19330,52,2,1013.7932926279841,3,1,1,5
19331,70,6,1998.6194206999457,3,4,2,9
19332,11,4,2034.427865639334,5,3,2,10
19333,2,4,2018.3771108879284,5,3,2,10
19334,161,4,1950.8258147814847,1,3,2,6
19335,178,3,2074.1611673141497,1,2,2,5
19336,46,6,2289.264817564671,3,4,3,10
19337,30,3,868.6584344214148,4,2,1,7
19338,91,5,1565.343382649717,2,4,2,8
19339,2,3,1482.5070132503463,5,2,2,9
19340,17,7,3450.2619568251876,5,5,4,14
19341,2,6,2748.806625960036,5,4,4,13
19342,79,4,1920.1036277379797,2,3,2,7
19343,7,2,132.65530025234338,5,1,1,7
19344,254,4,2626.5382901068397,1,3,3,7
19345,9,7,3255.6916172242404,5,5,4,14
19346,110,4,2311.3656915178194,2,3,3,8
19347,78,5,2467.8302922954995,2,4,3,9
19348,53,5,2362.3627589415614,3,4,3,10
19349,10,3,1269.2261978125073,5,2,1,8
19350,88,3,1353.5671154759132,2,2,1,5
19351,17,6,2787.061412163711,5,4,4,13
19352,7,2,1227.6507580626458,5,1,1,7
19353,42,8,3227.2516993534446,4,5,4,13
19354,51,3,2400.1679865291076,3,2,3,8
19355,57,2,721.4821786075921,3,1,1,5
19356,21,4,726.4722155310066,4,3,1,8
19357,81,4,1939.8244338960458,2,3,2,7
19358,106,8,4005.6177765761254,2,5,5,12
19359,23,6,3584.146577901597,4,4,5,13
19360,56,2,377.53429096327034,3,1,1,5
19361,208,4,3236.5458710865896,1,3,4,8
19362,35,8,3740.2901386011827,4,5,5,14
19363,95,6,3010.500494039216,2,4,4,10
19364,3,3,1980.943325132908,5,2,2,9
19365,18,8,3625.2517196266263,5,5,5,15
19366,79,4,2219.159046650829,2,3,3,8
19367,292,1,889.5461780927246,1,1,1,3
19368,192,1,921.5885937572581,1,1,1,3
19369,58,7,3301.052458467121,3,5,4,12
19370,55,11,3724.4675617649714,3,5,5,13
19371,202,2,1607.7127166974308,1,1,2,4
19372,117,6,3030.353487565121,2,4,4,10
19373,162,6,2624.522940207847,1,4,3,8
19374,37,5,2778.771312042584,4,4,4,12
19375,13,6,2875.967049474269,5,4,4,13
19376,166,6,1506.4652800008823,1,4,2,7
19377,87,4,2919.8591470978417,2,3,4,9
19378,29,6,2986.107724165901,4,4,4,12
19379,208,4,1062.6055195379372,1,3,1,5
19380,10,6,2199.4039896807717,5,4,3,12
19381,188,4,1788.9213003313594,1,3,2,6
19382,6,5,2194.160365875973,5,4,3,12
19383,4,10,5100.457288910448,5,5,5,15
19384,265,4,1318.6990959208397,1,3,1,5
19385,105,2,1263.5443722543164,2,1,1,4
19386,41,3,1016.9174920581377,4,2,1,7
19387,7,5,2205.5479982704096,5,4,3,12
19388,36,3,2251.1579099755845,4,2,3,9
19389,34,8,3478.827388507305,4,5,4,13
19390,109,4,2078.5311205402804,2,3,2,7
19391,20,5,1906.1387238651337,4,4,2,10
19392,191,2,830.4211829820174,1,1,1,3
19393,96,5,2518.932392312474,2,4,3,9
19394,11,3,1634.4517215026679,5,2,2,9
19395,35,4,1365.5032202566283,4,3,1,8
19396,137,4,1184.3214820299506,1,3,1,5
19397,98,3,2046.135882681971,2,2,2,6
19398,296,3,1345.6024551985706,1,2,1,4
19399,44,5,2148.1852549016,3,4,3,10
19400,36,5,1726.731033630175,4,4,2,10
19401,138,9,5744.8300842047765,1,5,5,11
19402,101,7,4252.752718024404,2,5,5,12
19403,119,2,1942.3366010556524,2,1,2,5
19404,393,1,484.3919411592698,1,1,1,3
19405,75,5,1442.6959256024652,3,4,2,9
19406,5,4,1564.2430222377259,5,3,2,10
19407,182,5,2153.1534660896677,1,4,3,8
19408,69,4,2776.8539307156047,3,3,4,10
19409,88,8,3704.0519681896067,2,5,5,12
19410,126,6,3185.7356227499695,2,4,4,10
19411,4,4,1453.925190990602,5,3,2,10
19412,338,3,1011.8169261218907,1,2,1,4
19413,108,6,1876.3244226836714,2,4,2,8
19414,116,4,1031.0129379931125,2,3,1,6
19415,21,4,1669.4761173331553,4,3,2,9
19416,3,3,980.4150304870225,5,2,1,8
19417,11,7,2900.183153635581,5,5,4,14
19418,29,6,3359.3500425325124,4,4,4,12
19419,103,4,2374.025793859999,2,3,3,8
19420,266,3,1268.6647047314725,1,2,1,4
19421,192,4,2078.433862653618,1,3,2,6
19422,72,5,2014.5934787735182,3,4,2,9
19423,177,4,1916.6667824009853,1,3,2,6
19424,157,4,2117.6125252128645,1,3,3,7
19425,138,5,2743.050235815292,1,4,4,9
19426,159,4,3076.7040691134953,1,3,4,8
19427,73,2,678.8286486867934,3,1,1,5
19428,7,7,3939.2758989462086,5,5,5,15
19429,61,5,2694.430359257062,3,4,3,10
19430,125,6,3638.586005417591,2,4,5,11
19431,18,6,3138.4301670755085,5,4,4,13
19432,49,3,773.8977831165421,3,2,1,6
19433,40,6,3694.59540747143,4,4,5,13
19434,49,5,3651.061513427664,3,4,5,12
19435,32,8,4343.932944339913,4,5,5,14
19436,60,10,5352.782389306763,3,5,5,13
19437,3,8,4695.082957064286,5,5,5,15
19438,77,6,3131.3045700309644,2,4,4,10
19439,142,5,2076.771661733897,1,4,2,7
19440,81,7,4136.364155424849,2,5,5,12
19441,329,5,1193.1721767392628,1,4,1,6
19442,63,2,1127.9118299681368,3,1,1,5
19443,13,10,5547.216960313584,5,5,5,15
19444,26,7,2979.20425960042,4,5,4,13
19445,18,8,4567.113213006469,5,5,5,15
19446,154,4,1275.3607130354112,1,3,1,5
19447,84,2,478.36305197003907,2,1,1,4
19448,312,5,2180.1519731262283,1,4,3,8
19449,7,10,5576.631284710892,5,5,5,15
19450,33,8,4455.362548210549,4,5,5,14
19451,175,3,945.2791165771439,1,2,1,4
19452,92,2,73.57700442238514,2,1,1,4
19453,75,4,2813.0732583696517,3,3,4,10
19454,66,4,1102.9327998593767,3,3,1,7
19455,67,7,3772.6005964268757,3,5,5,13
19456,230,5,2494.471705094238,1,4,3,8
19457,20,3,1650.2393422050568,4,2,2,8
19458,34,7,2584.846555451457,4,5,3,12
19459,38,4,2377.783670026032,4,3,3,10
19460,74,2,1500.8779656784018,3,1,2,6
19461,22,8,3137.0449645835856,4,5,4,13
19462,162,7,3450.815441172193,1,5,4,10
19463,157,3,2124.001732382792,1,2,3,6
19464,58,8,3945.2593087468395,3,5,5,13
19465,67,5,3447.7080065561695,3,4,4,11
19466,25,4,2220.623076060363,4,3,3,10
19467,74,4,2774.1671410038402,3,3,4,10
19468,20,6,2235.000223614716,4,4,3,11
19469,122,4,1823.782680711054,2,3,2,7
19470,45,3,1634.0054063076332,3,2,2,7
19471,18,5,3614.747550822342,5,4,5,14
19472,106,5,2016.2200858474025,2,4,2,8
19473,11,8,4505.415831703621,5,5,5,15
19474,89,4,2287.758797262714,2,3,3,8
19475,84,2,1330.5900237644476,2,1,1,4
19476,32,7,3370.837157092161,4,5,4,13
19477,30,14,7182.056638271138,4,5,5,14
19478,199,4,2381.739217228903,1,3,3,7
19479,1,3,2323.9898221348953,5,2,3,10
19480,314,3,1155.0269853900136,1,2,1,4
19481,142,3,1637.4692839090812,1,2,2,5
19482,266,3,869.8452817967919,1,2,1,4
19483,68,3,1590.8343993408387,3,2,2,7
19484,47,5,2824.4684864311107,3,4,4,11
19485,18,5,2826.013348350047,5,4,4,13
19486,45,3,2372.8715086069055,3,2,3,8
19487,179,4,1699.214316287512,1,3,2,6
19488,95,10,3685.158616894936,2,5,5,12
19489,22,4,2003.8997757956602,4,3,2,9
19490,39,3,1016.4449191864337,4,2,1,7
19491,39,6,2219.361379778401,4,4,3,11
19492,154,9,3958.2070927686295,1,5,5,11
19493,171,2,645.4023413067077,1,1,1,3
19494,53,6,2487.1616048833703,3,4,3,10
19495,87,7,4225.578004626059,2,5,5,12
19496,40,4,2186.8285378353676,4,3,3,10
19497,25,6,3282.6200316178497,4,4,4,12
19498,20,7,2411.693837928307,4,5,3,12
19499,39,4,2323.6440164460796,4,3,3,10
19500,78,7,4209.220392794773,2,5,5,12
19501,261,4,2035.9034543548519,1,3,2,6
19502,176,3,1649.3297972627438,1,2,2,5
19503,84,4,2063.9567607173726,2,3,2,7
19504,15,7,4051.871338310343,5,5,5,15
19505,19,7,4120.669059155962,5,5,5,15
19506,45,4,2610.540738547059,3,3,3,9
19507,4,5,3003.296832328425,5,4,4,13
19508,128,5,1079.806949057415,2,4,1,7
19509,48,7,3816.243424337315,3,5,5,13
19510,8,5,2229.7706582397573,5,4,3,12
19511,43,4,2760.0566654514205,4,3,4,11
19512,157,4,1741.4757672397675,1,3,2,6
19513,24,6,2928.4865963726907,4,4,4,12
19514,44,4,2630.4049017047973,3,3,3,9
19515,129,4,1545.2000196206684,2,3,2,7
19516,141,5,2526.399198021253,1,4,3,8
19517,152,2,542.1434568420387,1,1,1,3
19518,3,4,2456.5168722744684,5,3,3,11
19519,57,3,2231.418763630013,3,2,3,8
19520,35,5,2300.765434784694,4,4,3,11
19521,229,2,1203.515219110302,1,1,1,3
19522,9,7,3784.7461327985684,5,5,5,15
19523,9,10,4340.427085129157,5,5,5,15
19524,203,3,643.2226115886109,1,2,1,4
19525,22,9,5293.784678680587,4,5,5,14
19526,223,6,3033.055889401489,1,4,4,9
19527,163,2,991.6437217617756,1,1,1,3
19528,6,3,1808.8264354597763,5,2,2,9
19529,16,5,3130.311184080889,5,4,4,13
19530,96,4,2168.243869899035,2,3,3,8
19531,18,6,2764.3469052274004,5,4,4,13
19532,127,2,952.888109444471,2,1,1,4
19533,25,3,1979.205495439824,4,2,2,8
19534,1,9,6435.208884913475,5,5,5,15
19535,58,2,1360.0220641581147,3,1,1,5
19536,208,5,2281.3103340762327,1,4,3,8
19537,142,4,1247.1402894939456,1,3,1,5
19538,97,9,2948.2815991930283,2,5,4,11
19540,33,6,2547.225406066159,4,4,3,11
19541,122,5,2564.1802739317577,2,4,3,9
19542,34,2,1249.2973340007845,4,1,1,6
19543,166,3,1279.8163420513824,1,2,1,4
19544,80,7,2309.7614215375584,2,5,3,10
19545,106,3,1933.4027693806424,2,2,2,6
19546,23,9,3142.0075945339886,4,5,4,13
19547,44,5,2886.084680710974,3,4,4,11
19548,11,5,2509.9148335922196,5,4,3,12
19549,9,3,1799.6966556535235,5,2,2,9
19550,11,8,4783.353797319393,5,5,5,15
19551,101,4,2433.3981286907388,2,3,3,8
19552,10,9,3857.3901393702404,5,5,5,15
19553,47,9,3739.5595808830576,3,5,5,13
19554,137,2,1489.4098957844112,1,1,2,4
19555,58,9,5467.119775471929,3,5,5,13
19556,173,6,3398.1358390976793,1,4,4,9
19557,214,3,1076.841511710135,1,2,1,4
19558,41,6,3442.5067155689253,4,4,4,12
19559,23,4,2077.747717257288,4,3,2,9
19560,18,3,2549.9922833629034,5,2,3,10
19561,124,7,3688.6898715184448,2,5,5,12
19562,104,3,1722.4089178355111,2,2,2,6
19563,93,4,2010.2030211035199,2,3,2,7
19564,22,6,3654.2946346607487,4,4,5,13
19565,231,1,115.18962011173932,1,1,1,3
19566,11,2,1172.6404102294077,5,1,1,7
19567,90,2,991.6359440199242,2,1,1,4
19568,31,5,2227.3864314152734,4,4,3,11
19569,10,2,1162.7075975326359,5,1,1,7
19570,43,6,2188.27955682516,4,4,3,11
19571,106,3,1226.3740803092883,2,2,1,5
19572,2,4,1782.6100730324702,5,3,2,10
19573,13,6,3705.080285194623,5,4,5,14
19574,31,5,2190.525848319411,4,4,3,11
19575,13,8,3488.74211765278,5,5,4,14
19576,7,3,2121.9874643681383,5,2,3,10
19577,85,5,1802.1022144917058,2,4,2,8
19578,178,4,1995.0753139051249,1,3,2,6
19579,65,4,1628.7968182167517,3,3,2,8
19580,148,4,2107.473138343718,1,3,3,7
19581,172,5,3012.1031058598323,1,4,4,9
19582,57,4,1691.8625840523425,3,3,2,8
19583,12,7,4322.568749808165,5,5,5,15
19584,158,6,1660.5797643265828,1,4,2,7
19585,94,6,3375.6171249211693,2,4,4,10
19586,39,6,3092.3682000537815,4,4,4,12
19587,150,7,3036.408329263262,1,5,4,10
19588,117,3,1886.3966030878219,2,2,2,6
19589,19,5,1653.976979147259,5,4,2,11
19590,47,13,7213.571660292126,3,5,5,13
19591,284,2,1045.8340638159698,1,1,1,3
19592,70,7,3415.7551996304037,3,5,4,12
19593,65,6,4081.45648084632,3,4,5,12
19594,141,5,3316.7696359289707,1,4,4,9
19595,219,4,2126.6406235608792,1,3,3,7
19596,63,6,2296.2239081896837,3,4,3,10
19597,9,4,1176.5122324376066,5,3,1,9
19598,25,7,3774.390908714469,4,5,5,14
19599,31,1,839.0809644025555,4,1,1,6
19600,267,3,1318.9358573420725,1,2,1,4
19601,112,8,4917.721657010049,2,5,5,12
19602,19,6,3761.9587248608623,5,4,5,14
19603,60,2,1367.2363637432773,3,1,1,5
19604,12,6,2923.0767908790267,5,4,4,13
19605,29,5,2602.7873545315615,4,4,3,11
19606,33,8,4250.492531183396,4,5,5,14
19608,166,4,2075.264957863066,1,3,2,6
19609,68,8,4958.866801187822,3,5,5,13
19610,8,10,4432.757788623882,5,5,5,15
19611,51,7,3340.3566097742273,3,5,4,12
19612,11,7,4080.9592738865895,5,5,5,15
19613,89,6,3122.846648984112,2,4,4,10
19614,61,3,1513.4601803243606,3,2,2,7
19615,143,5,3105.7368775852274,1,4,4,9
19616,22,8,3221.2765466377086,4,5,4,13
19617,155,4,1100.7715339575739,1,3,1,5
19618,55,8,4917.9217221399595,3,5,5,13
19619,140,2,270.9309516734761,1,1,1,3
19620,83,3,1719.886334727885,2,2,2,6
19621,151,1,313.42529871641165,1,1,1,3
19622,112,2,341.7161529178294,2,1,1,4
19623,43,4,2526.509650454019,4,3,3,10
19624,279,4,2118.6184086042103,1,3,3,7
19625,139,5,1857.9357038585702,1,4,2,7
19626,27,4,2664.36577845391,4,3,3,10
19627,384,1,723.1566096576255,1,1,1,3
19628,28,5,2524.7416959390434,4,4,3,11
19629,135,7,3321.3129238049614,1,5,4,10
19630,37,7,4361.118542461645,4,5,5,14
19631,29,6,2194.1265347272733,4,4,3,11
19632,26,7,3270.7993910311734,4,5,4,13
19633,91,5,1782.8466112304839,2,4,2,8
19634,60,5,2402.736333566715,3,4,3,10
19635,29,3,1710.4418856357952,4,2,2,8
19636,45,5,2736.776973483387,3,4,3,10
19637,10,4,2274.1467031876537,5,3,3,11
19638,31,8,3745.7060645888773,4,5,5,14
19639,7,10,6384.816048571034,5,5,5,15
19640,82,4,2489.655762219504,2,3,3,8
19641,97,4,1391.473808361083,2,3,1,6
19642,24,8,3612.1867651021207,4,5,5,14
19643,144,4,1059.9532031538808,1,3,1,5
19644,19,6,3311.862856902997,5,4,4,13
19645,33,7,3339.87479121002,4,5,4,13
19646,138,2,644.2202757093328,1,1,1,3
19647,28,5,3098.6037942221697,4,4,4,12
19648,219,2,1442.6733407883953,1,1,2,4
19649,26,3,1475.105155973663,4,2,2,8
19650,35,4,2432.7646935701373,4,3,3,10
19651,10,8,2689.925689200844,5,5,3,13
19652,33,7,4057.14598818605,4,5,5,14
19653,255,3,1604.1369530096326,1,2,2,5
19654,203,3,424.91559314473136,1,2,1,4
19655,211,6,3779.4801433289917,1,4,5,10
19656,56,6,2001.6707851553615,3,4,2,9
19657,145,6,2836.1305099592264,1,4,4,9
19658,38,7,2691.0675226573358,4,5,3,12
19659,244,3,983.0726299219295,1,2,1,4
19660,132,4,2101.2353707805223,2,3,3,8
19661,7,8,3795.350190085952,5,5,5,15
19662,79,3,1294.13555814503,2,2,1,5
19663,60,5,1958.499322409427,3,4,2,9
19664,45,8,4845.505991012413,3,5,5,13
19665,148,4,2929.71379541073,1,3,4,8
19666,44,6,3735.6688112161246,3,4,5,12
19667,77,3,1414.6648028536872,2,2,1,5
19668,91,3,2404.756653764329,2,2,3,7
19669,56,7,2953.2636315704403,3,5,4,12
19670,44,3,2181.476652786673,3,2,3,8
19671,49,4,1275.7627580951785,3,3,1,7
19672,1,7,2076.8608569123944,5,5,2,12
19673,21,6,2940.603829888514,4,4,4,12
19674,123,5,1983.6596910051574,2,4,2,8
19675,25,4,1686.20358711966,4,3,2,9
19676,94,5,2405.4384734804016,2,4,3,9
19677,331,3,1219.9781282780527,1,2,1,4
19678,14,6,3176.3931792578455,5,4,4,13
19679,18,8,3836.808237547214,5,5,5,15
19680,88,3,2536.9582821159106,2,2,3,7
19681,32,4,2411.5171731797973,4,3,3,10
19682,139,4,2241.332033257274,1,3,3,7
19683,62,3,1687.8622187897718,3,2,2,7
19684,3,5,2298.6165365073775,5,4,3,12
19685,134,3,2394.511249394198,1,2,3,6
19686,168,3,1711.9118408183967,1,2,2,5
19687,17,4,2137.3873786828117,5,3,3,11
19688,81,4,2034.8626900577003,2,3,2,7
19689,56,3,2030.6014775419744,3,2,2,7
19690,72,4,1499.038213813296,3,3,2,8
19691,108,5,2176.9293323492375,2,4,3,9
19692,3,6,2177.4354980065614,5,4,3,12
19693,26,8,4830.61428173906,4,5,5,14
19694,170,2,1558.5392370349016,1,1,2,4
19695,75,3,2454.696925156884,3,2,3,8
19696,170,5,2433.4378685813163,1,4,3,8
19697,76,4,1591.6955443559596,3,3,2,8
19698,87,5,2059.0914012922963,2,4,2,8
19699,10,6,3845.6479438451133,5,4,5,14
19700,170,6,2401.2464393199334,1,4,3,8
19701,32,6,2407.297501420364,4,4,3,11
19702,43,4,1240.2684198504503,4,3,1,8
19703,88,8,5458.812861349672,2,5,5,12
19704,37,5,2239.744457453097,4,4,3,11
19705,60,6,4334.413465346171,3,4,5,12
19706,53,3,2042.899997981624,3,2,2,7
19707,193,2,1423.0106930736283,1,1,2,4
19708,227,6,2169.954818752049,1,4,3,8
19709,158,7,2831.7166332551537,1,5,4,10
19710,6,7,3764.3954106478577,5,5,5,15
19711,53,7,2997.751766133624,3,5,4,12
19712,124,2,686.2990761089883,2,1,1,4
19713,303,1,762.3945829547984,1,1,1,3
19714,115,7,3514.5084973968806,2,5,4,11
19715,3,6,2644.8236054385347,5,4,3,12
19716,58,8,2973.930486542074,3,5,4,12
19717,71,3,926.7662854857518,3,2,1,6
19718,67,4,1539.7924521819118,3,3,2,8
19719,3,5,1897.0738241953013,5,4,2,11
19720,37,4,1565.4514125877436,4,3,2,9
19721,173,3,1465.4189770998626,1,2,2,5
19722,17,9,3654.785643137902,5,5,5,15
19724,58,6,3836.5801421843453,3,4,5,12
19725,7,7,4622.864573360113,5,5,5,15
19726,74,4,2951.9086307256575,3,3,4,10
19727,23,9,4620.633885374544,4,5,5,14
19728,54,9,5428.247959722923,3,5,5,13
19730,19,7,4140.219206745581,5,5,5,15
19731,4,7,4979.844368695612,5,5,5,15
19733,61,9,5136.172279406251,3,5,5,13
19734,146,5,1637.7426156235094,1,4,2,7
19735,4,8,4917.564562879651,5,5,5,15
19736,94,6,2971.665739239429,2,4,4,10
19737,184,2,194.67054303750245,1,1,1,3
19738,86,5,2727.2060284273966,2,4,3,9
19739,130,4,1703.8343644464455,2,3,2,7
19740,78,6,3917.364090561663,2,4,5,11
19741,47,4,1121.457798522018,3,3,1,7
19742,104,6,2968.1561464267243,2,4,4,10
19743,11,2,871.27091991765,5,1,1,7
19744,42,4,2776.551800772359,4,3,4,11
19745,182,5,2082.2381748851108,1,4,2,7
19746,15,9,4435.099367630933,5,5,5,15
19747,56,5,1205.911815779949,3,4,1,8
19748,43,7,4268.3366941096565,4,5,5,14
19749,34,6,4135.475251939951,4,4,5,13
19750,5,6,1746.0280574829085,5,4,2,11
19751,30,3,884.4259930584368,4,2,1,7
19752,37,5,1897.8044402149944,4,4,2,10
19753,4,6,3208.414752953092,5,4,4,13
19754,74,3,2029.7651822267433,3,2,2,7
19755,89,4,1582.8029564430399,2,3,2,7
19756,3,3,2235.6846624458185,5,2,3,10
19757,9,9,4390.351002390766,5,5,5,15
19758,90,5,2018.7337381419643,2,4,2,8
19760,19,10,4194.700810128877,5,5,5,15
19761,202,3,2587.6232544803456,1,2,3,6
19762,279,3,1772.8804587779296,1,2,2,5
19763,110,8,3312.3511472019736,2,5,4,11
19764,91,5,2677.3427311476044,2,4,3,9
19765,112,7,2697.4338466840263,2,5,3,10
19766,22,11,5292.650586980163,4,5,5,14
19767,2,7,2289.6184693901337,5,5,3,13
19768,356,1,145.81992144400343,1,1,1,3
19769,138,8,4207.016050324998,1,5,5,11
19770,120,5,2902.9168685274653,2,4,4,10
19771,134,6,2920.2275157653366,1,4,4,9
19772,5,6,3586.958428875856,5,4,5,14
19773,170,3,1610.04655686982,1,2,2,5
19774,52,6,2566.7615820857413,3,4,3,10
19775,24,4,1951.428786210132,4,3,2,9
19776,113,6,4289.625975702101,2,4,5,11
19777,48,8,2858.727917711357,3,5,4,12
19778,81,5,2238.145043536188,2,4,3,9
19779,100,7,2989.351229445225,2,5,4,11
19780,25,7,2779.32520056487,4,5,4,13
19781,156,3,1147.5009737273283,1,2,1,4
19782,80,7,4039.0533121747467,2,5,5,12
19783,32,4,2477.3742131219424,4,3,3,10
19784,37,5,2929.0564870097814,4,4,4,12
19785,22,3,1715.6889277101523,4,2,2,8
19786,187,5,2997.5654439785603,1,4,4,9
19787,6,4,1932.850217704568,5,3,2,10
19788,23,5,2514.4705937842773,4,4,3,11
19789,10,7,3885.663200937288,5,5,5,15
19790,144,5,3495.492725522516,1,4,4,9
19791,145,4,2028.3088720108847,1,3,2,6
19792,188,4,1991.9216596336648,1,3,2,6
19793,239,2,1242.2517365614945,1,1,1,3
19794,14,6,3250.323467302658,5,4,4,13
19795,38,6,3181.1493880095995,4,4,4,12
19796,56,6,3958.4302698334764,3,4,5,12
19797,53,4,2261.4727549410472,3,3,3,9
19798,100,7,4085.3532242302613,2,5,5,12
19800,55,6,3131.385177048894,3,4,4,11
19801,2,6,3124.3102384914882,5,4,4,13
19802,291,1,843.1856206325499,1,1,1,3
19803,10,6,3876.1753173390866,5,4,5,14
19804,128,3,325.9769297150815,2,2,1,5
19805,135,5,2010.139592533834,1,4,2,7
19806,177,5,2842.7789936284803,1,4,4,9
19807,92,5,1871.7749583060881,2,4,2,8
19808,17,4,2127.9783372905345,5,3,3,11
19809,74,4,3199.838705645853,3,3,4,10
19810,146,3,1334.2855175552702,1,2,1,4
19811,59,4,2164.9909243023667,3,3,3,9
19812,11,5,1793.8291264287445,5,4,2,11
19813,47,6,4041.5551711479593,3,4,5,12
19814,173,8,3239.7058230752946,1,5,4,10
19815,63,6,3206.764831212743,3,4,4,11
19816,91,9,3431.3436143831395,2,5,4,11
19817,72,5,2462.3862183695883,3,4,3,10
19818,36,5,2138.3583732119178,4,4,3,11
19819,214,4,1377.6960850519301,1,3,1,5
19820,94,6,3656.973993874693,2,4,5,11
19821,34,4,1183.1370091309789,4,3,1,8
19822,41,8,4690.945068616958,4,5,5,14
19823,131,4,1785.0310619569043,2,3,2,7
19824,48,6,2795.9460934328304,3,4,4,11
19825,22,4,2144.3462488263044,4,3,3,10
19826,175,3,2676.2244279043107,1,2,3,6
19827,275,1,545.7569395418743,1,1,1,3
19828,24,4,2724.1494690664026,4,3,3,10
19829,23,6,2872.099181409969,4,4,4,12
19830,81,5,3079.452163082421,2,4,4,10
19831,18,3,995.9912425592352,5,2,1,8
19832,11,6,3544.526791025873,5,4,4,13
19833,15,5,2666.2747783010377,5,4,3,12
19834,162,3,1281.8444701633625,1,2,1,4
19835,115,5,2806.5265628141024,2,4,4,10
19836,239,3,1078.7172981112462,1,2,1,4
19837,17,6,2290.215608261506,5,4,3,12
19838,8,7,3037.945383080064,5,5,4,14
19839,158,5,4150.480263552494,1,4,5,10
19840,200,2,1270.3565343033401,1,1,1,3
19841,124,6,2930.8572870731286,2,4,4,10
19842,183,2,1352.348308697431,1,1,1,3
19843,52,2,947.0462210221077,3,1,1,5
19844,61,3,1027.1007902131637,3,2,1,6
19845,23,8,4467.724112783756,4,5,5,14
19847,13,7,4358.258079421141,5,5,5,15
19848,31,3,1782.009455683808,4,2,2,8
19849,8,7,2218.9284763579294,5,5,3,13
19850,130,4,1372.2024888414094,2,3,1,6
19851,28,4,2715.6418568041686,4,3,3,10
19852,11,3,2069.90714853805,5,2,2,9
19853,14,5,3034.696183682271,5,4,4,13
19854,190,4,2504.896287725547,1,3,3,7
19855,126,4,1953.9376321765058,2,3,2,7
19856,54,5,3134.031328002078,3,4,4,11
19857,54,3,1857.8659747023012,3,2,2,7
19858,246,6,3245.7685746268635,1,4,4,9
19859,6,5,2128.0927285057287,5,4,3,12
19860,99,4,3505.754597626768,2,3,4,9
19861,67,3,1080.0057759596887,3,2,1,6
19862,64,4,2862.163115168808,3,3,4,10
19863,52,5,3460.224711258663,3,4,4,11
19864,179,6,3566.027338235415,1,4,5,10
19865,57,7,3344.2561446044215,3,5,4,12
19866,10,4,1760.2487003776328,5,3,2,10
19867,25,7,3921.496411701093,4,5,5,14
19868,10,10,6558.0483331802925,5,5,5,15
19869,19,7,3958.93763297059,5,5,5,15
19870,86,4,3347.349704355742,2,3,4,9
19871,1,7,3692.5898436830403,5,5,5,15
19872,35,4,1618.5730373831234,4,3,2,9
19873,40,8,2713.3772868504257,4,5,3,12
19874,93,6,1884.7618408766612,2,4,2,8
19875,24,5,2268.490389999531,4,4,3,11
19876,50,3,1125.3468948268155,3,2,1,6
19877,37,8,3221.369549765311,4,5,4,13
19878,181,5,2876.061225639599,1,4,4,9
19879,39,4,2627.1318915345137,4,3,3,10
19880,213,7,2693.861415138592,1,5,3,9
19881,7,5,3339.7221451900614,5,4,4,13
19882,11,4,2621.3547999748307,5,3,3,11
19883,149,3,1281.6645270418574,1,2,1,4
19884,31,4,2509.6880652360524,4,3,3,10
19885,28,4,1759.495227948355,4,3,2,9
19886,31,8,3606.2702410335505,4,5,5,14
19887,175,3,2656.728597849604,1,2,3,6
19888,348,1,309.04067310953405,1,1,1,3
19889,14,8,3185.577604735613,5,5,4,14
19890,19,3,2172.1115528494925,5,2,3,10
19891,71,8,4678.267593973584,3,5,5,13
19892,153,3,1999.408798403993,1,2,2,5
19893,76,2,1149.209992611598,3,1,1,5
19894,101,6,3597.6456547296175,2,4,5,11
19895,58,9,3957.6563509316443,3,5,5,13
19896,150,6,3075.17955205622,1,4,4,9
19897,146,4,1643.5833803232372,1,3,2,6
19898,34,4,2631.4479770702237,4,3,3,10
19899,19,5,1983.645975806536,5,4,2,11
19900,64,6,2830.5049386400597,3,4,4,11
19901,176,8,4902.421313366747,1,5,5,11
19902,43,5,2596.839641052914,4,4,3,11
19903,63,1,92.85349421587924,3,1,1,5
19904,46,10,4264.78272216771,3,5,5,13
19905,76,6,3098.3324023685586,3,4,4,11
19906,15,6,2767.612371002597,5,4,4,13
19907,99,10,5147.401159461889,2,5,5,12
19908,28,8,4926.240599542489,4,5,5,14
19909,110,5,2149.1353568148375,2,4,3,9
19910,129,7,3315.207947380679,2,5,4,11
19911,183,5,3000.32305185806,1,4,4,9
19912,132,7,3239.789912848002,2,5,4,11
19913,63,5,2525.8513376699166,3,4,3,10
19914,78,6,3465.5016869187502,2,4,4,10
19915,153,7,3764.934018578311,1,5,5,11
19916,176,4,1388.4418035458855,1,3,1,5
19917,38,9,4200.289641711681,4,5,5,14
19918,16,10,5193.407981543686,5,5,5,15
19919,1,3,1227.3151667021164,5,2,1,8
19920,18,3,1465.762243486246,5,2,2,9
19921,16,5,2104.602282399058,5,4,3,12
19922,119,5,1834.611876044273,2,4,2,8
19923,82,3,1531.1092724975517,2,2,2,6
19924,79,7,3002.2601164298767,2,5,4,11
19925,10,5,1481.8138619737801,5,4,2,11
19926,187,5,2266.3726960808854,1,4,3,8
19927,39,7,3356.8001156020327,4,5,4,13
19928,61,2,682.3068832284105,3,1,1,5
19929,180,3,1051.8005096092363,1,2,1,4
19930,49,4,2207.839300485902,3,3,3,9
19931,101,3,694.4719484088621,2,2,1,5
19932,121,3,2284.9235932426,2,2,3,7
19934,12,7,3659.4276200236327,5,5,5,15
19935,222,2,1485.0254367906118,1,1,2,4
19936,23,3,964.9195544353647,4,2,1,7
19937,228,2,1023.2606203520454,1,1,1,3
19938,12,4,2855.890944511527,5,3,4,12
19939,31,3,1816.5271451845933,4,2,2,8
19940,151,5,2771.3277597727492,1,4,4,9
19941,13,7,3172.3652561887175,5,5,4,14
19942,16,8,3958.101291259658,5,5,5,15
19943,21,7,3270.347051289891,4,5,4,13
19944,10,6,2342.990408911902,5,4,3,12
19945,17,7,3430.6108011629667,5,5,4,14
19946,95,8,4546.662460020949,2,5,5,12
19947,208,2,1036.6076007393237,1,1,1,3
19948,38,5,2957.414222152793,4,4,4,12
19949,82,3,1504.934383124949,2,2,2,6
19950,41,9,5470.055430013655,4,5,5,14
19951,137,3,1456.396796671327,1,2,2,5
19952,3,6,3514.821186140547,5,4,4,13
19953,119,3,897.1659177010329,2,2,1,5
19954,51,8,3501.694492275052,3,5,4,12
19955,94,2,718.2918833076786,2,1,1,4
19956,48,3,1446.9058580064086,3,2,2,7
19957,83,4,1611.0335500983906,2,3,2,7
19958,37,3,2261.430595579033,4,2,3,9
19959,85,5,3851.555017707138,2,4,5,11
19960,27,9,3678.580650204983,4,5,5,14
19961,197,3,1171.037133163165,1,2,1,4
19962,119,3,1375.7342970626196,2,2,1,5
19963,233,3,1059.9674099453682,1,2,1,4
19964,56,7,3760.55096291888,3,5,5,13
19965,87,6,3244.15939381973,2,4,4,10
19966,17,10,3866.080106747815,5,5,5,15
19967,4,5,1802.5235038277995,5,4,2,11
19968,131,6,2974.025568279488,2,4,4,10
19969,43,9,4749.497857445337,4,5,5,14
19970,29,7,2613.2986568814044,4,5,3,12
19971,148,4,1402.5592426212218,1,3,1,5
19972,45,6,3097.515243296324,3,4,4,11
19973,186,4,934.6843952028552,1,3,1,5
19974,17,5,1988.6477414149813,5,4,2,11
19975,123,5,3320.9698048557875,2,4,4,10
19976,12,5,2311.342214503481,5,4,3,12
19977,113,2,1044.867764746341,2,1,1,4
19978,100,5,3587.240079770062,2,4,5,11
19979,129,5,1152.1941189876095,2,4,1,7
19980,102,7,3079.7238616253144,2,5,4,11
19981,36,6,3037.499821228569,4,4,4,12
19982,43,5,2503.5526205685037,4,4,3,11
19983,1,6,3146.142047364426,5,4,4,13
19984,43,4,2989.8822784722215,4,3,4,11
19985,67,6,2551.9616928956684,3,4,3,10
19986,325,2,1127.4158223908719,1,1,1,3
19987,186,2,714.9049315534228,1,1,1,3
19988,400,1,138.69173896102524,1,1,1,3
19989,43,6,2496.382918869278,4,4,3,11
19990,84,6,3019.5100236283065,2,4,4,10
19991,46,5,2934.1050772809476,3,4,4,11
19992,90,7,4583.1336803248,2,5,5,12
19993,13,6,3751.43739896785,5,4,5,14
19994,79,4,2092.496174391385,2,3,3,8
19995,117,3,2190.068955681437,2,2,3,7
19996,208,5,2287.611567620771,1,4,3,8
19997,18,4,2091.4880457084128,5,3,3,11
19998,109,3,1855.766727142794,2,2,2,6
19999,266,6,2669.0238308593043,1,4,3,8
20000,8,3,2421.930287540981,5,2,3,10
